focus,entity_type,source
A guide to clinical trials for cancer,disease,ADAM
A guide to herbal remedies,disease,ADAM
A1C test,disease,ADAM
Aarskog syndrome,disease,ADAM
Aase syndrome,disease,ADAM
Abdomen - swollen,disease,ADAM
Abdominal aortic aneurysm,disease,ADAM
Abdominal aortic aneurysm repair - open,disease,ADAM
Abdominal aortic aneurysm repair - open - discharge,disease,ADAM
Abdominal bloating,disease,ADAM
Abdominal CT scan,disease,ADAM
Abdominal exploration,disease,ADAM
Abdominal girth,disease,ADAM
Abdominal mass,disease,ADAM
Abdominal MRI scan,disease,ADAM
Abdominal pain,disease,ADAM
Abdominal pain - children under age 12,disease,ADAM
Abdominal radiation - discharge,disease,ADAM
Abdominal rigidity,disease,ADAM
Abdominal sounds,disease,ADAM
Abdominal tap,disease,ADAM
Abdominal thrusts,disease,ADAM
Abdominal ultrasound,disease,ADAM
Abdominal wall fat pad biopsy,disease,ADAM
Abdominal wall surgery,disease,ADAM
Abdominal x-ray,disease,ADAM
ABO incompatibility,disease,ADAM
Abortion - medical,disease,ADAM
Abortion - surgical,disease,ADAM
Abortion - surgical - aftercare,disease,ADAM
Abscess,disease,ADAM
Abscess - abdomen or pelvis,disease,ADAM
Abscess scan - radioactive,disease,ADAM
Absence seizure,disease,ADAM
Absent pulmonary valve,disease,ADAM
Acanthosis nigricans,disease,ADAM
ACE blood test,disease,ADAM
ACE inhibitors,disease,ADAM
Acetaminophen and codeine overdose,disease,ADAM
Acetaminophen dosing for children,disease,ADAM
Acetaminophen overdose,disease,ADAM
Acetone poisoning,disease,ADAM
Acetylcholine receptor antibody,disease,ADAM
Achalasia,disease,ADAM
Aches and pains during pregnancy,disease,ADAM
Achilles tendinitis,disease,ADAM
Achilles tendon repair,disease,ADAM
Achilles tendon rupture - aftercare,disease,ADAM
Achondrogenesis,disease,ADAM
Achondroplasia,disease,ADAM
Acid loading test (pH),disease,ADAM
Acid mucopolysaccharides,disease,ADAM
Acid soldering flux poisoning,disease,ADAM
Acid-fast stain,disease,ADAM
Acidosis,disease,ADAM
ACL reconstruction,disease,ADAM
ACL reconstruction - discharge,disease,ADAM
Acne,disease,ADAM
Acne - self-care,disease,ADAM
Acoustic neuroma,disease,ADAM
Acoustic trauma,disease,ADAM
Acquired platelet function defect,disease,ADAM
Acrodermatitis,disease,ADAM
Acrodysostosis,disease,ADAM
Acromegaly,disease,ADAM
ACTH (cosyntropin) stimulation test,disease,ADAM
ACTH blood test,disease,ADAM
Actinic keratosis,disease,ADAM
Actinomycosis,disease,ADAM
Acute,disease,ADAM
Acute adrenal crisis,disease,ADAM
Acute arterial occlusion - kidney,disease,ADAM
Acute cerebellar ataxia,disease,ADAM
Acute cholecystitis,disease,ADAM
Acute coronary syndrome,disease,ADAM
Acute cytomegalovirus (CMV) infection,disease,ADAM
Acute kidney failure,disease,ADAM
Acute lymphoblastic leukemia (ALL),disease,ADAM
Acute mountain sickness,disease,ADAM
Acute myelogenous leukemia (AML) - children,disease,ADAM
Acute myeloid leukemia,disease,ADAM
Acute nephritic syndrome,disease,ADAM
Acute pancreatitis,disease,ADAM
Acute respiratory distress syndrome,disease,ADAM
Acute tubular necrosis,disease,ADAM
Addison disease,disease,ADAM
Adenoid removal,disease,ADAM
Adenomyosis,disease,ADAM
Adhesion,disease,ADAM
Adjustment disorder,disease,ADAM
Adolescent development,disease,ADAM
Adolescent test or procedure preparation,disease,ADAM
Adrenal glands,disease,ADAM
Adrenalectomy,disease,ADAM
Adrenergic bronchodilator overdose,disease,ADAM
Adrenocortical carcinoma,disease,ADAM
Adrenoleukodystrophy,disease,ADAM
Adult soft tissue sarcoma,disease,ADAM
Adult Still's disease,disease,ADAM
Advance care directives,disease,ADAM
Aerobic,disease,ADAM
Aerobic bacteria,disease,ADAM
Aflatoxin,disease,ADAM
After a C-section - in the hospital,disease,ADAM
After a fall in the hospital,disease,ADAM
After an exposure to sharps or body fluids,disease,ADAM
After chemotherapy - discharge,disease,ADAM
After vaginal delivery - in the hospital,disease,ADAM
Aftershave poisoning,disease,ADAM
Agammaglobulinemia,disease,ADAM
Age-related hearing loss,disease,ADAM
Aging changes in body shape,disease,ADAM
Aging changes in hair and nails,disease,ADAM
Aging changes in hormone production,disease,ADAM
Aging changes in immunity,disease,ADAM
Aging changes in organs - tissue - cells,disease,ADAM
Aging changes in skin,disease,ADAM
Aging changes in sleep,disease,ADAM
Aging changes in the bones - muscles - joints,disease,ADAM
Aging changes in the breast,disease,ADAM
Aging changes in the face,disease,ADAM
Aging changes in the female reproductive system,disease,ADAM
Aging changes in the heart and blood vessels,disease,ADAM
Aging changes in the kidneys and bladder,disease,ADAM
Aging changes in the lungs,disease,ADAM
Aging changes in the male reproductive system,disease,ADAM
Aging changes in the nervous system,disease,ADAM
Aging changes in the senses,disease,ADAM
Aging changes in vital signs,disease,ADAM
Aging spots -- should you be concerned?,disease,ADAM
Agitation,disease,ADAM
Agoraphobia,disease,ADAM
Agranulocytosis,disease,ADAM
Aicardi syndrome,disease,ADAM
AIDS - resources,disease,ADAM
Alanine transaminase (ALT) blood test,disease,ADAM
Albinism,disease,ADAM
Albumin - blood (serum) test,disease,ADAM
Alcohol and pregnancy,disease,ADAM
Alcohol use and safe drinking,disease,ADAM
Alcohol use disorder,disease,ADAM
Alcohol withdrawal,disease,ADAM
Alcoholic ketoacidosis,disease,ADAM
Alcoholic liver disease,disease,ADAM
Alcoholic neuropathy,disease,ADAM
Alcoholism - resources,disease,ADAM
Aldolase blood test,disease,ADAM
Aldosterone blood test,disease,ADAM
Alertness - decreased,disease,ADAM
Alkalosis,disease,ADAM
Alkaptonuria,disease,ADAM
Allergen,disease,ADAM
Allergic conjunctivitis,disease,ADAM
Allergic reactions,disease,ADAM
Allergic rhinitis,disease,ADAM
Allergic rhinitis - self-care,disease,ADAM
Allergic rhinitis - what to ask your doctor - adult,disease,ADAM
Allergic rhinitis - what to ask your doctor - child,disease,ADAM
Allergies,disease,ADAM
"Allergies, asthma, and dust",disease,ADAM
"Allergies, asthma, and molds",disease,ADAM
"Allergies, asthma, and pollen",disease,ADAM
Allergy shots,disease,ADAM
Allergy testing - skin,disease,ADAM
Aloe,disease,ADAM
Alopecia areata,disease,ADAM
ALP - blood test,disease,ADAM
ALP isoenzyme test,disease,ADAM
Alpha fetoprotein,disease,ADAM
Alpha-1 antitrypsin deficiency,disease,ADAM
Alpha-1 antitrypsin test,disease,ADAM
Alport syndrome,disease,ADAM
ALS - resources,disease,ADAM
Alstrm syndrome,disease,ADAM
Alternative medicine - pain relief,disease,ADAM
Alveolar abnormalities,disease,ADAM
Alzheimer - resources,disease,ADAM
Alzheimer disease,disease,ADAM
Am I in labor?,disease,ADAM
Amaurosis fugax,disease,ADAM
Ambiguous genitalia,disease,ADAM
Amblyopia,disease,ADAM
Amebiasis,disease,ADAM
Amebic liver abscess,disease,ADAM
Amelogenesis imperfecta,disease,ADAM
Amenorrhea - primary,disease,ADAM
Amino acids,disease,ADAM
Aminoaciduria,disease,ADAM
Aminophylline overdose,disease,ADAM
Amitriptyline and perphenazine overdose,disease,ADAM
Amitriptyline hydrochloride overdose,disease,ADAM
Ammonia blood test,disease,ADAM
Ammonia poisoning,disease,ADAM
Ammonium hydroxide poisoning,disease,ADAM
Amniocentesis,disease,ADAM
Amniotic constriction bands,disease,ADAM
Amniotic fluid,disease,ADAM
Amputation - traumatic,disease,ADAM
Amylase - blood,disease,ADAM
Amylase - urine,disease,ADAM
Amyotrophic lateral sclerosis,disease,ADAM
Anaerobic,disease,ADAM
Anaerobic bacteria,disease,ADAM
Anal cancer,disease,ADAM
Anal fissure,disease,ADAM
Anal itching - self-care,disease,ADAM
Analgesic nephropathy,disease,ADAM
Anaphylaxis,disease,ADAM
Anaplastic thyroid cancer,disease,ADAM
Anastomosis,disease,ADAM
Androgen insensitivity syndrome,disease,ADAM
Anemia,disease,ADAM
Anemia - B12 deficiency,disease,ADAM
Anemia caused by low iron - children,disease,ADAM
Anemia caused by low iron - infants and toddlers,disease,ADAM
Anemia of chronic disease,disease,ADAM
Anencephaly,disease,ADAM
Anesthesia - what to ask your doctor - adult,disease,ADAM
Anesthesia - what to ask your doctor - child,disease,ADAM
Aneurysm,disease,ADAM
Aneurysm in the brain,disease,ADAM
Angelman syndrome,disease,ADAM
Angina,disease,ADAM
Angina - discharge,disease,ADAM
Angina - what to ask your doctor,disease,ADAM
Angina - when you have chest pain,disease,ADAM
Angiodysplasia of the colon,disease,ADAM
Angioedema,disease,ADAM
Angioplasty and stent - heart - discharge,disease,ADAM
Angioplasty and stent placement - carotid artery,disease,ADAM
Angioplasty and stent placement - carotid artery - discharge,disease,ADAM
Angioplasty and stent placement - heart,disease,ADAM
Angioplasty and stent placement - peripheral arteries - discharge,disease,ADAM
Angioplasty and stent placement -- peripheral arteries,disease,ADAM
Animal bites - self-care,disease,ADAM
Anisocoria,disease,ADAM
Ankle arthroscopy,disease,ADAM
Ankle fracture - aftercare,disease,ADAM
Ankle pain,disease,ADAM
Ankle replacement,disease,ADAM
Ankle replacement - discharge,disease,ADAM
Ankle sprain - aftercare,disease,ADAM
Ankylosing spondylitis,disease,ADAM
Annular pancreas,disease,ADAM
Anomalous left coronary artery from the pulmonary artery,disease,ADAM
Anorchia,disease,ADAM
Anorectal abscess,disease,ADAM
Anorexia nervosa,disease,ADAM
Anoscopy,disease,ADAM
Anterior,disease,ADAM
Anterior cruciate ligament (ACL) injury,disease,ADAM
Anterior cruciate ligament (ACL) injury - aftercare,disease,ADAM
Anterior knee pain,disease,ADAM
Anterior vaginal wall repair,disease,ADAM
Anthrax,disease,ADAM
Anthrax blood test,disease,ADAM
Anti-DNase B blood test,disease,ADAM
Anti-glomerular basement membrane blood test,disease,ADAM
Anti-insulin antibody test,disease,ADAM
Anti-reflux surgery,disease,ADAM
Anti-reflux surgery - children,disease,ADAM
Anti-reflux surgery - children - discharge,disease,ADAM
Anti-reflux surgery - discharge,disease,ADAM
Anti-rust product poisoning,disease,ADAM
Anti-smooth muscle antibody,disease,ADAM
Antibody,disease,ADAM
Antibody titer,disease,ADAM
Anticoagulant rodenticides poisoning,disease,ADAM
Antidiarrheal drug overdose,disease,ADAM
Antidiuretic hormone blood test,disease,ADAM
Antifreeze poisoning,disease,ADAM
Antigen,disease,ADAM
Antihistamines for allergies,disease,ADAM
Antimitochondrial antibody,disease,ADAM
Antinuclear antibody panel,disease,ADAM
Antiparietal cell antibody test,disease,ADAM
Antisocial personality disorder,disease,ADAM
Antistreptolysin O titer,disease,ADAM
Antithrombin III blood test,disease,ADAM
Antithyroglobulin antibody,disease,ADAM
Antithyroid microsomal antibody,disease,ADAM
Aortic aneurysm repair - endovascular,disease,ADAM
Aortic aneurysm repair - endovascular - discharge,disease,ADAM
Aortic angiography,disease,ADAM
Aortic arch syndrome,disease,ADAM
Aortic dissection,disease,ADAM
Aortic insufficiency,disease,ADAM
Aortic stenosis,disease,ADAM
Aortic valve surgery - minimally invasive,disease,ADAM
Aortic valve surgery - open,disease,ADAM
Aortopulmonary window,disease,ADAM
Apert syndrome,disease,ADAM
Apgar score,disease,ADAM
Aplastic,disease,ADAM
Aplastic anemia,disease,ADAM
Apnea of prematurity,disease,ADAM
Apolipoprotein B100,disease,ADAM
Apolipoprotein CII,disease,ADAM
Apoplexy,disease,ADAM
Appendectomy,disease,ADAM
Appendicitis,disease,ADAM
Appetite - decreased,disease,ADAM
Appetite - increased,disease,ADAM
Appropriate for gestational age (AGA),disease,ADAM
Apraxia,disease,ADAM
Arachnodactyly,disease,ADAM
Are You Getting Too Much Exercise?,disease,ADAM
Arm CT scan,disease,ADAM
Arm MRI scan,disease,ADAM
Armpit lump,disease,ADAM
Arrhenoblastoma of ovary,disease,ADAM
Arrhythmias,disease,ADAM
Arterial embolism,disease,ADAM
Arterial insufficiency,disease,ADAM
Arterial stick,disease,ADAM
Arteriogram,disease,ADAM
Arthritis,disease,ADAM
Arthritis - resources,disease,ADAM
Asbestosis,disease,ADAM
Ascariasis,disease,ADAM
Ascites,disease,ADAM
Asherman syndrome,disease,ADAM
Aspartate aminotransferase (AST) blood test,disease,ADAM
Aspartic acid,disease,ADAM
Asperger syndrome,disease,ADAM
Aspergillosis,disease,ADAM
Aspergillosis precipitin,disease,ADAM
Asphalt cement poisoning,disease,ADAM
Aspiration,disease,ADAM
Aspiration pneumonia,disease,ADAM
Aspirin and heart disease,disease,ADAM
Aspirin overdose,disease,ADAM
Assisted delivery with forceps,disease,ADAM
Asthma,disease,ADAM
Asthma - child - discharge,disease,ADAM
Asthma - children,disease,ADAM
Asthma - control drugs,disease,ADAM
Asthma - quick-relief drugs,disease,ADAM
Asthma - what to ask the doctor - adult,disease,ADAM
Asthma - what to ask your doctor - child,disease,ADAM
Asthma and allergy - resources,disease,ADAM
Asthma and school,disease,ADAM
Astigmatism,disease,ADAM
Asymptomatic,disease,ADAM
Asymptomatic bacteriuria,disease,ADAM
Asymptomatic HIV infection,disease,ADAM
Ataxia - telangiectasia,disease,ADAM
Atelectasis,disease,ADAM
Atheroembolic renal disease,disease,ADAM
Athlete's foot,disease,ADAM
Atopic dermatitis,disease,ADAM
Atopic dermatitis - self-care,disease,ADAM
Atrial fibrillation - discharge,disease,ADAM
Atrial fibrillation or flutter,disease,ADAM
Atrial myxoma,disease,ADAM
Atrial septal defect (ASD),disease,ADAM
Attention deficit hyperactivity disorder,disease,ADAM
Atypical pneumonia,disease,ADAM
Audiometry,disease,ADAM
Aural polyps,disease,ADAM
Auscultation,disease,ADAM
Autism - resources,disease,ADAM
Autism spectrum disorder,disease,ADAM
Autoerythrocyte sensitivity,disease,ADAM
Autoimmune disorders,disease,ADAM
Autoimmune hepatitis,disease,ADAM
Autoimmune liver disease panel,disease,ADAM
Autoinoculation,disease,ADAM
Automatic dishwasher soap poisoning,disease,ADAM
Autonomic hyperreflexia,disease,ADAM
Autonomic neuropathy,disease,ADAM
Autosomal dominant,disease,ADAM
Autosomal recessive,disease,ADAM
Avian influenza,disease,ADAM
Avoidant personality disorder,disease,ADAM
Axillary nerve dysfunction,disease,ADAM
B and T cell screen,disease,ADAM
B-cell leukemia/lymphoma panel,disease,ADAM
Babies and heat rashes,disease,ADAM
Babies and shots,disease,ADAM
Babinski reflex,disease,ADAM
Baby supplies you need,disease,ADAM
Bacitracin overdose,disease,ADAM
Bacitracin zinc overdose,disease,ADAM
Back pain - returning to work,disease,ADAM
Back pain - when you see the doctor,disease,ADAM
Back pain and sports,disease,ADAM
Bacterial gastroenteritis,disease,ADAM
Bacterial vaginosis - aftercare,disease,ADAM
BAER - brainstem auditory evoked response,disease,ADAM
Bakers cyst,disease,ADAM
Baking powder overdose,disease,ADAM
Baking soda overdose,disease,ADAM
Balanitis,disease,ADAM
Barbiturate intoxication and overdose,disease,ADAM
Barium enema,disease,ADAM
Barrett esophagus,disease,ADAM
Bartholin cyst or abscess,disease,ADAM
Bartter syndrome,disease,ADAM
Basal cell skin cancer,disease,ADAM
Basal ganglia dysfunction,disease,ADAM
Basic metabolic panel,disease,ADAM
Bassen-Kornzweig syndrome,disease,ADAM
Bathing a patient in bed,disease,ADAM
Bathing an infant,disease,ADAM
Bathroom safety - adults,disease,ADAM
Bathroom safety - children,disease,ADAM
Becker muscular dystrophy,disease,ADAM
Beckwith-Wiedemann syndrome,disease,ADAM
Bed rest during pregnancy,disease,ADAM
Bedtime habits,disease,ADAM
Bedwetting,disease,ADAM
Bee poison,disease,ADAM
Beeswax poisoning,disease,ADAM
Being active after your heart attack,disease,ADAM
Being active when you have heart disease,disease,ADAM
Belching,disease,ADAM
Bell's palsy,disease,ADAM
Bence-Jones protein - quantitative,disease,ADAM
Benefits of breastfeeding,disease,ADAM
Benefits of quitting tobacco,disease,ADAM
Benign,disease,ADAM
Benign ear cyst or tumor,disease,ADAM
Benign positional vertigo,disease,ADAM
Benign positional vertigo - aftercare,disease,ADAM
Benign prostate hyperplasia (BPH) - resources,disease,ADAM
Benzene poisoning,disease,ADAM
Beriberi,disease,ADAM
Bernstein test,disease,ADAM
Beta blockers overdose,disease,ADAM
Beta-carotene blood test,disease,ADAM
Bezoar,disease,ADAM
Bicuspid aortic valve,disease,ADAM
Bicycle safety,disease,ADAM
Bilateral hydronephrosis,disease,ADAM
Bile,disease,ADAM
Bile acid sequestrants for cholesterol,disease,ADAM
Bile culture,disease,ADAM
Bile duct obstruction,disease,ADAM
Bili lights,disease,ADAM
Biliary atresia,disease,ADAM
Biliary stricture,disease,ADAM
Biliary system,disease,ADAM
Bilirubin - urine,disease,ADAM
Bilirubin blood test,disease,ADAM
Bilirubin encephalopathy,disease,ADAM
Binge eating disorder,disease,ADAM
Biofeedback,disease,ADAM
Biopsy,disease,ADAM
Biopsy - biliary tract,disease,ADAM
Biopsy - polyps,disease,ADAM
Bipolar disorder,disease,ADAM
Birth control - slow release methods,disease,ADAM
Birth control and family planning,disease,ADAM
Birth control pill overdose,disease,ADAM
Birth control pills - combination,disease,ADAM
Birth control pills - overview,disease,ADAM
Birth control pills - progestin only,disease,ADAM
Birthmarks - pigmented,disease,ADAM
Birthmarks - red,disease,ADAM
Black nightshade poisoning,disease,ADAM
Black widow spider,disease,ADAM
Blackheads,disease,ADAM
Bladder biopsy,disease,ADAM
Bladder cancer,disease,ADAM
Bladder exstrophy repair,disease,ADAM
Bladder outlet obstruction,disease,ADAM
Bladder stones,disease,ADAM
Bland diet,disease,ADAM
Blastomycosis,disease,ADAM
Bleeding,disease,ADAM
Bleeding disorders,disease,ADAM
Bleeding during cancer treatment,disease,ADAM
Bleeding esophageal varices,disease,ADAM
Bleeding gums,disease,ADAM
Bleeding into the skin,disease,ADAM
Bleeding time,disease,ADAM
Blepharitis,disease,ADAM
Blind loop syndrome,disease,ADAM
Blindness - resources,disease,ADAM
Blindness and vision loss,disease,ADAM
Blockage of upper airway,disease,ADAM
Blocked tear duct,disease,ADAM
Blood clots,disease,ADAM
Blood culture,disease,ADAM
Blood differential test,disease,ADAM
Blood donation before surgery,disease,ADAM
Blood gases,disease,ADAM
Blood in the semen,disease,ADAM
Blood pressure measurement,disease,ADAM
Blood pressure monitors for home,disease,ADAM
Blood smear,disease,ADAM
Blood sugar test - blood,disease,ADAM
Blood transfusions,disease,ADAM
Blood typing,disease,ADAM
Bloodborne pathogens,disease,ADAM
Bloody or tarry stools,disease,ADAM
Blount disease,disease,ADAM
Blue nightshade poisoning,disease,ADAM
Body lice,disease,ADAM
Body mass index,disease,ADAM
Body temperature norms,disease,ADAM
Boils,disease,ADAM
Bonding with your newborn,disease,ADAM
Bone graft,disease,ADAM
Bone lesion biopsy,disease,ADAM
Bone marrow (stem cell) donation,disease,ADAM
Bone marrow aspiration,disease,ADAM
Bone marrow biopsy,disease,ADAM
Bone marrow culture,disease,ADAM
Bone marrow transplant,disease,ADAM
Bone marrow transplant - discharge,disease,ADAM
Bone mineral density test,disease,ADAM
Bone pain or tenderness,disease,ADAM
Bone scan,disease,ADAM
Bone tumor,disease,ADAM
Bone x-ray,disease,ADAM
Borderline personality disorder,disease,ADAM
Boric acid poisoning,disease,ADAM
Botulinum toxin injection - larynx,disease,ADAM
Botulism,disease,ADAM
Bowel incontinence,disease,ADAM
Bowel retraining,disease,ADAM
Bowel transit time,disease,ADAM
Bowlegs,disease,ADAM
Brachial plexopathy,disease,ADAM
Brachial plexus,disease,ADAM
Brachial plexus injury in newborns,disease,ADAM
Brain abscess,disease,ADAM
Brain aneurysm repair,disease,ADAM
Brain aneurysm repair - discharge,disease,ADAM
Brain herniation,disease,ADAM
Brain injury - discharge,disease,ADAM
Brain natriuretic peptide test,disease,ADAM
Brain PET scan,disease,ADAM
Brain radiation - discharge,disease,ADAM
Brain surgery,disease,ADAM
Brain surgery - discharge,disease,ADAM
Brain tumor - children,disease,ADAM
Brain tumor - primary - adults,disease,ADAM
Branchial cleft cyst,disease,ADAM
BRCA1 and BRCA2 gene testing,disease,ADAM
Break the Bonds of Emotional Eating,disease,ADAM
Breast augmentation surgery,disease,ADAM
Breast biopsy - stereotactic,disease,ADAM
Breast biopsy - ultrasound,disease,ADAM
Breast cancer,disease,ADAM
Breast cancer in men,disease,ADAM
Breast cancer screenings,disease,ADAM
Breast cancer staging,disease,ADAM
Breast enlargement in males,disease,ADAM
Breast infection,disease,ADAM
Breast lift,disease,ADAM
Breast lump,disease,ADAM
Breast lump removal,disease,ADAM
Breast milk - pumping and storing,disease,ADAM
Breast milk jaundice,disease,ADAM
Breast MRI scan,disease,ADAM
Breast pain,disease,ADAM
Breast PET scan,disease,ADAM
Breast radiation - discharge,disease,ADAM
Breast reconstruction - implants,disease,ADAM
Breast reconstruction - natural tissue,disease,ADAM
Breast reduction,disease,ADAM
Breast self-exam,disease,ADAM
Breast skin and nipple changes,disease,ADAM
Breast ultrasound,disease,ADAM
Breastfeeding - resources,disease,ADAM
Breastfeeding - self-care,disease,ADAM
Breastfeeding - skin and nipple changes,disease,ADAM
Breastfeeding vs. Formula Feeding,disease,ADAM
Breath alcohol test,disease,ADAM
Breath holding spell,disease,ADAM
Breath odor,disease,ADAM
Breath sounds,disease,ADAM
Breathing - slowed or stopped,disease,ADAM
Breathing difficulties - first aid,disease,ADAM
Breathing difficulty,disease,ADAM
Breathing difficulty - lying down,disease,ADAM
Breech birth,disease,ADAM
Brief psychotic disorder,disease,ADAM
Bringing your child to visit a very ill sibling,disease,ADAM
Broad nasal bridge,disease,ADAM
Broken bone,disease,ADAM
Broken collarbone - aftercare,disease,ADAM
Broken kneecap - aftercare,disease,ADAM
Broken or knocked out tooth,disease,ADAM
Broken toe - self-care,disease,ADAM
Brompheniramine overdose,disease,ADAM
Bronchiectasis,disease,ADAM
Bronchiolitis,disease,ADAM
Bronchiolitis - discharge,disease,ADAM
Bronchitis - acute,disease,ADAM
Bronchopulmonary dysplasia,disease,ADAM
Bronchoscopic culture,disease,ADAM
Bronchoscopy,disease,ADAM
Brown recluse spider,disease,ADAM
Brucellosis,disease,ADAM
Bruise,disease,ADAM
Brushing Your Childs Teeth,disease,ADAM
Bruxism,disease,ADAM
Bubble bath soap poisoning,disease,ADAM
Buccal smear,disease,ADAM
Bug repellent safety,disease,ADAM
Bug spray poisoning,disease,ADAM
Bulimia,disease,ADAM
Bullae,disease,ADAM
Bullous pemphigoid,disease,ADAM
BUN - blood test,disease,ADAM
Bunion removal,disease,ADAM
Bunion removal - discharge,disease,ADAM
Bunions,disease,ADAM
Burkitt lymphoma,disease,ADAM
Burns,disease,ADAM
Burns - resources,disease,ADAM
Bursitis,disease,ADAM
Bursitis of the heel,disease,ADAM
Butazolidin overdose,disease,ADAM
"Butter, margarine, and cooking oils",disease,ADAM
Button batteries,disease,ADAM
Buying and Caring for Baby Bottles and Nipples,disease,ADAM
Byssinosis,disease,ADAM
C-reactive protein,disease,ADAM
C-section,disease,ADAM
C1 esterase inhibitor,disease,ADAM
CA-125 blood test,disease,ADAM
Caffeine in the diet,disease,ADAM
Caffeine overdose,disease,ADAM
Caladium plant poisoning,disease,ADAM
Calcification,disease,ADAM
Calcitonin blood test,disease,ADAM
Calcium - ionized,disease,ADAM
Calcium - urine,disease,ADAM
Calcium and bones,disease,ADAM
Calcium blood test,disease,ADAM
Calcium carbonate overdose,disease,ADAM
Calcium carbonate with magnesium overdose,disease,ADAM
Calcium channel blocker overdose,disease,ADAM
Calcium hydroxide poisoning,disease,ADAM
Calcium in diet,disease,ADAM
Calcium pyrophosphate arthritis,disease,ADAM
Calcium supplements,disease,ADAM
"Calcium, vitamin D, and your bones",disease,ADAM
Calla lily,disease,ADAM
Caloric stimulation,disease,ADAM
Calorie count - Alcoholic beverages,disease,ADAM
Calorie count - Fast food,disease,ADAM
Calorie count - sodas and energy drinks,disease,ADAM
Campho-Phenique overdose,disease,ADAM
Camphor overdose,disease,ADAM
Campylobacter infection,disease,ADAM
Campylobacter serology test,disease,ADAM
Can you boost your metabolism?,disease,ADAM
Canavan disease,disease,ADAM
Cancer,disease,ADAM
Cancer - penis,disease,ADAM
Cancer - renal pelvis or ureter,disease,ADAM
Cancer - resources,disease,ADAM
Cancer - vulva,disease,ADAM
Cancer and lymph nodes,disease,ADAM
Cancer prevention: take charge of your lifestyle,disease,ADAM
Cancer treatment - early menopause,disease,ADAM
Cancer treatment: dealing with hot flashes and night sweats,disease,ADAM
Cancer treatment: dealing with pain,disease,ADAM
Cancer treatment: fertility and sexual side effects in women,disease,ADAM
Cancer treatment: preventing infection,disease,ADAM
Cancer treatments,disease,ADAM
Candida infection of the skin,disease,ADAM
Candles poisoning,disease,ADAM
Canker sore,disease,ADAM
Cant sleep? Try these tips,disease,ADAM
Capillary nail refill test,disease,ADAM
Capillary sample,disease,ADAM
Caplan syndrome,disease,ADAM
Capsule endoscopy,disease,ADAM
Caput succedaneum,disease,ADAM
Carbohydrates,disease,ADAM
Carbolic acid poisoning,disease,ADAM
Carbon monoxide poisoning,disease,ADAM
Carbuncle,disease,ADAM
Carcinoid syndrome,disease,ADAM
Cardiac ablation procedures,disease,ADAM
Cardiac amyloidosis,disease,ADAM
Cardiac arrest,disease,ADAM
Cardiac catheterization,disease,ADAM
Cardiac catheterization - discharge,disease,ADAM
Cardiac glycoside overdose,disease,ADAM
Cardiac rehabilitation,disease,ADAM
Cardiac tamponade,disease,ADAM
Cardiogenic shock,disease,ADAM
Cardiomyopathy,disease,ADAM
Cardiovascular,disease,ADAM
Cardioversion,disease,ADAM
Caring for muscle spasticity or spasms,disease,ADAM
Carotid artery disease,disease,ADAM
Carotid artery stenosis - self-care,disease,ADAM
Carotid artery surgery,disease,ADAM
Carotid artery surgery - discharge,disease,ADAM
Carotid duplex,disease,ADAM
Carpal tunnel biopsy,disease,ADAM
Carpal tunnel release,disease,ADAM
Carpal tunnel syndrome,disease,ADAM
Carrying angle of the elbow - excessive,disease,ADAM
Castor oil overdose,disease,ADAM
Cat-scratch disease,disease,ADAM
Cataract - adult,disease,ADAM
Cataract removal,disease,ADAM
Cataracts - what to ask your doctor,disease,ADAM
Catecholamine blood test,disease,ADAM
Catecholamines - urine,disease,ADAM
Caterpillars,disease,ADAM
Catheter-related UTI,disease,ADAM
Caulking compound poisoning,disease,ADAM
Causes and risks for obesity - children,disease,ADAM
Cavernous sinus thrombosis,disease,ADAM
CBC blood test,disease,ADAM
CEA blood test,disease,ADAM
Cedar leaf oil poisoning,disease,ADAM
Celiac disease - nutritional considerations,disease,ADAM
Celiac disease - resources,disease,ADAM
Celiac disease - sprue,disease,ADAM
Cell phones and cancer,disease,ADAM
Cellulite,disease,ADAM
Cellulitis,disease,ADAM
Centipede,disease,ADAM
Central line infections - hospitals,disease,ADAM
Central nervous system,disease,ADAM
Central pontine myelinolysis,disease,ADAM
Central serous choroidopathy,disease,ADAM
Central sleep apnea,disease,ADAM
Central venous catheter - dressing change,disease,ADAM
Central venous catheter - flushing,disease,ADAM
Central venous catheters - ports,disease,ADAM
Central venous line - infants,disease,ADAM
Cerebral amyloid angiopathy,disease,ADAM
Cerebral angiography,disease,ADAM
Cerebral arteriovenous malformation,disease,ADAM
Cerebral hypoxia,disease,ADAM
Cerebral palsy,disease,ADAM
Cerebral palsy - resources,disease,ADAM
Cerebral spinal fluid (CSF) collection,disease,ADAM
Cerebrospinal fluid culture,disease,ADAM
Certified nurse-midwife,disease,ADAM
Ceruloplasmin blood test,disease,ADAM
Cervical cancer,disease,ADAM
Cervical cancer - screening and prevention,disease,ADAM
Cervical dysplasia,disease,ADAM
Cervical MRI scan,disease,ADAM
Cervical polyps,disease,ADAM
Cervical spine CT scan,disease,ADAM
Cervical spondylosis,disease,ADAM
Cervicitis,disease,ADAM
Cervix,disease,ADAM
Cervix cryosurgery,disease,ADAM
Chafing,disease,ADAM
Chagas disease,disease,ADAM
Chalazion,disease,ADAM
Chancroid,disease,ADAM
Changes in the newborn at birth,disease,ADAM
Changing your ostomy pouch,disease,ADAM
Changing your sleep habits,disease,ADAM
Changing your urostomy pouch,disease,ADAM
Chapped hands,disease,ADAM
Chapped lips,disease,ADAM
Charcot-Marie-Tooth disease,disease,ADAM
Charley horse,disease,ADAM
Chediak-Higashi syndrome,disease,ADAM
Chemical burn or reaction,disease,ADAM
Chemical dependence - resources,disease,ADAM
Chemical pneumonitis,disease,ADAM
Chemosis,disease,ADAM
Chemotherapy,disease,ADAM
Chemotherapy - what to ask your doctor,disease,ADAM
Cherry angioma,disease,ADAM
Chest MRI,disease,ADAM
Chest pain,disease,ADAM
Chest radiation - discharge,disease,ADAM
Chest tube insertion,disease,ADAM
Chest x-ray,disease,ADAM
Chicken soup and sickness,disease,ADAM
Chickenpox,disease,ADAM
Chickenpox (varicella) vaccine - what you need to know,disease,ADAM
Chiggers,disease,ADAM
Chikungunya virus,disease,ADAM
Child abuse - physical,disease,ADAM
Child neglect and emotional abuse,disease,ADAM
Child safety seats,disease,ADAM
Childhood disintegrative disorder,disease,ADAM
Children and grief,disease,ADAM
Children's cancer centers,disease,ADAM
Chills,disease,ADAM
Chin augmentation,disease,ADAM
Chinese restaurant syndrome,disease,ADAM
Chiropractic care for back pain,disease,ADAM
Chiropractor profession,disease,ADAM
Chlamydia,disease,ADAM
Chlamydia infections in women,disease,ADAM
Chlamydial infections - male,disease,ADAM
Chlordiazepoxide overdose,disease,ADAM
Chloride - urine test,disease,ADAM
Chloride in diet,disease,ADAM
Chloride test - blood,disease,ADAM
Chlorinated lime poisoning,disease,ADAM
Chlorine poisoning,disease,ADAM
Chlorophyll,disease,ADAM
Chlorpromazine overdose,disease,ADAM
Choanal atresia,disease,ADAM
Choking - adult or child over 1 year,disease,ADAM
Choking - infant under 1 year,disease,ADAM
Choking - unconscious adult or child over 1 year,disease,ADAM
Cholangiocarcinoma,disease,ADAM
Cholangitis,disease,ADAM
Choledocholithiasis,disease,ADAM
Cholera,disease,ADAM
Cholestasis,disease,ADAM
Cholesteatoma,disease,ADAM
Cholesterol - drug treatment,disease,ADAM
Cholesterol - what to ask your doctor,disease,ADAM
Cholesterol and lifestyle,disease,ADAM
Cholesterol testing and results,disease,ADAM
Cholinesterase - blood,disease,ADAM
Choosing a primary care provider,disease,ADAM
Choosing effective patient education materials,disease,ADAM
Choosing the best doctor,disease,ADAM
Choosing the right health care provider for pregnancy and childbirth,disease,ADAM
Choriocarcinoma,disease,ADAM
Chorionic villus sampling,disease,ADAM
Choroid,disease,ADAM
Choroidal dystrophies,disease,ADAM
Chromatography,disease,ADAM
Chromium - blood test,disease,ADAM
Chromium in diet,disease,ADAM
Chromosome,disease,ADAM
Chronic,disease,ADAM
Chronic cholecystitis,disease,ADAM
Chronic fatigue syndrome,disease,ADAM
Chronic fatigue syndrome - resources,disease,ADAM
Chronic granulomatous disease,disease,ADAM
Chronic inflammatory polyneuropathy,disease,ADAM
Chronic kidney disease,disease,ADAM
Chronic lymphocytic leukemia (CLL),disease,ADAM
Chronic motor tic disorder,disease,ADAM
Chronic myelogenous leukemia (CML),disease,ADAM
Chronic obstructive pulmonary disease,disease,ADAM
Chronic obstructive pulmonary disease - adults - discharge,disease,ADAM
Chronic obstructive pulmonary disease - control drugs,disease,ADAM
Chronic obstructive pulmonary disease - quick-relief drugs,disease,ADAM
Chronic pain - resources,disease,ADAM
Chronic pancreatitis,disease,ADAM
Chronic subdural hematoma,disease,ADAM
Chronic thyroiditis (Hashimoto disease),disease,ADAM
Chylomicronemia syndrome,disease,ADAM
Ciliary body,disease,ADAM
Circumcision,disease,ADAM
Cirrhosis,disease,ADAM
Cirrhosis - discharge,disease,ADAM
Citric acid urine test,disease,ADAM
Claw foot,disease,ADAM
Claw hand,disease,ADAM
Clean catch urine sample,disease,ADAM
Cleaning supplies and equipment,disease,ADAM
Cleaning to prevent the spread of germs,disease,ADAM
Cleft lip and palate,disease,ADAM
Cleft lip and palate repair,disease,ADAM
Cleft lip and palate repair - discharge,disease,ADAM
Cleft palate - resources,disease,ADAM
Cleidocranial dysostosis,disease,ADAM
Clinitest tablets poisoning,disease,ADAM
Clopidogrel (Plavix),disease,ADAM
Closed reduction of a fractured bone,disease,ADAM
Closed reduction of a fractured bone - aftercare,disease,ADAM
Closed suction drain with bulb,disease,ADAM
Cloth dye poisoning,disease,ADAM
Cloudy cornea,disease,ADAM
Clubbing of the fingers or toes,disease,ADAM
Clubfoot,disease,ADAM
Clubfoot repair,disease,ADAM
Cluster headache,disease,ADAM
CMV - gastroenteritis/colitis,disease,ADAM
CMV - pneumonia,disease,ADAM
CMV serology test,disease,ADAM
CO2 blood test,disease,ADAM
Coal worker's pneumoconiosis,disease,ADAM
Coarctation of the aorta,disease,ADAM
Cobalt poisoning,disease,ADAM
Cocaine intoxication,disease,ADAM
Cocaine withdrawal,disease,ADAM
Coccidioides complement fixation,disease,ADAM
Coccidioides precipitin test,disease,ADAM
Cochlear implant,disease,ADAM
Codeine overdose,disease,ADAM
Cognitive behavioral therapy for back pain,disease,ADAM
Cold intolerance,disease,ADAM
Cold knife cone biopsy,disease,ADAM
Cold wave lotion poisoning,disease,ADAM
Colds and flus - antibiotics,disease,ADAM
Colds and the flu - what to ask your doctor - adult,disease,ADAM
Colds and the flu - what to ask your doctor - child,disease,ADAM
Colic and crying - self-care,disease,ADAM
Colitis,disease,ADAM
Collagen vascular disease,disease,ADAM
Collapsed lung (pneumothorax),disease,ADAM
Collateral ligament (CL) injury - aftercare,disease,ADAM
College students and the flu,disease,ADAM
Colles wrist fracture aftercare,disease,ADAM
Coloboma of the iris,disease,ADAM
Cologne poisoning,disease,ADAM
Colon cancer,disease,ADAM
Colon cancer - resources,disease,ADAM
Colon cancer screening,disease,ADAM
Colonoscopy,disease,ADAM
Colonoscopy discharge,disease,ADAM
Color blindness,disease,ADAM
Color vision test,disease,ADAM
Colorado tick fever,disease,ADAM
Colorectal polyps,disease,ADAM
Colostomy,disease,ADAM
Colposcopy - directed biopsy,disease,ADAM
Comedones,disease,ADAM
Common cold,disease,ADAM
Common cold - how to treat at home,disease,ADAM
Common peroneal nerve dysfunction,disease,ADAM
Common symptoms during pregnancy,disease,ADAM
Communicating with patients,disease,ADAM
Communicating with someone with aphasia,disease,ADAM
Compartment syndrome,disease,ADAM
Compazine overdose,disease,ADAM
Complement,disease,ADAM
Complement component 3 (C3),disease,ADAM
Complement component 4,disease,ADAM
Complement fixation test to C burnetii,disease,ADAM
Complex regional pain syndrome,disease,ADAM
Comprehensive metabolic panel,disease,ADAM
Compression fractures of the back,disease,ADAM
Compression stockings,disease,ADAM
Concomitant,disease,ADAM
Concussion,disease,ADAM
Concussion - adults - discharge,disease,ADAM
Concussion - child - discharge,disease,ADAM
Concussion - what to ask your doctor - adult,disease,ADAM
Concussion - what to ask your doctor - child,disease,ADAM
Condoms - male,disease,ADAM
Conduct disorder,disease,ADAM
Confusion,disease,ADAM
Congenital adrenal hyperplasia,disease,ADAM
Congenital afibrinogenemia,disease,ADAM
Congenital antithrombin III deficiency,disease,ADAM
Congenital cataract,disease,ADAM
Congenital cytomegalovirus,disease,ADAM
Congenital heart defect - corrective surgery,disease,ADAM
Congenital heart disease,disease,ADAM
Congenital nephrotic syndrome,disease,ADAM
Congenital platelet function defects,disease,ADAM
Congenital protein C or S deficiency,disease,ADAM
Congenital rubella,disease,ADAM
Congenital spherocytic anemia,disease,ADAM
Congenital syphilis,disease,ADAM
Congenital toxoplasmosis,disease,ADAM
Conjunctiva,disease,ADAM
Conjunctivitis,disease,ADAM
Conscious sedation for surgical procedures,disease,ADAM
Constipation,disease,ADAM
Constipation - self-care,disease,ADAM
Constipation - what to ask your doctor,disease,ADAM
Consumer rights and responsibilities,disease,ADAM
Contac overdose,disease,ADAM
Contact dermatitis,disease,ADAM
Contracture deformity,disease,ADAM
Contraindication,disease,ADAM
Controlling your high blood pressure,disease,ADAM
Conversion disorder,disease,ADAM
Cooking utensils and nutrition,disease,ADAM
Cooking without salt,disease,ADAM
Coombs test,disease,ADAM
COPD - how to use a nebulizer,disease,ADAM
COPD - managing stress and your mood,disease,ADAM
COPD - what to ask your doctor,disease,ADAM
COPD and other health problems,disease,ADAM
COPD flare-ups,disease,ADAM
Coping with cancer - finding the support you need,disease,ADAM
Coping with cancer - hair loss,disease,ADAM
Coping with cancer - looking and feeling your best,disease,ADAM
Coping with cancer - managing fatigue,disease,ADAM
Copper in diet,disease,ADAM
Copper poisoning,disease,ADAM
Cor pulmonale,disease,ADAM
Cord blood testing,disease,ADAM
Corneal injury,disease,ADAM
Corneal transplant,disease,ADAM
Corneal transplant - discharge,disease,ADAM
Corneal ulcers and infections,disease,ADAM
Corns and calluses,disease,ADAM
Coronary angiography,disease,ADAM
Coronary artery fistula,disease,ADAM
Coronary artery spasm,disease,ADAM
Coronary heart disease,disease,ADAM
Corticosteroids overdose,disease,ADAM
Cortisol blood test,disease,ADAM
Cortisol urine test,disease,ADAM
Cosmetic breast surgery - discharge,disease,ADAM
Cosmetic ear surgery,disease,ADAM
Costochondritis,disease,ADAM
Cough,disease,ADAM
Coughing up blood,disease,ADAM
Could you have low testosterone?,disease,ADAM
Counting carbohydrates,disease,ADAM
Cow's milk - infants,disease,ADAM
Cow's milk and children,disease,ADAM
CPK isoenzymes test,disease,ADAM
CPR,disease,ADAM
CPR - adult and child 9 years and older,disease,ADAM
CPR - child (1 to 8 years old),disease,ADAM
CPR - infant,disease,ADAM
Cradle cap,disease,ADAM
Cranial mononeuropathy III,disease,ADAM
Cranial mononeuropathy III - diabetic type,disease,ADAM
Cranial mononeuropathy VI,disease,ADAM
Cranial sutures,disease,ADAM
Craniopharyngioma,disease,ADAM
Craniosynostosis,disease,ADAM
Craniosynostosis repair,disease,ADAM
Craniosynostosis repair - discharge,disease,ADAM
Craniotabes,disease,ADAM
Creatine phosphokinase test,disease,ADAM
Creatinine blood test,disease,ADAM
Creatinine clearance test,disease,ADAM
Creatinine urine test,disease,ADAM
Creeping eruption,disease,ADAM
Creutzfeldt-Jakob disease,disease,ADAM
Cri du chat syndrome,disease,ADAM
Cribs and crib safety,disease,ADAM
Crigler-Najjar syndrome,disease,ADAM
Crohn disease,disease,ADAM
Crohn disease - discharge,disease,ADAM
Croup,disease,ADAM
Crush injury,disease,ADAM
Crutches and children - proper fit and safety tips,disease,ADAM
Crutches and children - sitting and getting up from a chair,disease,ADAM
Crutches and children - stairs,disease,ADAM
Crutches and children - standing and walking,disease,ADAM
Crying - excessive (0 to 6 months),disease,ADAM
Crying in childhood,disease,ADAM
Crying in infancy,disease,ADAM
Cryoglobulinemia,disease,ADAM
Cryoglobulins,disease,ADAM
Cryotherapy - skin,disease,ADAM
Cryotherapy for prostate cancer,disease,ADAM
Cryptococcosis,disease,ADAM
Cryptosporidium enteritis,disease,ADAM
CSD skin test,disease,ADAM
CSF analysis,disease,ADAM
CSF cell count,disease,ADAM
CSF coccidioides complement fixation test,disease,ADAM
CSF glucose test,disease,ADAM
CSF leak,disease,ADAM
CSF myelin basic protein,disease,ADAM
CSF oligoclonal banding,disease,ADAM
CSF smear,disease,ADAM
CSF total protein,disease,ADAM
CSF-VDRL test,disease,ADAM
CT scan,disease,ADAM
Culdocentesis,disease,ADAM
Culture - colonic tissue,disease,ADAM
Culture - duodenal tissue,disease,ADAM
Culture - joint fluid,disease,ADAM
Culture-negative endocarditis,disease,ADAM
Curvature of the penis,disease,ADAM
Cushing disease,disease,ADAM
Cushing syndrome,disease,ADAM
Cushing syndrome due to adrenal tumor,disease,ADAM
Cutaneous skin tag,disease,ADAM
Cuticle remover poisoning,disease,ADAM
Cuts and puncture wounds,disease,ADAM
Cyanoacrylates,disease,ADAM
Cyanotic heart disease,disease,ADAM
Cyclothymic disorder,disease,ADAM
Cyproheptadine overdose,disease,ADAM
Cyst,disease,ADAM
Cystic fibrosis,disease,ADAM
Cystic fibrosis - nutritional considerations,disease,ADAM
Cystic fibrosis - resources,disease,ADAM
Cystic hygroma,disease,ADAM
Cysticercosis,disease,ADAM
Cystinuria,disease,ADAM
Cystitis - acute,disease,ADAM
Cystitis - noninfectious,disease,ADAM
Cystometric study,disease,ADAM
Cystoscopy,disease,ADAM
Cytochrome b5 reductase,disease,ADAM
Cytologic evaluation,disease,ADAM
Cytology exam of pleural fluid,disease,ADAM
Cytology exam of urine,disease,ADAM
Cytomegalovirus retinitis,disease,ADAM
D and C,disease,ADAM
D-dimer test,disease,ADAM
D-xylose absorption,disease,ADAM
Dacron graft,disease,ADAM
Dacryoadenitis,disease,ADAM
Daily bowel care program,disease,ADAM
Dance Your Way to Fitness,disease,ADAM
DASH diet to lower high blood pressure,disease,ADAM
Day care health risks,disease,ADAM
Day to day with COPD,disease,ADAM
De Quervain tendinitis,disease,ADAM
Death among children and adolescents,disease,ADAM
Decerebrate posture,disease,ADAM
Deciding about an IUD,disease,ADAM
Deciding about hormone therapy,disease,ADAM
Deciding about treatments that prolong life,disease,ADAM
Deciding to have knee or hip replacement,disease,ADAM
Deciding to quit drinking alcohol,disease,ADAM
Decorticate posture,disease,ADAM
Deep brain stimulation,disease,ADAM
Deep breathing after surgery,disease,ADAM
Deep vein thrombosis - discharge,disease,ADAM
Deep venous thrombosis,disease,ADAM
Defining overweight and obesity - children,disease,ADAM
Dehydration,disease,ADAM
Delayed ejaculation,disease,ADAM
Delayed growth,disease,ADAM
Delirium,disease,ADAM
Delirium tremens,disease,ADAM
Delivery presentations,disease,ADAM
Delta agent (Hepatitis D),disease,ADAM
Delta-ALA urine test,disease,ADAM
Dementia,disease,ADAM
Dementia - behavior and sleep problems,disease,ADAM
Dementia - daily care,disease,ADAM
Dementia - home care,disease,ADAM
Dementia - keeping safe in the home,disease,ADAM
Dementia - what to ask your doctor,disease,ADAM
Dementia and driving,disease,ADAM
Dementia due to metabolic causes,disease,ADAM
Dengue fever,disease,ADAM
Dengue hemorrhagic fever,disease,ADAM
Dental care - adult,disease,ADAM
Dental care - child,disease,ADAM
Dental cavities,disease,ADAM
Dental crowns,disease,ADAM
Dental plaque identification at home,disease,ADAM
Dental sealants,disease,ADAM
Dental x-rays,disease,ADAM
Denture problems,disease,ADAM
Deodorant poisoning,disease,ADAM
Dependent personality disorder,disease,ADAM
Depilatory poisoning,disease,ADAM
Depression - older adults,disease,ADAM
Depression - overview,disease,ADAM
Depression - resources,disease,ADAM
Depression - stopping your medicines,disease,ADAM
Dermabrasion,disease,ADAM
Dermatitis herpetiformis,disease,ADAM
Dermatomyositis,disease,ADAM
Dermatoses - systemic,disease,ADAM
Desipramine hydrochloride overdose,disease,ADAM
Detergent poisoning,disease,ADAM
Developmental coordination disorder,disease,ADAM
Developmental disorders of the female reproductive tract,disease,ADAM
Developmental dysplasia of the hip,disease,ADAM
Developmental milestones record,disease,ADAM
Developmental milestones record - 12 months,disease,ADAM
Developmental milestones record - 18 months,disease,ADAM
Developmental milestones record - 2 months,disease,ADAM
Developmental milestones record - 2 years,disease,ADAM
Developmental milestones record - 3 years,disease,ADAM
Developmental milestones record - 4 months,disease,ADAM
Developmental milestones record - 4 years,disease,ADAM
Developmental milestones record - 5 years,disease,ADAM
Developmental milestones record - 6 months,disease,ADAM
Developmental milestones record - 9 months,disease,ADAM
Developmental reading disorder,disease,ADAM
Devices for hearing loss,disease,ADAM
Dexamethasone suppression test,disease,ADAM
Dextrocardia,disease,ADAM
Dextromethorphan overdose,disease,ADAM
DHEA-sulfate test,disease,ADAM
Diabetes,disease,ADAM
Diabetes - eye care,disease,ADAM
Diabetes - foot ulcers,disease,ADAM
Diabetes - keeping active,disease,ADAM
Diabetes - low blood sugar - self-care,disease,ADAM
Diabetes - preventing heart attack and stroke,disease,ADAM
Diabetes - resources,disease,ADAM
Diabetes - taking care of your feet,disease,ADAM
Diabetes - tests and checkups,disease,ADAM
Diabetes - what to ask your doctor - type 2,disease,ADAM
Diabetes - when you are sick,disease,ADAM
Diabetes and exercise,disease,ADAM
Diabetes and eye disease,disease,ADAM
Diabetes and kidney disease,disease,ADAM
Diabetes and nerve damage,disease,ADAM
Diabetes diet - gestational,disease,ADAM
Diabetes eye exams,disease,ADAM
Diabetes insipidus,disease,ADAM
Diabetes insipidus - central,disease,ADAM
Diabetes insipidus - nephrogenic,disease,ADAM
Diabetes type 2 - meal planning,disease,ADAM
Diabetic hyperglycemic hyperosmolar syndrome,disease,ADAM
Diabetic ketoacidosis,disease,ADAM
Diagnostic laparoscopy,disease,ADAM
Dialysis - hemodialysis,disease,ADAM
Dialysis - peritoneal,disease,ADAM
Dialysis centers - what to expect,disease,ADAM
Diaper rash,disease,ADAM
Diaphragmatic hernia,disease,ADAM
Diaphragmatic hernia repair - congenital,disease,ADAM
Diarrhea - overview,disease,ADAM
Diarrhea - what to ask your doctor - child,disease,ADAM
Diarrhea - what to ask your health care provider - adult,disease,ADAM
Diarrhea in infants,disease,ADAM
Diastasis recti,disease,ADAM
Diazepam overdose,disease,ADAM
Diazinon poisoning,disease,ADAM
Diclofenac sodium overdose,disease,ADAM
Dieffenbachia poisoning,disease,ADAM
Diesel oil,disease,ADAM
Diet - chronic kidney disease,disease,ADAM
Diet - clear liquid,disease,ADAM
Diet - full liquid,disease,ADAM
Diet - liver disease,disease,ADAM
Diet after gastric banding,disease,ADAM
Diet and cancer,disease,ADAM
Diet and eating after esophagectomy,disease,ADAM
Diet and substance use recovery,disease,ADAM
Diet myths and facts,disease,ADAM
Diet-boosting Foods,disease,ADAM
Diet-busting foods,disease,ADAM
Dietary fat and children,disease,ADAM
Dietary fats explained,disease,ADAM
Digestive diseases,disease,ADAM
Digital rectal exam,disease,ADAM
Digitalis toxicity,disease,ADAM
Digoxin test,disease,ADAM
Dilantin overdose,disease,ADAM
Dilated cardiomyopathy,disease,ADAM
Dimenhydrinate overdose,disease,ADAM
Diphenhydramine overdose,disease,ADAM
Diphtheria,disease,ADAM
"Diphtheria, tetanus, and pertussis (DTaP) vaccines - what you need to know",disease,ADAM
Dirt - swallowing,disease,ADAM
Discipline,disease,ADAM
Diskectomy,disease,ADAM
Diskitis,disease,ADAM
Dislocated shoulder - aftercare,disease,ADAM
Dislocation,disease,ADAM
Disorder of written expression,disease,ADAM
Dissect,disease,ADAM
Disseminated intravascular coagulation (DIC),disease,ADAM
Disseminated tuberculosis,disease,ADAM
Distal,disease,ADAM
Distal median nerve dysfunction,disease,ADAM
Distal renal tubular acidosis,disease,ADAM
Distal splenorenal shunt,disease,ADAM
Distracted driving,disease,ADAM
Diverticulitis,disease,ADAM
Diverticulitis - what to ask your doctor,disease,ADAM
Diverticulitis and diverticulosis - discharge,disease,ADAM
Diverticulosis,disease,ADAM
Dizziness,disease,ADAM
Dizziness and vertigo - aftercare,disease,ADAM
Do you have a drinking problem?,disease,ADAM
Do-not-resuscitate order,disease,ADAM
Doctor of medicine profession (MD),disease,ADAM
Doctor of osteopathic medicine,disease,ADAM
Domestic violence,disease,ADAM
Donath-Landsteiner test,disease,ADAM
Donovanosis (granuloma inguinale),disease,ADAM
Doppler ultrasound exam of an arm or leg,disease,ADAM
Double aortic arch,disease,ADAM
Double inlet left ventricle,disease,ADAM
Double outlet right ventricle,disease,ADAM
Down syndrome,disease,ADAM
Doxepin overdose,disease,ADAM
Drain cleaner poisoning,disease,ADAM
Drain opener poisoning,disease,ADAM
Drainpipe cleaners,disease,ADAM
Drawing medicine out of a vial,disease,ADAM
Drinking water safely during cancer treatment,disease,ADAM
Drooling,disease,ADAM
Drowsiness,disease,ADAM
Drug abuse,disease,ADAM
Drug abuse first aid,disease,ADAM
Drug allergies,disease,ADAM
Drug-induced diarrhea,disease,ADAM
Drug-induced hepatitis,disease,ADAM
Drug-induced hypertension,disease,ADAM
Drug-induced hypoglycemia,disease,ADAM
Drug-induced immune hemolytic anemia,disease,ADAM
Drug-induced lupus erythematosus,disease,ADAM
Drug-induced pulmonary disease,disease,ADAM
Drug-induced tremor,disease,ADAM
Drugs that may cause impotence,disease,ADAM
Dry cell battery poisoning,disease,ADAM
Dry eye syndrome,disease,ADAM
Dry hair,disease,ADAM
Dry mouth during cancer treatment,disease,ADAM
Dry skin - self-care,disease,ADAM
Dry socket,disease,ADAM
Dubin-Johnson syndrome,disease,ADAM
Duchenne muscular dystrophy,disease,ADAM
Duodenal atresia,disease,ADAM
Duodenum,disease,ADAM
Duplex ultrasound,disease,ADAM
Dupuytren contracture,disease,ADAM
Dye remover poisoning,disease,ADAM
Dysarthria,disease,ADAM
Dysarthria - care,disease,ADAM
Dyscrasias,disease,ADAM
Dyshidrotic eczema,disease,ADAM
E. coli enteritis,disease,ADAM
E-cigarettes and E-hookahs,disease,ADAM
Ear - blocked at high altitudes,disease,ADAM
Ear barotrauma,disease,ADAM
Ear discharge,disease,ADAM
Ear drainage culture,disease,ADAM
Ear emergencies,disease,ADAM
Ear examination,disease,ADAM
Ear infection - acute,disease,ADAM
Ear infection - chronic,disease,ADAM
Ear tag,disease,ADAM
Ear tube insertion,disease,ADAM
Ear tube surgery - what to ask your doctor,disease,ADAM
Ear wax,disease,ADAM
Earache,disease,ADAM
Eardrum repair,disease,ADAM
Earlobe creases,disease,ADAM
Eating disorders - resources,disease,ADAM
Eating extra calories when sick - adults,disease,ADAM
Eating extra calories when sick - children,disease,ADAM
Eating habits and behaviors,disease,ADAM
Eating out,disease,ADAM
Eating right during pregnancy,disease,ADAM
Ebola virus disease,disease,ADAM
Ebstein anomaly,disease,ADAM
Echinococcus,disease,ADAM
ECHO virus,disease,ADAM
Echocardiogram,disease,ADAM
Echocardiogram - children,disease,ADAM
Eclampsia,disease,ADAM
Ecthyma,disease,ADAM
Ectodermal dysplasia,disease,ADAM
Ectopic ADH secretion,disease,ADAM
Ectopic Cushing syndrome,disease,ADAM
Ectopic heartbeat,disease,ADAM
Ectopic pregnancy,disease,ADAM
Ectropion,disease,ADAM
EEG,disease,ADAM
EGD - esophagogastroduodenoscopy,disease,ADAM
EGD discharge,disease,ADAM
Ehlers-Danlos syndrome,disease,ADAM
Ehrlichiosis,disease,ADAM
Eisenmenger syndrome,disease,ADAM
Elbow pain,disease,ADAM
Elbow replacement,disease,ADAM
Elbow replacement - discharge,disease,ADAM
Elbow sprain - aftercare,disease,ADAM
Elder care - resources,disease,ADAM
Electrical injury,disease,ADAM
Electrocardiogram,disease,ADAM
Electrocauterization,disease,ADAM
Electroconvulsive therapy,disease,ADAM
Electrolytes,disease,ADAM
Electrolytes - urine,disease,ADAM
Electromyography,disease,ADAM
Electronystagmography,disease,ADAM
Electroretinography,disease,ADAM
Elephant ear,disease,ADAM
Elimination patterns,disease,ADAM
ELISA,disease,ADAM
Ellis-van Creveld syndrome,disease,ADAM
Emergency airway puncture,disease,ADAM
Emergency contraception,disease,ADAM
Empty sella syndrome,disease,ADAM
Empyema,disease,ADAM
Encephalitis,disease,ADAM
Encopresis,disease,ADAM
End-stage kidney disease,disease,ADAM
Endemic,disease,ADAM
Ending pregnancy with medications,disease,ADAM
Endocardial cushion defect,disease,ADAM
Endocarditis,disease,ADAM
Endocervical culture,disease,ADAM
Endocervical gram stain,disease,ADAM
Endocrine glands,disease,ADAM
Endometrial ablation,disease,ADAM
Endometrial biopsy,disease,ADAM
Endometrial cancer,disease,ADAM
Endometrial polyps,disease,ADAM
Endometriosis,disease,ADAM
Endometritis,disease,ADAM
Endophthalmitis,disease,ADAM
Endoscope,disease,ADAM
Endoscopic thoracic sympathectomy,disease,ADAM
Endoscopic ultrasound,disease,ADAM
Endoscopy,disease,ADAM
Endotracheal intubation,disease,ADAM
Endovascular embolization,disease,ADAM
Enlarged adenoids,disease,ADAM
Enlarged prostate,disease,ADAM
Enlarged prostate - after care,disease,ADAM
Enlarged prostate - what to ask your doctor,disease,ADAM
Enteral nutrition - child - managing problems,disease,ADAM
Enteritis,disease,ADAM
Enteroclysis,disease,ADAM
Enteroscopy,disease,ADAM
Enterotoxin,disease,ADAM
Enterovirus D68,disease,ADAM
Entropion,disease,ADAM
Enzyme,disease,ADAM
Enzyme markers,disease,ADAM
Eosinophil count - absolute,disease,ADAM
Eosinophilic fasciitis,disease,ADAM
Epicanthal folds,disease,ADAM
Epidermolysis bullosa,disease,ADAM
Epididymitis,disease,ADAM
Epidural abscess,disease,ADAM
Epidural block,disease,ADAM
Epidural hematoma,disease,ADAM
Epidural injections for back pain,disease,ADAM
Epiglottitis,disease,ADAM
Epilepsy - children - discharge,disease,ADAM
Epilepsy - overview,disease,ADAM
Epilepsy - resources,disease,ADAM
Epilepsy - what to ask your doctor - adult,disease,ADAM
Epilepsy - what to ask your doctor - child,disease,ADAM
Epilepsy or seizures - discharge,disease,ADAM
Episcleritis,disease,ADAM
Episiotomy,disease,ADAM
Episiotomy - aftercare,disease,ADAM
Epispadias,disease,ADAM
Epithelium,disease,ADAM
Epley maneuver,disease,ADAM
Epstein pearls,disease,ADAM
Epstein-Barr virus antibody test,disease,ADAM
ERCP,disease,ADAM
Erection problems,disease,ADAM
Erection problems - aftercare,disease,ADAM
Erosion,disease,ADAM
Erysipelas,disease,ADAM
Erysipeloid,disease,ADAM
Erythema multiforme,disease,ADAM
Erythema nodosum,disease,ADAM
Erythema toxicum,disease,ADAM
Erythrasma,disease,ADAM
Erythroplasia of Queyrat,disease,ADAM
Erythropoietin test,disease,ADAM
Eschar,disease,ADAM
Esophageal atresia,disease,ADAM
Esophageal cancer,disease,ADAM
Esophageal culture,disease,ADAM
Esophageal manometry,disease,ADAM
Esophageal perforation,disease,ADAM
Esophageal pH monitoring,disease,ADAM
Esophageal spasm,disease,ADAM
Esophageal stricture - benign,disease,ADAM
Esophagectomy - discharge,disease,ADAM
Esophagectomy - minimally invasive,disease,ADAM
Esophagectomy - open,disease,ADAM
Esophagitis,disease,ADAM
Esophagitis - infectious,disease,ADAM
ESR,disease,ADAM
Essential tremor,disease,ADAM
Estradiol blood test,disease,ADAM
Estrogen overdose,disease,ADAM
Ethanol poisoning,disease,ADAM
Ethmoiditis,disease,ADAM
Ethylene glycol blood test,disease,ADAM
Ethylene glycol poisoning,disease,ADAM
Etiology,disease,ADAM
Eucalyptus oil overdose,disease,ADAM
Eugenol oil overdose,disease,ADAM
Euglobulin lysis time,disease,ADAM
Eustachian tube patency,disease,ADAM
Ewing sarcoma,disease,ADAM
Excessive or unwanted hair in women,disease,ADAM
Exchange transfusion,disease,ADAM
Exercise and activity - children,disease,ADAM
Exercise and activity for weight loss,disease,ADAM
Exercise and age,disease,ADAM
Exercise and immunity,disease,ADAM
Exercise clothing and shoes,disease,ADAM
Exercise stress test,disease,ADAM
"Exercise, lifestyle, and your bones",disease,ADAM
Exercise-induced asthma,disease,ADAM
Exercises to help prevent falls,disease,ADAM
Exercising and asthma at school,disease,ADAM
Exercising on a budget,disease,ADAM
Exfoliative dermatitis,disease,ADAM
Exogenous Cushing syndrome,disease,ADAM
Expressive language disorder - developmental,disease,ADAM
External incontinence devices,disease,ADAM
Extracorporeal membrane oxygenation,disease,ADAM
Extraocular muscle function testing,disease,ADAM
Extremity angiography,disease,ADAM
Extremity x-ray,disease,ADAM
Exudate,disease,ADAM
Eye - foreign object in,disease,ADAM
Eye and orbit ultrasound,disease,ADAM
Eye burning - itching and discharge,disease,ADAM
Eye emergencies,disease,ADAM
Eye floaters,disease,ADAM
Eye muscle repair,disease,ADAM
Eye muscle repair - discharge,disease,ADAM
Eye pain,disease,ADAM
Eye redness,disease,ADAM
Eyelid bump,disease,ADAM
Eyelid drooping,disease,ADAM
Eyelid lift,disease,ADAM
Eyelid twitch,disease,ADAM
Eyes - bulging,disease,ADAM
Face pain,disease,ADAM
Face powder poisoning,disease,ADAM
Facelift,disease,ADAM
Facial nerve palsy due to birth trauma,disease,ADAM
Facial paralysis,disease,ADAM
Facial swelling,disease,ADAM
Facial tics,disease,ADAM
Facial trauma,disease,ADAM
Facioscapulohumeral muscular dystrophy,disease,ADAM
Factitious hyperthyroidism,disease,ADAM
Factor II assay,disease,ADAM
Factor II deficiency,disease,ADAM
Factor IX assay,disease,ADAM
Factor V assay,disease,ADAM
Factor V deficiency,disease,ADAM
Factor VII assay,disease,ADAM
Factor VII deficiency,disease,ADAM
Factor VIII assay,disease,ADAM
Factor X assay,disease,ADAM
Factor X deficiency,disease,ADAM
Factor XII (Hageman factor) deficiency,disease,ADAM
Factor XII assay,disease,ADAM
Facts about monounsaturated fats,disease,ADAM
Facts about polyunsaturated fats,disease,ADAM
Facts about saturated fats,disease,ADAM
Facts about trans fats,disease,ADAM
Failure to thrive,disease,ADAM
Fainting,disease,ADAM
Familial combined hyperlipidemia,disease,ADAM
Familial dysbetalipoproteinemia,disease,ADAM
Familial hypercholesterolemia,disease,ADAM
Familial hypertriglyceridemia,disease,ADAM
Familial lipoprotein lipase deficiency,disease,ADAM
Familial Mediterranean fever,disease,ADAM
Family troubles - resources,disease,ADAM
Fanconi anemia,disease,ADAM
Fanconi syndrome,disease,ADAM
Farsightedness,disease,ADAM
Fast food tips,disease,ADAM
Fatigue,disease,ADAM
Fatty liver - nonalcoholic,disease,ADAM
Febrile seizures,disease,ADAM
Febrile seizures - what to ask your doctor,disease,ADAM
Febrile/cold agglutinins,disease,ADAM
Fecal culture,disease,ADAM
Fecal fat,disease,ADAM
Fecal immunochemical test (FIT),disease,ADAM
Fecal impaction,disease,ADAM
Fecal smear,disease,ADAM
Feeding patterns and diet - babies and infants,disease,ADAM
Feeding patterns and diet - children 6 months to 2 years,disease,ADAM
Feeding tube - infants,disease,ADAM
Feeding tube insertion - gastrostomy,disease,ADAM
Felty syndrome,disease,ADAM
Female condoms,disease,ADAM
Female pattern baldness,disease,ADAM
Femoral hernia,disease,ADAM
Femoral hernia repair,disease,ADAM
Femoral nerve dysfunction,disease,ADAM
Femur fracture repair - discharge,disease,ADAM
Fenoprofen calcium overdose,disease,ADAM
Ferritin blood test,disease,ADAM
Fetal alcohol syndrome,disease,ADAM
Fetal development,disease,ADAM
Fetal echocardiography,disease,ADAM
Fetal scalp pH testing,disease,ADAM
Fetal-maternal erythrocyte distribution,disease,ADAM
Fever,disease,ADAM
Fiber,disease,ADAM
Fibrates,disease,ADAM
Fibrin degradation products,disease,ADAM
Fibrinogen blood test,disease,ADAM
Fibrinolysis - primary or secondary,disease,ADAM
Fibrinopeptide A blood test,disease,ADAM
Fibroadenoma - breast,disease,ADAM
Fibrocystic breast disease,disease,ADAM
Fibromyalgia,disease,ADAM
Fibrous dysplasia,disease,ADAM
Fifth disease,disease,ADAM
Fine motor control,disease,ADAM
Fine needle aspiration of the thyroid,disease,ADAM
Finger pain,disease,ADAM
Fingers that change color,disease,ADAM
Fire ants,disease,ADAM
Fire safety at home,disease,ADAM
First aid kit,disease,ADAM
Fish tapeworm infection,disease,ADAM
Fishhook removal,disease,ADAM
Fistula,disease,ADAM
Flank pain,disease,ADAM
Flat bones,disease,ADAM
Flat feet,disease,ADAM
Fleas,disease,ADAM
Flu,disease,ADAM
Fluid imbalance,disease,ADAM
Fluorescein angiography,disease,ADAM
Fluorescein eye stain,disease,ADAM
Fluoride in diet,disease,ADAM
Fluoride overdose,disease,ADAM
Flushable reagent stool blood test,disease,ADAM
Focal neurological deficits,disease,ADAM
Focal segmental glomerulosclerosis,disease,ADAM
Folate deficiency,disease,ADAM
Folate-deficiency anemia,disease,ADAM
Folic acid - test,disease,ADAM
Folic acid and birth defect prevention,disease,ADAM
Folic acid in diet,disease,ADAM
Follicle-stimulating hormone (FSH) blood test,disease,ADAM
Folliculitis,disease,ADAM
Fontanelles - bulging,disease,ADAM
Fontanelles - enlarged,disease,ADAM
Fontanelles - sunken,disease,ADAM
Food additives,disease,ADAM
Food allergy,disease,ADAM
Food guide plate,disease,ADAM
Food jags,disease,ADAM
Food labeling,disease,ADAM
Food poisoning,disease,ADAM
Food poisoning prevention,disease,ADAM
Food safety,disease,ADAM
Foods - fresh vs. frozen or canned,disease,ADAM
Foot amputation - discharge,disease,ADAM
Foot pain,disease,ADAM
Foot pain causes,disease,ADAM
Foot sprain - aftercare,disease,ADAM
"Foot, leg, and ankle swelling",disease,ADAM
Foraminotomy,disease,ADAM
Forehead lift,disease,ADAM
Foreign body in the nose,disease,ADAM
Foreign object - inhaled or swallowed,disease,ADAM
Foxglove poisoning,disease,ADAM
Fractional excretion of sodium,disease,ADAM
Fractured clavicle in the newborn,disease,ADAM
Fragile X syndrome,disease,ADAM
Frequent or urgent urination,disease,ADAM
Friedreich ataxia,disease,ADAM
Frontal bossing,disease,ADAM
Frostbite,disease,ADAM
Frozen shoulder,disease,ADAM
Frozen shoulder - aftercare,disease,ADAM
FTA-ABS test,disease,ADAM
Fuchs dystrophy,disease,ADAM
Fuel oil poisoning,disease,ADAM
Fungal arthritis,disease,ADAM
Fungal nail infection,disease,ADAM
Funnel-web spider bite,disease,ADAM
Furniture polish poisoning,disease,ADAM
Fusion of the ear bones,disease,ADAM
Fussy or irritable child,disease,ADAM
Galactose-1-phosphate uridyltransferase blood test,disease,ADAM
Galactosemia,disease,ADAM
Gallbladder radionuclide scan,disease,ADAM
Gallbladder removal - laparoscopic,disease,ADAM
Gallbladder removal - laparoscopic - discharge,disease,ADAM
Gallbladder removal - open,disease,ADAM
Gallbladder removal - open - discharge,disease,ADAM
Gallium scan,disease,ADAM
Gallstones,disease,ADAM
Gallstones - discharge,disease,ADAM
Gamma-glutamyl transpeptidase (GGT) blood test,disease,ADAM
Ganglioneuroblastoma,disease,ADAM
Ganglioneuroma,disease,ADAM
Gangrene,disease,ADAM
Gas - flatulence,disease,ADAM
Gas gangrene,disease,ADAM
Gasoline poisoning,disease,ADAM
Gastrectomy,disease,ADAM
Gastric bypass surgery,disease,ADAM
Gastric bypass surgery - discharge,disease,ADAM
Gastric culture,disease,ADAM
Gastric suction,disease,ADAM
Gastric tissue biopsy and culture,disease,ADAM
Gastrin blood test,disease,ADAM
Gastritis,disease,ADAM
Gastroesophageal reflux - discharge,disease,ADAM
Gastroesophageal reflux disease,disease,ADAM
Gastroesophageal reflux in infants,disease,ADAM
Gastrointestinal bleeding,disease,ADAM
Gastrointestinal disorders - resources,disease,ADAM
Gastrointestinal fistula,disease,ADAM
Gastrointestinal perforation,disease,ADAM
Gastroparesis,disease,ADAM
Gastroschisis,disease,ADAM
Gastroschisis repair,disease,ADAM
Gastrostomy feeding tube - bolus,disease,ADAM
Gastrostomy feeding tube - pump - child,disease,ADAM
Gaucher disease,disease,ADAM
Gender dysphoria,disease,ADAM
General anesthesia,disease,ADAM
General paresis,disease,ADAM
Generalized anxiety disorder,disease,ADAM
Generalized anxiety disorder - self-care,disease,ADAM
Generalized tonic-clonic seizure,disease,ADAM
Genes,disease,ADAM
Genetic counseling,disease,ADAM
Genetic testing and your cancer risk,disease,ADAM
Genetically engineered foods,disease,ADAM
Genetics,disease,ADAM
Genital herpes,disease,ADAM
Genital herpes - self-care,disease,ADAM
Genital injury,disease,ADAM
Genital sores - female,disease,ADAM
Genital sores - male,disease,ADAM
Genital warts,disease,ADAM
Geographic tongue,disease,ADAM
Gestational age,disease,ADAM
Gestational diabetes,disease,ADAM
Gestational diabetes - self-care,disease,ADAM
Gestational trophoblastic disease,disease,ADAM
Getting a prescription filled,disease,ADAM
Getting out of bed after surgery,disease,ADAM
Getting support when your child has cancer,disease,ADAM
Getting your home ready - after the hospital,disease,ADAM
Getting your home ready - knee or hip surgery,disease,ADAM
Getting yourself healthy before surgery,disease,ADAM
Giant congenital nevus,disease,ADAM
Giardia infection,disease,ADAM
Gigantism,disease,ADAM
Gilbert disease,disease,ADAM
Gilles de la Tourette syndrome,disease,ADAM
Gingivitis,disease,ADAM
Gingivostomatitis,disease,ADAM
Give your heart a workout,disease,ADAM
Giving an insulin injection,disease,ADAM
Glanzmann disease,disease,ADAM
Glaucoma,disease,ADAM
Glaze poisoning,disease,ADAM
Glomerular filtration rate,disease,ADAM
Glomerulonephritis,disease,ADAM
Glomus jugulare tumor,disease,ADAM
Glomus tympanum tumor,disease,ADAM
Glossitis,disease,ADAM
Glossopharyngeal neuralgia,disease,ADAM
Glucagon blood test,disease,ADAM
Glucagonoma,disease,ADAM
Glucose screening and tolerance tests during pregnancy,disease,ADAM
Glucose tolerance test - non-pregnant,disease,ADAM
Glucose urine test,disease,ADAM
Glucose-6-phosphate dehydrogenase deficiency,disease,ADAM
Glucose-6-phosphate dehydrogenase test,disease,ADAM
Glucuronyl transferase,disease,ADAM
Going home after a C-section,disease,ADAM
Goiter - simple,disease,ADAM
Gonococcal arthritis,disease,ADAM
Gonorrhea,disease,ADAM
Goodpasture syndrome,disease,ADAM
Gout,disease,ADAM
Graft-versus-host disease,disease,ADAM
Gram stain,disease,ADAM
Gram stain of skin lesion,disease,ADAM
Gram stain of tissue biopsy,disease,ADAM
Gram stain of urethral discharge,disease,ADAM
Granulocyte,disease,ADAM
Granuloma annulare,disease,ADAM
Granulomatosis with polyangiitis,disease,ADAM
Grass allergy,disease,ADAM
Grass and weed killer poisoning,disease,ADAM
Graves disease,disease,ADAM
Grief,disease,ADAM
Groin lump,disease,ADAM
Groin pain,disease,ADAM
Gross motor control,disease,ADAM
Group B streptococcal septicemia of the newborn,disease,ADAM
Group B streptococcus - pregnancy,disease,ADAM
Growth chart,disease,ADAM
Growth hormone deficiency - children,disease,ADAM
Growth hormone stimulation test,disease,ADAM
Growth hormone suppression test,disease,ADAM
Growth hormone test,disease,ADAM
Guillain-Barr syndrome,disease,ADAM
Gum biopsy,disease,ADAM
Gumma,disease,ADAM
Gums - swollen,disease,ADAM
Gunshot wounds - aftercare,disease,ADAM
H1N1 influenza (Swine flu),disease,ADAM
H2 blockers,disease,ADAM
H2 receptor antagonists overdose,disease,ADAM
Haemophilus influenzaeType b (Hib) vaccine - what you need to know,disease,ADAM
Hair bleach poisoning,disease,ADAM
Hair dye poisoning,disease,ADAM
Hair loss,disease,ADAM
Hair spray poisoning,disease,ADAM
Hair straightener poisoning,disease,ADAM
Hair tonic poisoning,disease,ADAM
Hair transplant,disease,ADAM
Hairy cell leukemia,disease,ADAM
Hallucinations,disease,ADAM
Halo brace,disease,ADAM
Ham test,disease,ADAM
Hammer toe,disease,ADAM
Hammer toe repair,disease,ADAM
Hammer toe repair - discharge,disease,ADAM
Hamstring strain - aftercare,disease,ADAM
Hand fracture - aftercare,disease,ADAM
Hand lotion poisoning,disease,ADAM
Hand or foot spasms,disease,ADAM
Hand x-ray,disease,ADAM
Hand-foot-mouth disease,disease,ADAM
Handling sharps and needles,disease,ADAM
Hangover treatment,disease,ADAM
Hantavirus,disease,ADAM
Haptoglobin blood test,disease,ADAM
Hardening of the arteries,disease,ADAM
Hardware removal - extremity,disease,ADAM
Hartnup disorder,disease,ADAM
Hazardous materials,disease,ADAM
HCG blood test - qualitative,disease,ADAM
HCG blood test - quantitative,disease,ADAM
HCG in urine,disease,ADAM
Head and face reconstruction,disease,ADAM
Head circumference,disease,ADAM
Head CT scan,disease,ADAM
Head injury - first aid,disease,ADAM
Head lice,disease,ADAM
Head MRI,disease,ADAM
Headache,disease,ADAM
Headache - what to ask your doctor,disease,ADAM
Headaches - danger signs,disease,ADAM
Health care agents,disease,ADAM
Health risks of alcohol use,disease,ADAM
Health risks of obesity,disease,ADAM
Health screening - men - ages 18 to 39,disease,ADAM
Health screening - men - ages 40 to 64,disease,ADAM
Health screening - men age 65 and older,disease,ADAM
Health screening - women - ages 18 to 39,disease,ADAM
Health screening - women - ages 40 to 64,disease,ADAM
Health screening - women - over age 65,disease,ADAM
Healthy food trends -- beans and legumes,disease,ADAM
Healthy food trends -- Brussels sprouts,disease,ADAM
Healthy food trends -- chia seeds,disease,ADAM
Healthy food trends -- flaxseeds,disease,ADAM
Healthy food trends -- kale,disease,ADAM
Healthy food trends -- microgreens,disease,ADAM
Healthy food trends -- quinoa,disease,ADAM
Healthy grocery shopping,disease,ADAM
Healthy habits for weight loss,disease,ADAM
Healthy living,disease,ADAM
Hearing loss,disease,ADAM
Hearing loss - infants,disease,ADAM
Hearing loss and music,disease,ADAM
Hearing or speech impairment - resources,disease,ADAM
Heart and vascular services,disease,ADAM
Heart attack,disease,ADAM
Heart attack - discharge,disease,ADAM
Heart attack - what to ask your doctor,disease,ADAM
Heart attack first aid,disease,ADAM
Heart block,disease,ADAM
Heart bypass surgery,disease,ADAM
Heart bypass surgery - discharge,disease,ADAM
Heart bypass surgery - minimally invasive,disease,ADAM
Heart bypass surgery - minimally invasive - discharge,disease,ADAM
Heart CT scan,disease,ADAM
Heart disease - resources,disease,ADAM
Heart disease - risk factors,disease,ADAM
Heart disease and depression,disease,ADAM
Heart disease and diet,disease,ADAM
Heart disease and intimacy,disease,ADAM
Heart disease and women,disease,ADAM
Heart failure - discharge,disease,ADAM
Heart failure - fluids and diuretics,disease,ADAM
Heart failure - home monitoring,disease,ADAM
Heart failure - medicines,disease,ADAM
Heart failure - overview,disease,ADAM
Heart failure - palliative care,disease,ADAM
Heart failure - surgeries and devices,disease,ADAM
Heart failure - tests,disease,ADAM
Heart failure - what to ask your doctor,disease,ADAM
Heart MRI,disease,ADAM
Heart murmurs and other sounds,disease,ADAM
Heart pacemaker,disease,ADAM
Heart pacemaker - discharge,disease,ADAM
Heart palpitations,disease,ADAM
Heart PET scan,disease,ADAM
Heart transplant,disease,ADAM
Heart valve surgery,disease,ADAM
Heart valve surgery - discharge,disease,ADAM
Heartburn,disease,ADAM
Heartburn - what to ask your doctor,disease,ADAM
Heat emergencies,disease,ADAM
Heat intolerance,disease,ADAM
Heel pain,disease,ADAM
Heel pain and Achilles tendonitis - aftercare,disease,ADAM
Heimlich maneuver on self,disease,ADAM
HELLP syndrome,disease,ADAM
Help prevent hospital errors,disease,ADAM
Help your teen cope with stress,disease,ADAM
Helping a loved one with a drinking problem,disease,ADAM
Helping your child understand a cancer diagnosis,disease,ADAM
Helping your teen with depression,disease,ADAM
Hemangioma,disease,ADAM
Hematocrit,disease,ADAM
Hemochromatosis,disease,ADAM
Hemodialysis access - self care,disease,ADAM
Hemodialysis access procedures,disease,ADAM
Hemoglobin,disease,ADAM
Hemoglobin C disease,disease,ADAM
Hemoglobin derivatives,disease,ADAM
Hemoglobin electrophoresis,disease,ADAM
Hemoglobinopathy,disease,ADAM
Hemoglobinuria test,disease,ADAM
Hemolysis,disease,ADAM
Hemolytic anemia,disease,ADAM
Hemolytic anemia caused by chemicals and toxins,disease,ADAM
Hemolytic crisis,disease,ADAM
Hemolytic disease of the newborn,disease,ADAM
Hemolytic-uremic syndrome,disease,ADAM
Hemophilia,disease,ADAM
Hemophilia - resources,disease,ADAM
Hemophilia A,disease,ADAM
Hemophilia B,disease,ADAM
Hemorrhagic,disease,ADAM
Hemorrhagic disease of the newborn,disease,ADAM
Hemorrhoid removal - discharge,disease,ADAM
Hemorrhoid surgery,disease,ADAM
Hemorrhoids,disease,ADAM
Hemothorax,disease,ADAM
Hemovac drain,disease,ADAM
Henoch-Schnlein purpura,disease,ADAM
Hepatic,disease,ADAM
Hepatic hemangioma,disease,ADAM
Hepatic ischemia,disease,ADAM
Hepatic vein obstruction (Budd-Chiari),disease,ADAM
Hepatitis,disease,ADAM
Hepatitis A,disease,ADAM
Hepatitis A - children,disease,ADAM
Hepatitis A vaccine - what you need to know,disease,ADAM
Hepatitis B,disease,ADAM
Hepatitis B - children,disease,ADAM
Hepatitis B vaccine - what you need to know,disease,ADAM
Hepatitis C,disease,ADAM
Hepatitis C - children,disease,ADAM
Hepatitis virus panel,disease,ADAM
Hepatocerebral degeneration,disease,ADAM
Hepatomegaly,disease,ADAM
Hepatorenal syndrome,disease,ADAM
Herbal remedies and supplements for weight loss,disease,ADAM
Hereditary amyloidosis,disease,ADAM
Hereditary angioedema,disease,ADAM
Hereditary elliptocytosis,disease,ADAM
Hereditary fructose intolerance,disease,ADAM
Hereditary ovalocytosis,disease,ADAM
Hereditary urea cycle abnormality,disease,ADAM
Hernia,disease,ADAM
Herniated disk,disease,ADAM
Heroin overdose,disease,ADAM
Herpangina,disease,ADAM
Herpes - oral,disease,ADAM
Herpes - resources,disease,ADAM
Herpes viral culture of lesion,disease,ADAM
Herpetic stomatitis,disease,ADAM
Heterochromia,disease,ADAM
Hiatal hernia,disease,ADAM
Hiccups,disease,ADAM
High arch,disease,ADAM
High blood cholesterol levels,disease,ADAM
High blood pressure,disease,ADAM
High blood pressure - infants,disease,ADAM
High blood pressure - what to ask your doctor,disease,ADAM
High blood pressure and diet,disease,ADAM
High blood pressure and eye disease,disease,ADAM
High blood pressure medicines,disease,ADAM
High blood sugar,disease,ADAM
High potassium level,disease,ADAM
High-fiber foods,disease,ADAM
Hip arthroscopy,disease,ADAM
Hip flexor strain - aftercare,disease,ADAM
Hip fracture - discharge,disease,ADAM
Hip fracture surgery,disease,ADAM
Hip joint injection,disease,ADAM
Hip joint replacement,disease,ADAM
Hip or knee replacement - after - what to ask your doctor,disease,ADAM
Hip or knee replacement - before - what to ask your doctor,disease,ADAM
Hip or knee replacement - in the hospital after,disease,ADAM
Hip pain,disease,ADAM
Hip replacement - discharge,disease,ADAM
Hirschsprung's disease,disease,ADAM
His bundle electrography,disease,ADAM
Histiocyte,disease,ADAM
Histiocytosis,disease,ADAM
Histocompatibility antigen test,disease,ADAM
Histoplasma complement fixation,disease,ADAM
Histoplasma skin test,disease,ADAM
Histoplasmosis,disease,ADAM
Histoplasmosis - acute (primary) pulmonary,disease,ADAM
Histrionic personality disorder,disease,ADAM
HIV/AIDS,disease,ADAM
Hives,disease,ADAM
HLA-B27 antigen,disease,ADAM
Hoarseness,disease,ADAM
Hodgkin lymphoma,disease,ADAM
Holter monitor (24h),disease,ADAM
Home apnea monitor use - infants,disease,ADAM
Home blood sugar testing,disease,ADAM
Home health care,disease,ADAM
Home safety - children,disease,ADAM
Home vision tests,disease,ADAM
Homocystinuria,disease,ADAM
Hookworm infection,disease,ADAM
Hormonal effects in newborns,disease,ADAM
Hormone levels,disease,ADAM
Hormone therapy for breast cancer,disease,ADAM
Hormone therapy for prostate cancer,disease,ADAM
Horner syndrome,disease,ADAM
Hospice care,disease,ADAM
Hospital-acquired pneumonia,disease,ADAM
Hospitals as health educators,disease,ADAM
Hot tub folliculitis,disease,ADAM
Household glue poisoning,disease,ADAM
How childhood cancers are different from adult cancers,disease,ADAM
How to avoid exercise injuries,disease,ADAM
How to avoid overheating during exercise,disease,ADAM
How to breathe when you are short of breath,disease,ADAM
How to care for pressure sores,disease,ADAM
How to choose a health plan,disease,ADAM
How to choose the best hospital for surgery,disease,ADAM
How to give a heparin shot,disease,ADAM
How to make a sling,disease,ADAM
How to make a splint,disease,ADAM
How to prevent frostbite and hypothermia,disease,ADAM
How to read food labels,disease,ADAM
How to Save Money on Infant Formula,disease,ADAM
How to save money on medicines,disease,ADAM
How to stop drinking,disease,ADAM
How to stop smoking: Dealing with a slip up,disease,ADAM
How to stop smoking: Dealing with cravings,disease,ADAM
How to take statins,disease,ADAM
How to use a nebulizer,disease,ADAM
How to use an inhaler - no spacer,disease,ADAM
How to use an inhaler - with spacer,disease,ADAM
How to use your peak flow meter,disease,ADAM
How wounds heal,disease,ADAM
HPV (Human Papillomavirus) Gardasil Vaccine - What You Need to Know,disease,ADAM
HPV (Human Papillomavirus) vaccine - what you need to know [Gardasil-9],disease,ADAM
HPV DNA test,disease,ADAM
HPV vaccine,disease,ADAM
HPV vaccine (human papillomavirus) Cervarix - what you need to know,disease,ADAM
Human bites - self-care,disease,ADAM
Humidifiers and health,disease,ADAM
Hump behind the shoulders (Dorsocervical fat pad),disease,ADAM
Hunter syndrome,disease,ADAM
Huntington disease,disease,ADAM
Hurler syndrome,disease,ADAM
Hydatidiform mole,disease,ADAM
Hydramnios,disease,ADAM
Hydrocarbon pneumonia,disease,ADAM
Hydrocele,disease,ADAM
Hydrocele repair,disease,ADAM
Hydrocephalus,disease,ADAM
Hydrochloric acid poisoning,disease,ADAM
Hydrocodone and acetaminophen overdose,disease,ADAM
Hydrocodone/oxycodone overdose,disease,ADAM
Hydrofluoric acid poisoning,disease,ADAM
Hydrogen peroxide poisoning,disease,ADAM
Hydromorphone overdose,disease,ADAM
Hydrops fetalis,disease,ADAM
Hydroxyzine overdose,disease,ADAM
Hyperactivity,disease,ADAM
Hyperactivity and children,disease,ADAM
Hyperactivity and sugar,disease,ADAM
Hyperaldosteronism - primary and secondary,disease,ADAM
Hyperbaric oxygen therapy,disease,ADAM
Hypercalcemia,disease,ADAM
Hypercalcemia - discharge,disease,ADAM
Hyperelastic skin,disease,ADAM
Hyperemesis gravidarum,disease,ADAM
Hyperglycemia - infants,disease,ADAM
Hyperhidrosis,disease,ADAM
Hyperimmunization,disease,ADAM
Hyperimmunoglobulin E syndrome,disease,ADAM
Hyperkalemic periodic paralysis,disease,ADAM
Hypermobile joints,disease,ADAM
Hyperparathyroidism,disease,ADAM
Hyperplasia,disease,ADAM
Hypersensitivity pneumonitis,disease,ADAM
Hypersensitivity vasculitis,disease,ADAM
Hypersplenism,disease,ADAM
Hypertensive heart disease,disease,ADAM
Hyperthermia for treating cancer,disease,ADAM
Hyperthyroidism,disease,ADAM
Hypertrophic cardiomyopathy,disease,ADAM
Hyperventilation,disease,ADAM
Hyperviscosity - newborn,disease,ADAM
Hypervitaminosis A,disease,ADAM
Hypervitaminosis D,disease,ADAM
Hyphema,disease,ADAM
Hypochromia,disease,ADAM
Hypogonadism,disease,ADAM
Hypogonadotropic hypogonadism,disease,ADAM
Hypokalemic periodic paralysis,disease,ADAM
Hypomelanosis of Ito,disease,ADAM
Hypoparathyroidism,disease,ADAM
Hypophosphatemia,disease,ADAM
Hypopituitarism,disease,ADAM
Hypoplastic left heart syndrome,disease,ADAM
Hypospadias,disease,ADAM
Hypospadias repair,disease,ADAM
Hypospadias repair - discharge,disease,ADAM
Hypothalamic dysfunction,disease,ADAM
Hypothalamic tumor,disease,ADAM
Hypothalamus,disease,ADAM
Hypothermia,disease,ADAM
Hypothyroidism,disease,ADAM
Hypotonia,disease,ADAM
Hypoventilation,disease,ADAM
Hypovolemic shock,disease,ADAM
Hysterectomy,disease,ADAM
Hysterectomy - abdominal - discharge,disease,ADAM
Hysterectomy - laparoscopic - discharge,disease,ADAM
Hysterectomy - vaginal - discharge,disease,ADAM
Hysterosalpingography,disease,ADAM
Hysteroscopy,disease,ADAM
Ibuprofen dosing for children,disease,ADAM
Ibuprofen overdose,disease,ADAM
Ichthyosis vulgaris,disease,ADAM
Idiopathic hypercalciuria,disease,ADAM
Idiopathic hypersomnia,disease,ADAM
Idiopathic livedo reticularis,disease,ADAM
Idiopathic pulmonary fibrosis,disease,ADAM
Idiopathic thrombocytopenic purpura (ITP),disease,ADAM
IgA nephropathy,disease,ADAM
Ileostomy,disease,ADAM
Ileostomy - caring for your stoma,disease,ADAM
Ileostomy - changing your pouch,disease,ADAM
Ileostomy - discharge,disease,ADAM
Ileostomy - what to ask your doctor,disease,ADAM
Ileostomy and your child,disease,ADAM
Ileostomy and your diet,disease,ADAM
Iliotibial band syndrome - aftercare,disease,ADAM
Illness anxiety disorder,disease,ADAM
Imaging and radiology,disease,ADAM
Imipramine overdose,disease,ADAM
Immune hemolytic anemia,disease,ADAM
Immune response,disease,ADAM
Immunizations - diabetes,disease,ADAM
Immunodeficiency disorders,disease,ADAM
Immunoelectrophoresis - blood,disease,ADAM
Immunoelectrophoresis - urine,disease,ADAM
Immunofixation - blood,disease,ADAM
Immunofixation -- urine,disease,ADAM
Immunotherapy: questions to ask your doctor,disease,ADAM
Impacted tooth,disease,ADAM
Imperforate anus,disease,ADAM
Imperforate anus repair,disease,ADAM
Imperforate hymen,disease,ADAM
Impetigo,disease,ADAM
Implantable cardioverter defibrillator - discharge,disease,ADAM
Implantable cardioverter-defibrillator,disease,ADAM
In vitro fertilization (IVF),disease,ADAM
Inborn errors of metabolism,disease,ADAM
Incense,disease,ADAM
Incidence,disease,ADAM
Incontinence - resources,disease,ADAM
Incontinentia pigmenti,disease,ADAM
Increased head circumference,disease,ADAM
Increased intracranial pressure,disease,ADAM
Indigestion,disease,ADAM
Indomethacin overdose,disease,ADAM
Indoor fitness routine,disease,ADAM
Inducing labor,disease,ADAM
Industrial bronchitis,disease,ADAM
Indwelling catheter care,disease,ADAM
Infant - newborn development,disease,ADAM
Infant botulism,disease,ADAM
"Infant Formula Buying, Preparing, Storing, and Feeding",disease,ADAM
Infant formulas - overview,disease,ADAM
Infant of a substance-abusing mother,disease,ADAM
Infant of diabetic mother,disease,ADAM
Infant reflexes,disease,ADAM
Infant test/procedure preparation,disease,ADAM
Infectious myringitis,disease,ADAM
Infertility,disease,ADAM
Infertility - resources,disease,ADAM
Inflatable artificial sphincter,disease,ADAM
Influenza (flu) vaccine (Inactivated or Recombinant): What you need to know,disease,ADAM
"Influenza (Flu) vaccine (Live, Intranasal): What you need to know",disease,ADAM
Informed consent - adults,disease,ADAM
Ingrown toenail,disease,ADAM
Inguinal hernia - discharge,disease,ADAM
Inguinal hernia repair,disease,ADAM
Injury - kidney and ureter,disease,ADAM
Ink poisoning,disease,ADAM
Ink remover poisoning,disease,ADAM
Insect bites and stings,disease,ADAM
Insecticide poisoning,disease,ADAM
Insidious,disease,ADAM
Insomnia - overview,disease,ADAM
Inspection,disease,ADAM
Insufficient cervix,disease,ADAM
Insulin C-peptide test,disease,ADAM
Insulinoma,disease,ADAM
Intellectual disability,disease,ADAM
Intercostal retractions,disease,ADAM
Intersex,disease,ADAM
Interstitial cystitis,disease,ADAM
Interstitial cystitis - resources,disease,ADAM
Interstitial keratitis,disease,ADAM
Interstitial lung disease,disease,ADAM
Interstitial lung disease - adults - discharge,disease,ADAM
Interstitial nephritis,disease,ADAM
Intertrigo,disease,ADAM
Intestinal leiomyoma,disease,ADAM
Intestinal obstruction,disease,ADAM
Intestinal obstruction repair,disease,ADAM
Intestinal or bowel obstruction - discharge,disease,ADAM
Intestinal pseudo-obstruction,disease,ADAM
Intracardiac electrophysiology study (EPS),disease,ADAM
Intracranial pressure monitoring,disease,ADAM
Intraductal papilloma,disease,ADAM
Intrauterine,disease,ADAM
Intrauterine devices (IUD),disease,ADAM
Intrauterine growth restriction,disease,ADAM
Intravascular ultrasound,disease,ADAM
Intravenous,disease,ADAM
Intravenous pyelogram,disease,ADAM
Intraventricular hemorrhage of the newborn,disease,ADAM
Intravitreal injection,disease,ADAM
Intrinsic factor,disease,ADAM
Intussusception - children,disease,ADAM
Invasive,disease,ADAM
Iodine in diet,disease,ADAM
Iodine poisoning,disease,ADAM
Ions,disease,ADAM
Iontophoresis,disease,ADAM
IQ testing,disease,ADAM
Iris,disease,ADAM
Iron deficiency anemia,disease,ADAM
Iron in diet,disease,ADAM
Iron overdose,disease,ADAM
Irradiated foods,disease,ADAM
Irregular sleep-wake syndrome,disease,ADAM
Irritable bowel syndrome,disease,ADAM
Irritable bowel syndrome - aftercare,disease,ADAM
Ischemic ulcers - self-care,disease,ADAM
Isolated sleep paralysis,disease,ADAM
Isolation precautions,disease,ADAM
Isopropanol overdose,disease,ADAM
Itching,disease,ADAM
IV treatment at home,disease,ADAM
Jack-in-the-pulpit poisoning,disease,ADAM
Jaundice,disease,ADAM
Jaundice causes,disease,ADAM
Jaw - broken or dislocated,disease,ADAM
Jejunostomy feeding tube,disease,ADAM
Jellyfish stings,disease,ADAM
Jerusalem cherry poisoning,disease,ADAM
Jet lag prevention,disease,ADAM
Jewelry cleaners,disease,ADAM
Jimsonweed poisoning,disease,ADAM
Jock itch,disease,ADAM
Joint fluid Gram stain,disease,ADAM
Joint pain,disease,ADAM
Joint swelling,disease,ADAM
Joint x-ray,disease,ADAM
Juvenile angiofibroma,disease,ADAM
Juvenile idiopathic arthritis,disease,ADAM
Kaposi sarcoma,disease,ADAM
Karyotyping,disease,ADAM
Kawasaki disease,disease,ADAM
Keeping your medicines organized,disease,ADAM
Kegel exercises - self-care,disease,ADAM
Keloids,disease,ADAM
Keratoconus,disease,ADAM
Keratosis obturans,disease,ADAM
Keratosis pilaris,disease,ADAM
Kerosene poisoning,disease,ADAM
Ketones blood test,disease,ADAM
Ketones urine test,disease,ADAM
Ketoprofen overdose,disease,ADAM
Kidney biopsy,disease,ADAM
Kidney disease - resources,disease,ADAM
Kidney function tests,disease,ADAM
Kidney removal,disease,ADAM
Kidney removal - discharge,disease,ADAM
Kidney stones,disease,ADAM
Kidney stones - lithotripsy - discharge,disease,ADAM
Kidney stones - self-care,disease,ADAM
Kidney stones - what to ask your doctor,disease,ADAM
Kidney transplant,disease,ADAM
Kinins,disease,ADAM
Klinefelter syndrome,disease,ADAM
Klippel-Trenaunay syndrome,disease,ADAM
Knee arthroscopy,disease,ADAM
Knee arthroscopy - discharge,disease,ADAM
Knee braces - unloading,disease,ADAM
Knee CT scan,disease,ADAM
Knee joint replacement,disease,ADAM
Knee joint replacement - discharge,disease,ADAM
Knee microfracture surgery,disease,ADAM
Knee MRI scan,disease,ADAM
Knee pain,disease,ADAM
Kneecap dislocation,disease,ADAM
Kneecap dislocation - aftercare,disease,ADAM
Knock knees,disease,ADAM
Krabbe disease,disease,ADAM
Kuru,disease,ADAM
Kwashiorkor,disease,ADAM
Kyphoplasty,disease,ADAM
Kyphosis,disease,ADAM
Labyrinthitis,disease,ADAM
Labyrinthitis - aftercare,disease,ADAM
Laceration - sutures or staples - at home,disease,ADAM
Lacerations - liquid bandage,disease,ADAM
Lacquer poisoning,disease,ADAM
Lacrimal gland tumor,disease,ADAM
Lactate dehydrogenase test,disease,ADAM
Lactic acid test,disease,ADAM
Lactic acidosis,disease,ADAM
Lactose intolerance,disease,ADAM
Lactose tolerance tests,disease,ADAM
Lambert-Eaton syndrome,disease,ADAM
Lamellar ichthyosis,disease,ADAM
Laminectomy,disease,ADAM
Language disorder - children,disease,ADAM
Lanolin poisoning,disease,ADAM
Laparoscopic gastric banding,disease,ADAM
Laparoscopic gastric banding - discharge,disease,ADAM
Large bowel resection,disease,ADAM
Large bowel resection - discharge,disease,ADAM
Large for gestational age (LGA),disease,ADAM
Laryngeal nerve damage,disease,ADAM
Laryngectomy,disease,ADAM
Laryngitis,disease,ADAM
Laryngoscopy,disease,ADAM
Laryngoscopy and nasolarynoscopy,disease,ADAM
Laser photocoagulation - eye,disease,ADAM
Laser surgery - skin,disease,ADAM
Laser therapy,disease,ADAM
Laser therapy for cancer,disease,ADAM
LASIK eye surgery,disease,ADAM
Lasik eye surgery - discharge,disease,ADAM
Lateral,disease,ADAM
Lateral traction,disease,ADAM
Latex agglutination test,disease,ADAM
Latex allergies - for hospital patients,disease,ADAM
Lavender oil,disease,ADAM
Laxative overdose,disease,ADAM
LDH isoenzyme blood test,disease,ADAM
Lead - nutritional considerations,disease,ADAM
Lead and tap water,disease,ADAM
Lead levels - blood,disease,ADAM
Lead poisoning,disease,ADAM
Learn about gluten-free diets,disease,ADAM
Learn to love exercise,disease,ADAM
Learn to manage stress,disease,ADAM
Learn to manage your anger,disease,ADAM
Learning about depression,disease,ADAM
Learning about ventilators,disease,ADAM
Leaving the hospital - your discharge plan,disease,ADAM
Left heart catheterization,disease,ADAM
Left heart ventricular angiography,disease,ADAM
Leg amputation - discharge,disease,ADAM
Leg CT scan,disease,ADAM
Leg lengthening and shortening,disease,ADAM
Leg MRI scan,disease,ADAM
Leg or foot amputation,disease,ADAM
Leg or foot amputation - dressing change,disease,ADAM
Leg pain,disease,ADAM
Legg-Calve-Perthes disease,disease,ADAM
Legionnaire disease,disease,ADAM
Leiomyosarcoma,disease,ADAM
Leishmaniasis,disease,ADAM
LEOPARD syndrome,disease,ADAM
Lepromin skin test,disease,ADAM
Leprosy,disease,ADAM
Leptospirosis,disease,ADAM
Lesch-Nyhan syndrome,disease,ADAM
Leucine aminopeptidase - urine,disease,ADAM
Leucine aminopeptidase blood test,disease,ADAM
Leukemia,disease,ADAM
Leukemia - resources,disease,ADAM
Leukemoid reaction,disease,ADAM
Leukocyte esterase urine test,disease,ADAM
Leukoplakia,disease,ADAM
Leydig cell tumor,disease,ADAM
LH response to GnRH blood test,disease,ADAM
Lichen planus,disease,ADAM
Lichen simplex chronicus,disease,ADAM
Lichenified,disease,ADAM
Life after weight-loss surgery,disease,ADAM
Lifting and bending the right way,disease,ADAM
Lighter fluid poisoning,disease,ADAM
Lily of the valley,disease,ADAM
Limb plethysmography,disease,ADAM
Limb-girdle muscular dystrophies,disease,ADAM
Limited range of motion,disease,ADAM
Lip moisturizer poisoning,disease,ADAM
Lipase test,disease,ADAM
Lipofuscin,disease,ADAM
Lipoprotein-a,disease,ADAM
Liposuction,disease,ADAM
Liquid medication administration,disease,ADAM
Liquid nitrogen,disease,ADAM
Listeriosis,disease,ADAM
Lithium toxicity,disease,ADAM
Lithotripsy,disease,ADAM
Liver biopsy,disease,ADAM
Liver cancer - hepatocellular carcinoma,disease,ADAM
Liver disease,disease,ADAM
Liver disease - resources,disease,ADAM
Liver function tests,disease,ADAM
Liver metastases,disease,ADAM
Liver scan,disease,ADAM
Liver spots,disease,ADAM
Liver transplant,disease,ADAM
Living with a chronic illness - dealing with feelings,disease,ADAM
Living with a chronic illness - reaching out to others,disease,ADAM
Living with endometriosis,disease,ADAM
Living with hearing loss,disease,ADAM
Living with heart disease and angina,disease,ADAM
Living with uterine fibroids,disease,ADAM
Living with vision loss,disease,ADAM
Living with your ileostomy,disease,ADAM
Lomotil overdose,disease,ADAM
Long bones,disease,ADAM
Long term complications of diabetes,disease,ADAM
Lordosis,disease,ADAM
Losing weight after pregnancy,disease,ADAM
Loss of a child - resources,disease,ADAM
Loss of a spouse - resources,disease,ADAM
Loss of brain function - liver disease,disease,ADAM
Low back pain - acute,disease,ADAM
Low back pain - chronic,disease,ADAM
Low blood pressure,disease,ADAM
Low blood sugar,disease,ADAM
Low blood sugar - newborns,disease,ADAM
Low calcium level - infants,disease,ADAM
Low magnesium level,disease,ADAM
Low nasal bridge,disease,ADAM
Low potassium level,disease,ADAM
Low sodium level,disease,ADAM
Low white blood cell count and cancer,disease,ADAM
Low-calorie cocktails,disease,ADAM
Low-fiber diet,disease,ADAM
Low-salt diet,disease,ADAM
Lower esophageal ring,disease,ADAM
Ludwigs angina,disease,ADAM
Lumbar MRI scan,disease,ADAM
Lumbar spine CT scan,disease,ADAM
Lumbosacral spine CT,disease,ADAM
Lumbosacral spine x-ray,disease,ADAM
Lump in the abdomen,disease,ADAM
Lung cancer,disease,ADAM
Lung cancer - non-small cell,disease,ADAM
Lung cancer - small cell,disease,ADAM
Lung diffusion testing,disease,ADAM
Lung disease,disease,ADAM
Lung disease - resources,disease,ADAM
Lung gallium scan,disease,ADAM
Lung metastases,disease,ADAM
Lung needle biopsy,disease,ADAM
Lung PET scan,disease,ADAM
Lung plethysmography,disease,ADAM
Lung problems and volcanic smog,disease,ADAM
Lung surgery,disease,ADAM
Lung surgery - discharge,disease,ADAM
Lung transplant,disease,ADAM
Lupus - resources,disease,ADAM
Lupus anticoagulants and antiphospholipid antibodies,disease,ADAM
Lupus nephritis,disease,ADAM
Luteinizing hormone (LH) blood test,disease,ADAM
Lyme disease,disease,ADAM
Lyme disease - what to ask your doctor,disease,ADAM
Lyme disease blood test,disease,ADAM
Lymph node biopsy,disease,ADAM
Lymph node culture,disease,ADAM
Lymph system,disease,ADAM
Lymphadenitis,disease,ADAM
Lymphangiogram,disease,ADAM
Lymphangitis,disease,ADAM
Lymphatic obstruction,disease,ADAM
Lymphedema,disease,ADAM
Lymphofollicular hyperplasia,disease,ADAM
Lymphogranuloma venereum,disease,ADAM
Lymphoid hyperplasia,disease,ADAM
Macroamylasemia,disease,ADAM
Macroglobulinemia of Waldenstrom,disease,ADAM
Macroglossia,disease,ADAM
Macrosomia,disease,ADAM
Macula lutea,disease,ADAM
Macular degeneration - age-related,disease,ADAM
Macule,disease,ADAM
Magnesium blood test,disease,ADAM
Magnesium in diet,disease,ADAM
Magnetic resonance angiography,disease,ADAM
Major depression,disease,ADAM
Major depression with psychotic features,disease,ADAM
Make peak flow a habit!,disease,ADAM
Make the most of your doctor visit,disease,ADAM
Make time to move,disease,ADAM
Making everyday tasks easier - arthritis,disease,ADAM
Malabsorption,disease,ADAM
Malaise,disease,ADAM
Malaria,disease,ADAM
Malathion poisoning,disease,ADAM
Male pattern baldness,disease,ADAM
Malignancy,disease,ADAM
Malignant hypertension,disease,ADAM
Malignant hyperthermia,disease,ADAM
Malignant otitis externa,disease,ADAM
Malignant teratoma,disease,ADAM
Mallet finger - aftercare,disease,ADAM
Mallory-Weiss tear,disease,ADAM
Malnutrition,disease,ADAM
Malocclusion of teeth,disease,ADAM
Mammogram - calcifications,disease,ADAM
Mammography,disease,ADAM
Managing latex allergies at home,disease,ADAM
Managing menopause at home,disease,ADAM
Managing migraines at home,disease,ADAM
Managing pain during labor,disease,ADAM
Managing tension headaches at home,disease,ADAM
Managing your blood sugar,disease,ADAM
Managing your chronic back pain,disease,ADAM
Managing your depression - teens,disease,ADAM
Managing your weight gain during pregnancy,disease,ADAM
Managing your weight with healthy eating,disease,ADAM
Maple syrup urine disease,disease,ADAM
Marfan syndrome,disease,ADAM
Marijuana intoxication,disease,ADAM
Marine animal stings or bites,disease,ADAM
Mastectomy,disease,ADAM
Mastectomy - discharge,disease,ADAM
Mastectomy and breast reconstruction - what to ask your doctor,disease,ADAM
Mastoidectomy,disease,ADAM
Mastoiditis,disease,ADAM
Mathematics disorder,disease,ADAM
Maximizing your teaching moment,disease,ADAM
McArdle syndrome,disease,ADAM
McCune-Albright syndrome,disease,ADAM
Measles,disease,ADAM
Meatal stenosis,disease,ADAM
Mechanical ventilator - infants,disease,ADAM
Meckel's diverticulum,disease,ADAM
Meckels diverticulectomy,disease,ADAM
Meclofenamate overdose,disease,ADAM
Meconium aspiration syndrome,disease,ADAM
Medial,disease,ADAM
Medial epicondylitis - golfer's elbow,disease,ADAM
Mediastinal tumor,disease,ADAM
Mediastinitis,disease,ADAM
Mediastinoscopy with biopsy,disease,ADAM
Medical marijuana,disease,ADAM
Medication safety during your hospital stay,disease,ADAM
Medication safety: Filling your prescription,disease,ADAM
Medications for back pain,disease,ADAM
"Medications, injections, and supplements for arthritis",disease,ADAM
Medicine safety and children,disease,ADAM
Medicines for ADHD,disease,ADAM
Medicines for osteoporosis,disease,ADAM
Medicines for sleep,disease,ADAM
Mediterranean diet,disease,ADAM
Medullary carcinoma of thyroid,disease,ADAM
Medullary cystic kidney disease,disease,ADAM
Meibomianitis,disease,ADAM
Melanin,disease,ADAM
Melanoma,disease,ADAM
Melanoma of the eye,disease,ADAM
Melasma,disease,ADAM
Membranoproliferative glomerulonephritis,disease,ADAM
Membranous nephropathy,disease,ADAM
Memory loss,disease,ADAM
Mnire disease,disease,ADAM
Mnires disease,disease,ADAM
Meningitis,disease,ADAM
Meningitis - cryptococcal,disease,ADAM
Meningitis - gram-negative,disease,ADAM
Meningitis - H. influenzae,disease,ADAM
Meningitis - meningococcal,disease,ADAM
Meningitis - pneumococcal,disease,ADAM
Meningitis - staphylococcal,disease,ADAM
Meningitis - tuberculous,disease,ADAM
Meningocele repair,disease,ADAM
Meningococcal ACWY Vaccines - MenACWY and MPSV4: What You Need to Know,disease,ADAM
Meningococcemia,disease,ADAM
Meniscal allograft transplantation,disease,ADAM
Meniscus tears - aftercare,disease,ADAM
Menkes syndrome,disease,ADAM
Menopause,disease,ADAM
Mental status testing,disease,ADAM
Menthol poisoning,disease,ADAM
Meperidine hydrochloride overdose,disease,ADAM
Meprobamate overdose,disease,ADAM
Merbromin poisoning,disease,ADAM
Mercuric chloride poisoning,disease,ADAM
Mercuric oxide poisoning,disease,ADAM
Mercury,disease,ADAM
Merthiolate poisoning,disease,ADAM
Mesenteric angiography,disease,ADAM
Mesenteric artery ischemia,disease,ADAM
Mesenteric venous thrombosis,disease,ADAM
Mesothelioma - benign-fibrous,disease,ADAM
Mesothelioma - malignant,disease,ADAM
Metabolic acidosis,disease,ADAM
Metabolic neuropathies,disease,ADAM
Metabolic syndrome,disease,ADAM
Metabolism,disease,ADAM
Metabolite,disease,ADAM
Metachromatic leukodystrophy,disease,ADAM
Metal cleaner poisoning,disease,ADAM
Metal polish poisoning,disease,ADAM
Metastasis,disease,ADAM
Metastatic brain tumor,disease,ADAM
Metastatic pleural tumor,disease,ADAM
Metatarsal fracture (acute) - aftercare,disease,ADAM
Metatarsal stress fractures - aftercare,disease,ADAM
Metatarsus adductus,disease,ADAM
Methadone overdose,disease,ADAM
Methamphetamine overdose,disease,ADAM
Methanol poisoning,disease,ADAM
Methanol test,disease,ADAM
Methapyrilene hydrochloride overdose,disease,ADAM
Methemoglobinemia,disease,ADAM
Methemoglobinemia - acquired,disease,ADAM
Methyl salicylate overdose,disease,ADAM
Methylene blue test,disease,ADAM
Methylmalonic acid blood test,disease,ADAM
Methylmalonic acidemia,disease,ADAM
Methylmercury poisoning,disease,ADAM
Metopic ridge,disease,ADAM
MIBG scintiscan,disease,ADAM
Microalbuminuria test,disease,ADAM
Microcephaly,disease,ADAM
Micrognathia,disease,ADAM
Middle East Respiratory Syndrome (MERS),disease,ADAM
Migraine,disease,ADAM
Migraine - resources,disease,ADAM
Mildew remover poisoning,disease,ADAM
Milia,disease,ADAM
Milk-alkali syndrome,disease,ADAM
Millipede toxin,disease,ADAM
Mineral oil overdose,disease,ADAM
Mineral spirits poisoning,disease,ADAM
Minimal change disease,disease,ADAM
Minimally invasive hip replacement,disease,ADAM
Minor burns - aftercare,disease,ADAM
Miscarriage,disease,ADAM
Miscarriage - threatened,disease,ADAM
Mistletoe poisoning,disease,ADAM
Mitral stenosis,disease,ADAM
Mitral valve prolapse,disease,ADAM
Mitral valve regurgitation,disease,ADAM
Mitral valve surgery - minimally invasive,disease,ADAM
Mitral valve surgery - open,disease,ADAM
Mittelschmerz,disease,ADAM
"MMR (measles, mumps,and rubella) vaccine - what you need to know",disease,ADAM
"MMRV (measles, mumps, rubella,and varicella) vaccine - what you need to know",disease,ADAM
Mohs micrographic surgery,disease,ADAM
Molluscum contagiosum,disease,ADAM
Mongolian blue spots,disease,ADAM
Monitoring your baby before labor,disease,ADAM
Mononeuritis multiplex,disease,ADAM
Mononeuropathy,disease,ADAM
Mononucleosis,disease,ADAM
Mononucleosis spot test,disease,ADAM
Morning sickness,disease,ADAM
Moro reflex,disease,ADAM
Morphine overdose,disease,ADAM
Morquio syndrome,disease,ADAM
Morton neuroma,disease,ADAM
Mosaicism,disease,ADAM
Mouth and neck radiation - discharge,disease,ADAM
Mouth sores,disease,ADAM
Mouth ulcers,disease,ADAM
Mouthwash overdose,disease,ADAM
Movement - uncontrollable,disease,ADAM
Movement - uncontrolled or slow,disease,ADAM
Movement - uncoordinated,disease,ADAM
Movement - unpredictable or jerky,disease,ADAM
Moving a patient from bed to a wheelchair,disease,ADAM
MRI,disease,ADAM
MRI and low back pain,disease,ADAM
MRSA,disease,ADAM
Mucopolysaccharides,disease,ADAM
Mucormycosis,disease,ADAM
Mucosa,disease,ADAM
Mucous cyst,disease,ADAM
Multifocal atrial tachycardia,disease,ADAM
Multiple endocrine neoplasia (MEN) I,disease,ADAM
Multiple endocrine neoplasia (MEN) II,disease,ADAM
Multiple myeloma,disease,ADAM
Multiple sclerosis,disease,ADAM
Multiple sclerosis - discharge,disease,ADAM
Multiple sclerosis - resources,disease,ADAM
Multiple system atrophy,disease,ADAM
Multiple vitamin overdose,disease,ADAM
Mumps,disease,ADAM
Munchausen syndrome by proxy,disease,ADAM
Muscle aches,disease,ADAM
Muscle atrophy,disease,ADAM
Muscle biopsy,disease,ADAM
Muscle cramps,disease,ADAM
Muscle function loss,disease,ADAM
Muscle strain treatment,disease,ADAM
Muscle twitching,disease,ADAM
Muscular dystrophy,disease,ADAM
Muscular dystrophy - resources,disease,ADAM
Myasthenia gravis,disease,ADAM
Myasthenia gravis - resources,disease,ADAM
Mycobacterial culture,disease,ADAM
Mycoplasma pneumonia,disease,ADAM
Myelin,disease,ADAM
Myelofibrosis,disease,ADAM
Myelomeningocele,disease,ADAM
Myocardial biopsy,disease,ADAM
Myocardial contusion,disease,ADAM
Myocarditis,disease,ADAM
Myocarditis - pediatric,disease,ADAM
Myoglobin blood test,disease,ADAM
Myoglobin urine test,disease,ADAM
Myopathic changes,disease,ADAM
Myositis,disease,ADAM
Myotonia congenita,disease,ADAM
Myristica oil poisoning,disease,ADAM
Myths about drinking alcohol,disease,ADAM
Nabothian cyst,disease,ADAM
Nail abnormalities,disease,ADAM
Nail care for newborns,disease,ADAM
Nail injuries,disease,ADAM
Nail polish poisoning,disease,ADAM
Naphthalene poisoning,disease,ADAM
Naproxen sodium overdose,disease,ADAM
Narcissistic personality disorder,disease,ADAM
Narcolepsy,disease,ADAM
Nasal corticosteroid sprays,disease,ADAM
Nasal CPAP,disease,ADAM
Nasal endoscopy,disease,ADAM
Nasal flaring,disease,ADAM
Nasal fracture - aftercare,disease,ADAM
Nasal mucosal biopsy,disease,ADAM
Nasal polyps,disease,ADAM
Nasal septal hematoma,disease,ADAM
Nasogastric feeding tube,disease,ADAM
Nasopharyngeal culture,disease,ADAM
Natal teeth,disease,ADAM
Natural short sleeper,disease,ADAM
Nausea and acupressure,disease,ADAM
Nausea and vomiting - adults,disease,ADAM
Near drowning,disease,ADAM
Nearsightedness,disease,ADAM
Neck dissection,disease,ADAM
Neck dissection - discharge,disease,ADAM
Neck lump,disease,ADAM
Neck pain,disease,ADAM
Neck pain or spasms - self care,disease,ADAM
Neck x-ray,disease,ADAM
Necrosis,disease,ADAM
Necrotizing enterocolitis,disease,ADAM
Necrotizing granuloma,disease,ADAM
Necrotizing soft tissue infection,disease,ADAM
Necrotizing vasculitis,disease,ADAM
Neonatal abstinence syndrome,disease,ADAM
Neonatal conjunctivitis,disease,ADAM
Neonatal cystic fibrosis screening test,disease,ADAM
Neonatal hypothyroidism,disease,ADAM
Neonatal respiratory distress syndrome,disease,ADAM
Neonatal sepsis,disease,ADAM
Neonatal weight gain and nutrition,disease,ADAM
Neonate,disease,ADAM
Nephrocalcinosis,disease,ADAM
Nephrotic syndrome,disease,ADAM
Nerve biopsy,disease,ADAM
Nerve conduction velocity,disease,ADAM
Nerve damage from diabetes - self-care,disease,ADAM
Neuralgia,disease,ADAM
Neuroblastoma,disease,ADAM
Neurodegeneration with brain iron accumulation (NBIA),disease,ADAM
Neurofibromatosis 2,disease,ADAM
Neurofibromatosis-1,disease,ADAM
Neurogenic bladder,disease,ADAM
Neurologic deficit,disease,ADAM
Neuronal ceroid lipofuscinoses (NCLS),disease,ADAM
Neuropathy secondary to drugs,disease,ADAM
Neuroretinitis,disease,ADAM
Neuroretinitis - definition,disease,ADAM
Neurosarcoidosis,disease,ADAM
Neurosciences,disease,ADAM
Neurosyphilis,disease,ADAM
Neutropenia - infants,disease,ADAM
Nevoid basal cell carcinoma syndrome,disease,ADAM
Newborn head molding,disease,ADAM
Newborn jaundice,disease,ADAM
Newborn jaundice - discharge,disease,ADAM
Newborn jaundice - what to ask your doctor,disease,ADAM
Newborn screening tests,disease,ADAM
Niacin,disease,ADAM
Niacin for cholesterol,disease,ADAM
Nicotine and tobacco,disease,ADAM
Nicotine poisoning,disease,ADAM
Nicotine replacement therapy,disease,ADAM
NICU consultants and support staff,disease,ADAM
NICU staff,disease,ADAM
Niemann-Pick disease,disease,ADAM
Night terror,disease,ADAM
Nightmares,disease,ADAM
Nikolsky sign,disease,ADAM
Nipple discharge,disease,ADAM
Nitric acid poisoning,disease,ADAM
Nitroblue tetrazolium blood test,disease,ADAM
Nitroglycerin overdose,disease,ADAM
Nocardia infection,disease,ADAM
Noma,disease,ADAM
Non-Hodgkin lymphoma,disease,ADAM
Nonallergic rhinopathy,disease,ADAM
Noninvasive,disease,ADAM
Noonan syndrome,disease,ADAM
Normal growth and development,disease,ADAM
Normal pressure hydrocephalus,disease,ADAM
Norovirus - hospital,disease,ADAM
Norpramin overdose,disease,ADAM
Nose fracture,disease,ADAM
Nosebleed,disease,ADAM
Nuchal translucency test,disease,ADAM
Nuclear stress test,disease,ADAM
Nuclear ventriculography,disease,ADAM
Numbness and tingling,disease,ADAM
Nummular eczema,disease,ADAM
Nurse practitioner (NP),disease,ADAM
Nursemaids elbow,disease,ADAM
Nutrition and athletic performance,disease,ADAM
Nystagmus,disease,ADAM
Obesity,disease,ADAM
Obesity hypoventilation syndrome (OHS),disease,ADAM
Obesity in children,disease,ADAM
Obsessive-compulsive disorder,disease,ADAM
Obsessive-compulsive personality disorder,disease,ADAM
Obstructive sleep apnea - adults,disease,ADAM
Obstructive uropathy,disease,ADAM
Occupational asthma,disease,ADAM
Occupational hearing loss,disease,ADAM
Oculoplastic procedures,disease,ADAM
Oil-based paint poisoning,disease,ADAM
Oily hair,disease,ADAM
Oily skin,disease,ADAM
Oleander poisoning,disease,ADAM
Olivopontocerebellar atrophy,disease,ADAM
Omega-3 fats: Good for your heart,disease,ADAM
Omphalocele,disease,ADAM
Omphalocele repair,disease,ADAM
Online health information - what can you trust?,disease,ADAM
Open heart surgery,disease,ADAM
Open lung biopsy,disease,ADAM
Open pleural biopsy,disease,ADAM
Ophthalmoscopy,disease,ADAM
Opiate and opioid withdrawal,disease,ADAM
Opioid intoxication,disease,ADAM
Opisthotonos,disease,ADAM
Oppositional defiant disorder,disease,ADAM
Optic glioma,disease,ADAM
Optic nerve atrophy,disease,ADAM
Optic neuritis,disease,ADAM
Oral cancer,disease,ADAM
Oral hypoglycemics overdose,disease,ADAM
Oral mucositis,disease,ADAM
Orbit CT scan,disease,ADAM
Orbital cellulitis,disease,ADAM
Orbital pseudotumor,disease,ADAM
Orchitis,disease,ADAM
Organic brain syndrome,disease,ADAM
Orgasmic dysfunction,disease,ADAM
Oropharynx lesion biopsy,disease,ADAM
Orthopedic services,disease,ADAM
Osgood-Schlatter disease,disease,ADAM
Osler-Weber-Rendu syndrome,disease,ADAM
Osmolality - blood test,disease,ADAM
Osmolality urine test,disease,ADAM
Osmotic diuresis,disease,ADAM
Osmotic fragility test,disease,ADAM
Osteitis fibrosa,disease,ADAM
Osteoarthritis,disease,ADAM
Osteogenesis imperfecta,disease,ADAM
Osteomalacia,disease,ADAM
Osteomyelitis,disease,ADAM
Osteomyelitis - discharge,disease,ADAM
Osteonecrosis,disease,ADAM
Osteopenia - premature infants,disease,ADAM
Osteoporosis - overview,disease,ADAM
Osteosarcoma,disease,ADAM
Osteotomy of the knee,disease,ADAM
Ostomy - resources,disease,ADAM
Otitis,disease,ADAM
Otitis media with effusion,disease,ADAM
Otosclerosis,disease,ADAM
Outdoor fitness routine,disease,ADAM
Ovarian cancer,disease,ADAM
Ovarian cysts,disease,ADAM
Ovarian hyperstimulation syndrome,disease,ADAM
Ovarian hypofunction,disease,ADAM
Ovarian overproduction of androgens,disease,ADAM
Oven cleaner poisoning,disease,ADAM
Over-the-counter medicines,disease,ADAM
Over-the-counter pain relievers,disease,ADAM
Overcoming breastfeeding problems,disease,ADAM
Overcoming job stress,disease,ADAM
Overdose,disease,ADAM
Overweight,disease,ADAM
Ovulation home test,disease,ADAM
Oxalic acid poisoning,disease,ADAM
Oxazepam overdose,disease,ADAM
Oxygen safety,disease,ADAM
Oxygen therapy - infants,disease,ADAM
Ozena,disease,ADAM
Pagets disease of the bone,disease,ADAM
Pain and your emotions,disease,ADAM
Pain medications - narcotics,disease,ADAM
Painful menstrual periods,disease,ADAM
Painful swallowing,disease,ADAM
"Paint, lacquer, and varnish remover poisoning",disease,ADAM
Palatal myoclonus,disease,ADAM
Paleness,disease,ADAM
Palliative care - fear and anxiety,disease,ADAM
"Palliative care - fluid, food, and digestion",disease,ADAM
Palliative care - managing pain,disease,ADAM
Palliative care - shortness of breath,disease,ADAM
Palliative care - what the final days are like,disease,ADAM
Palpation,disease,ADAM
Palpebral slant - eye,disease,ADAM
PAM,disease,ADAM
Pancreas divisum,disease,ADAM
Pancreas transplant,disease,ADAM
Pancreatic abscess,disease,ADAM
Pancreatic cancer,disease,ADAM
Pancreatic islet cell tumor,disease,ADAM
Pancreatic pseudocyst,disease,ADAM
Pancreatitis - discharge,disease,ADAM
Panic disorder,disease,ADAM
Pantothenic acid and biotin,disease,ADAM
Pap test,disease,ADAM
Papule,disease,ADAM
Para-aminobenzoic acid,disease,ADAM
Paradichlorobenzene poisoning,disease,ADAM
Paraffin poisoning,disease,ADAM
Parainfluenza,disease,ADAM
Paranoid personality disorder,disease,ADAM
Paraphimosis,disease,ADAM
Parapneumonic pleural effusion,disease,ADAM
Paraquat poisoning,disease,ADAM
Parathyroid adenoma,disease,ADAM
Parathyroid biopsy,disease,ADAM
Parathyroid cancer,disease,ADAM
Parathyroid gland removal,disease,ADAM
Parathyroid hormone (PTH) blood test,disease,ADAM
Parathyroid hormone-related protein blood test,disease,ADAM
Parathyroid hyperplasia,disease,ADAM
Parinaud oculoglandular syndrome,disease,ADAM
Parkinson disease,disease,ADAM
Parkinson disease - discharge,disease,ADAM
Parkinson disease - resources,disease,ADAM
Paronychia,disease,ADAM
Paroxysmal cold hemoglobinuria (PCH),disease,ADAM
Paroxysmal nocturnal hemoglobinuria (PNH),disease,ADAM
Paroxysmal supraventricular tachycardia (PSVT),disease,ADAM
Partial (focal) seizure,disease,ADAM
Partial knee replacement,disease,ADAM
Partial thromboplastin time (PTT),disease,ADAM
Patches,disease,ADAM
Patent ductus arteriosus,disease,ADAM
Patent foramen ovale,disease,ADAM
Patent urachus repair,disease,ADAM
Pathological gambling,disease,ADAM
Patient portals - An online tool for your health,disease,ADAM
PBG urine test,disease,ADAM
Pectus carinatum,disease,ADAM
Pectus excavatum,disease,ADAM
Pectus excavatum - discharge,disease,ADAM
Pectus excavatum repair,disease,ADAM
Pediatric heart surgery,disease,ADAM
Pediatric heart surgery - discharge,disease,ADAM
Pediatric sleep apnea,disease,ADAM
Pedicle,disease,ADAM
PEG tube insertion - discharge,disease,ADAM
Pellagra,disease,ADAM
Pelvic (between the hips) radiation - discharge,disease,ADAM
Pelvic CT scan,disease,ADAM
Pelvic floor muscle training exercises,disease,ADAM
Pelvic inflammatory disease (PID),disease,ADAM
Pelvic inflammatory disease (PID) - aftercare,disease,ADAM
Pelvic laparoscopy,disease,ADAM
Pelvic ultrasound - abdominal,disease,ADAM
Pelvis MRI scan,disease,ADAM
Pelvis x-ray,disease,ADAM
Pemphigus vulgaris,disease,ADAM
Pencil erasers,disease,ADAM
Pencil swallowing,disease,ADAM
Penis,disease,ADAM
Penis care (uncircumcised),disease,ADAM
Penis pain,disease,ADAM
Pentazocine overdose,disease,ADAM
Pentobarbital overdose,disease,ADAM
Peppermint oil overdose,disease,ADAM
Peptic ulcer,disease,ADAM
Peptic ulcer disease - discharge,disease,ADAM
Percussion,disease,ADAM
Percutaneous transhepatic cholangiogram,disease,ADAM
Percutaneous urinary procedures,disease,ADAM
Percutaneous urinary procedures - discharge,disease,ADAM
Percutaneously inserted central catheter - infants,disease,ADAM
Periactin overdose,disease,ADAM
Perianal streptococcal cellulitis,disease,ADAM
Pericardial fluid culture,disease,ADAM
Pericardial fluid Gram stain,disease,ADAM
Pericardiocentesis,disease,ADAM
Pericarditis,disease,ADAM
Pericarditis - after heart attack,disease,ADAM
Pericarditis - constrictive,disease,ADAM
Perichondritis,disease,ADAM
Periodontitis,disease,ADAM
Perioral dermatitis,disease,ADAM
Periorbital cellulitis,disease,ADAM
Periosteum,disease,ADAM
Peripartum cardiomyopathy,disease,ADAM
Peripheral,disease,ADAM
Peripheral arterial line - infants,disease,ADAM
Peripheral artery bypass - leg,disease,ADAM
Peripheral artery bypass - leg - discharge,disease,ADAM
Peripheral artery disease - legs,disease,ADAM
Peripheral artery disease of the legs - self-care,disease,ADAM
Peripheral intravenous line - infants,disease,ADAM
Peripheral neuropathy,disease,ADAM
Peripherally inserted central catheter - dressing change,disease,ADAM
Peripherally inserted central catheter - flushing,disease,ADAM
Peripherally inserted central catheter - insertion,disease,ADAM
Perirenal abscess,disease,ADAM
Peristalsis,disease,ADAM
Peritoneal fluid analysis,disease,ADAM
Peritoneal fluid culture,disease,ADAM
Peritonitis,disease,ADAM
Peritonitis - secondary,disease,ADAM
Peritonitis - spontaneous,disease,ADAM
Peritonsillar abscess,disease,ADAM
Periventricular leukomalacia,disease,ADAM
Pernicious anemia,disease,ADAM
Persistent depressive disorder,disease,ADAM
Personal protective equipment,disease,ADAM
Personality disorders,disease,ADAM
Pertussis,disease,ADAM
Pesticides,disease,ADAM
Pesticides on fruits and vegetables,disease,ADAM
PET scan,disease,ADAM
Petroleum jelly overdose,disease,ADAM
Petrositis,disease,ADAM
Pets and the immunocompromised person,disease,ADAM
Peutz-Jeghers syndrome,disease,ADAM
Phantom limb pain,disease,ADAM
Pharyngitis - sore throat,disease,ADAM
Pharyngitis - viral,disease,ADAM
Pharyngomaxillary space abscess,disease,ADAM
Phencyclidine overdose,disease,ADAM
Phenindamine overdose,disease,ADAM
Pheniramine overdose,disease,ADAM
Phenobarbital overdose,disease,ADAM
Phenothiazine overdose,disease,ADAM
Phenylketonuria,disease,ADAM
Phenytoin overdose,disease,ADAM
Pheochromocytoma,disease,ADAM
Philodendron poisoning,disease,ADAM
Phlegmasia cerulea dolens,disease,ADAM
Phobia - simple/specific,disease,ADAM
Phonological disorder,disease,ADAM
Phosphorus blood test,disease,ADAM
Phosphorus in diet,disease,ADAM
Photodynamic therapy for cancer,disease,ADAM
Photographic fixative poisoning,disease,ADAM
Photophobia,disease,ADAM
Physical activity,disease,ADAM
Physical exam frequency,disease,ADAM
Physical examination,disease,ADAM
Physical medicine and rehabilitation,disease,ADAM
Physician Assistant profession (PA),disease,ADAM
Pica,disease,ADAM
Pick disease,disease,ADAM
Pierre Robin syndrome,disease,ADAM
Pilonidal cyst resection,disease,ADAM
Pilonidal dimple,disease,ADAM
Pin care,disease,ADAM
Pine oil poisoning,disease,ADAM
Pinguecula,disease,ADAM
Pinna abnormalities and low-set ears,disease,ADAM
Pinworm test,disease,ADAM
Pinworms,disease,ADAM
Piperonyl butoxide with pyrethrins poisoning,disease,ADAM
Piriformis syndrome,disease,ADAM
Piroxicam overdose,disease,ADAM
Pituitary apoplexy,disease,ADAM
Pituitary tumor,disease,ADAM
Pityriasis alba,disease,ADAM
Pityriasis rosea,disease,ADAM
Pityriasis rubra pilaris,disease,ADAM
Placenta abruptio,disease,ADAM
Placenta previa,disease,ADAM
Placental insufficiency,disease,ADAM
Plague,disease,ADAM
Plant fertilizer poisoning,disease,ADAM
Plantar fasciitis,disease,ADAM
Plaque and tartar on teeth,disease,ADAM
Plasma amino acids,disease,ADAM
Plastic casting resin poisoning,disease,ADAM
Plastic resin hardener poisoning,disease,ADAM
Platelet aggregation test,disease,ADAM
Platelet count,disease,ADAM
Platelet-associated antibodies blood test,disease,ADAM
Plethysmography,disease,ADAM
Pleural effusion,disease,ADAM
Pleural fluid analysis,disease,ADAM
Pleural fluid culture,disease,ADAM
Pleural fluid Gram stain,disease,ADAM
Pleural fluid smear,disease,ADAM
Pleural needle biopsy,disease,ADAM
Pleurisy,disease,ADAM
Plummer-Vinson syndrome,disease,ADAM
Pneumococcal conjugate vaccine (PCV13) - What you need to know,disease,ADAM
Pneumococcal polysaccharide vaccine - what you need to know,disease,ADAM
Pneumocystis jiroveci pneumonia,disease,ADAM
Pneumomediastinum,disease,ADAM
Pneumonia - children - discharge,disease,ADAM
Pneumonia - adults - discharge,disease,ADAM
Pneumonia - adults (community acquired),disease,ADAM
Pneumonia - weakened immune system,disease,ADAM
Pneumothorax - infants,disease,ADAM
Poinsettia plant exposure,disease,ADAM
Point tenderness - abdomen,disease,ADAM
Poison control center - emergency number,disease,ADAM
Poison ivy - oak - sumac,disease,ADAM
Poison ivy - oak - sumac rash,disease,ADAM
Poisoning,disease,ADAM
Poisoning - fish and shellfish,disease,ADAM
Poisoning first aid,disease,ADAM
Pokeweed poisoning,disease,ADAM
Polio,disease,ADAM
Polio vaccine - what you need to know,disease,ADAM
Polyarteritis nodosa,disease,ADAM
Polychromatophilia,disease,ADAM
Polycystic kidney disease,disease,ADAM
Polycystic ovary syndrome,disease,ADAM
Polycythemia vera,disease,ADAM
Polydactyly,disease,ADAM
Polyhydramnios,disease,ADAM
Polymorphous light eruption,disease,ADAM
Polymyalgia rheumatica,disease,ADAM
Polymyositis - adult,disease,ADAM
Polysomnography,disease,ADAM
Porphyria,disease,ADAM
Porphyrins - blood test,disease,ADAM
Porphyrins - urine,disease,ADAM
Port-wine stain,disease,ADAM
Portacaval shunting,disease,ADAM
Portion size,disease,ADAM
Positioning your baby for breastfeeding,disease,ADAM
Post surgical pain treatment - adults,disease,ADAM
Post-splenectomy syndrome,disease,ADAM
Post-streptococcal glomerulonephritis (GN),disease,ADAM
Post-traumatic stress disorder,disease,ADAM
Posterior cruciate ligament (PCL) injury - aftercare,disease,ADAM
Posterior fossa tumor,disease,ADAM
Postherpetic neuralgia - aftercare,disease,ADAM
Postpartum depression,disease,ADAM
Postural drainage,disease,ADAM
Potassium carbonate poisoning,disease,ADAM
Potassium hydroxide poisoning,disease,ADAM
Potassium in diet,disease,ADAM
Potassium test,disease,ADAM
Potassium urine test,disease,ADAM
Potato plant poisoning - green tubers and sprouts,disease,ADAM
Potbellies and toddlers,disease,ADAM
Potter syndrome,disease,ADAM
PPD skin test,disease,ADAM
Prader-Willi syndrome,disease,ADAM
Precocious puberty,disease,ADAM
Prediabetes,disease,ADAM
Preeclampsia,disease,ADAM
Preeclampsia - self-care,disease,ADAM
Pregnancy - health risks,disease,ADAM
Pregnancy - identifying fertile days,disease,ADAM
Pregnancy and herpes,disease,ADAM
Pregnancy and the flu,disease,ADAM
Pregnancy and travel,disease,ADAM
Pregnancy and work,disease,ADAM
Pregnancy care,disease,ADAM
Pregnancy test,disease,ADAM
Pregnancy ultrasound,disease,ADAM
Premature ejaculation,disease,ADAM
Premature infant,disease,ADAM
Premature rupture of membranes,disease,ADAM
Premenstrual breast changes,disease,ADAM
Premenstrual dysphoric disorder,disease,ADAM
Premenstrual syndrome,disease,ADAM
Premenstrual syndrome - self-care,disease,ADAM
Prenatal care in your first trimester,disease,ADAM
Prenatal care in your second trimester,disease,ADAM
Prenatal care in your third trimester,disease,ADAM
Preparing children for pregnancy and a new baby,disease,ADAM
Preparing for surgery when you have diabetes,disease,ADAM
Prerenal azotemia,disease,ADAM
Presbyopia,disease,ADAM
Preschooler development,disease,ADAM
Preschooler test or procedure preparation,disease,ADAM
Pressure ulcers - what to ask your doctor,disease,ADAM
Preterm labor,disease,ADAM
Preventing falls,disease,ADAM
Preventing falls - what to ask your doctor,disease,ADAM
Preventing food poisoning,disease,ADAM
Preventing head injuries in children,disease,ADAM
Preventing hepatitis A,disease,ADAM
Preventing hepatitis B or C,disease,ADAM
Preventing infections when visiting,disease,ADAM
Preventing pressure ulcers,disease,ADAM
Preventing stroke,disease,ADAM
Preventive health care,disease,ADAM
Primary alveolar hypoventilation,disease,ADAM
Primary amyloidosis,disease,ADAM
Primary biliary cirrhosis,disease,ADAM
Primary lymphoma of the brain,disease,ADAM
Primary thrombocythemia,disease,ADAM
Problems sleeping during pregnancy,disease,ADAM
Proctitis,disease,ADAM
Progeria,disease,ADAM
Prognathism,disease,ADAM
Progressive multifocal leukoencephalopathy,disease,ADAM
Progressive supranuclear palsy,disease,ADAM
Prolactin blood test,disease,ADAM
Prolactinoma,disease,ADAM
Proliferation,disease,ADAM
Promethazine overdose,disease,ADAM
Propane poisoning,disease,ADAM
Propoxyphene overdose,disease,ADAM
Propyl alcohol,disease,ADAM
Prostate biopsy,disease,ADAM
Prostate brachytherapy,disease,ADAM
Prostate brachytherapy - discharge,disease,ADAM
Prostate cancer,disease,ADAM
Prostate cancer - resources,disease,ADAM
Prostate cancer - treatment,disease,ADAM
Prostate cancer screenings,disease,ADAM
Prostate cancer staging and grading,disease,ADAM
Prostate radiation - discharge,disease,ADAM
Prostate resection - minimally invasive,disease,ADAM
Prostate resection - minimally invasive - discharge,disease,ADAM
Prostate-specific antigen (PSA) blood test,disease,ADAM
Prostatitis - bacterial,disease,ADAM
Prostatitis - nonbacterial,disease,ADAM
Prostatitis- bacterial - self-care,disease,ADAM
Prosthesis,disease,ADAM
Protecting yourself from cancer scams,disease,ADAM
Protein C blood test,disease,ADAM
Protein electrophoresis - serum,disease,ADAM
Protein electrophoresis - urine,disease,ADAM
Protein in diet,disease,ADAM
Protein S blood test,disease,ADAM
Protein urine test,disease,ADAM
Protein-losing enteropathy,disease,ADAM
Prothrombin time (PT),disease,ADAM
Proton pump inhibitors,disease,ADAM
Proton therapy,disease,ADAM
Protuberance,disease,ADAM
Proximal,disease,ADAM
Proximal renal tubular acidosis,disease,ADAM
Prune belly syndrome,disease,ADAM
Pseudohypoparathyroidism,disease,ADAM
Pseudomembranous colitis,disease,ADAM
Pseudotumor cerebri,disease,ADAM
Psittacosis,disease,ADAM
Psoriasis,disease,ADAM
Psoriasis - guttate,disease,ADAM
Psoriasis - resources,disease,ADAM
Psoriatic arthritis,disease,ADAM
Psychosis,disease,ADAM
Pterygium,disease,ADAM
Ptosis - infants and children,disease,ADAM
Puberty in boys,disease,ADAM
Puberty in girls,disease,ADAM
Pubic lice,disease,ADAM
Pulling a patient up in bed,disease,ADAM
Pulmonary actinomycosis,disease,ADAM
Pulmonary alveolar proteinosis,disease,ADAM
Pulmonary angiography,disease,ADAM
Pulmonary arteriovenous fistula,disease,ADAM
Pulmonary aspergilloma,disease,ADAM
Pulmonary atresia,disease,ADAM
Pulmonary edema,disease,ADAM
Pulmonary embolus,disease,ADAM
Pulmonary function tests,disease,ADAM
Pulmonary hypertension,disease,ADAM
Pulmonary hypertension - at home,disease,ADAM
Pulmonary nocardiosis,disease,ADAM
Pulmonary tuberculosis,disease,ADAM
Pulmonary valve stenosis,disease,ADAM
Pulmonary veno-occlusive disease,disease,ADAM
Pulmonary ventilation/perfusion scan,disease,ADAM
Pulse,disease,ADAM
Pulse - bounding,disease,ADAM
Pupil - white spots,disease,ADAM
Purpura,disease,ADAM
Pustules,disease,ADAM
Pyloric stenosis - infant,disease,ADAM
Pyloroplasty,disease,ADAM
Pyogenic granuloma,disease,ADAM
Pyogenic liver abscess,disease,ADAM
Pyruvate kinase blood test,disease,ADAM
Pyruvate kinase deficiency,disease,ADAM
Q fever,disease,ADAM
Q fever - early,disease,ADAM
Quadruple screen test,disease,ADAM
Quantitative nephelometry,disease,ADAM
Questions to ask your doctor after knee replacement,disease,ADAM
Questions to ask your doctor before knee replacement,disease,ADAM
Rabies,disease,ADAM
Radial head fracture - aftercare,disease,ADAM
Radial nerve dysfunction,disease,ADAM
Radiation enteritis,disease,ADAM
Radiation sickness,disease,ADAM
Radiation therapy,disease,ADAM
Radiation therapy - questions to ask your doctor,disease,ADAM
Radiation therapy - skin care,disease,ADAM
Radical prostatectomy,disease,ADAM
Radical prostatectomy - discharge,disease,ADAM
Radioactive iodine uptake,disease,ADAM
Radionuclide cisternogram,disease,ADAM
Radionuclide cystogram,disease,ADAM
Ramsay Hunt syndrome,disease,ADAM
Rape (sexual assault) - overview,disease,ADAM
Rape prevention,disease,ADAM
Rapid shallow breathing,disease,ADAM
Rapid weight loss,disease,ADAM
Rash - child under 2 years,disease,ADAM
Rashes,disease,ADAM
Rat-bite fever,disease,ADAM
Raynaud phenomenon,disease,ADAM
RBC count,disease,ADAM
RBC indices,disease,ADAM
RBC nuclear scan,disease,ADAM
RBC urine test,disease,ADAM
Reactive arthritis,disease,ADAM
Reactive attachment disorder of infancy or early childhood,disease,ADAM
Recognizing medical emergencies,disease,ADAM
Recognizing teen depression,disease,ADAM
Recovering after stroke,disease,ADAM
Rectal biopsy,disease,ADAM
Rectal culture,disease,ADAM
Rectal prolapse,disease,ADAM
Rectal prolapse repair,disease,ADAM
Reflux nephropathy,disease,ADAM
Reflux wedge,disease,ADAM
Refraction test,disease,ADAM
Refractive corneal surgery - discharge,disease,ADAM
Refractive eye surgery - what to ask your doctor,disease,ADAM
Refrigerant poisoning,disease,ADAM
Reifenstein syndrome,disease,ADAM
Relapsing fever,disease,ADAM
Relaxation techniques for stress,disease,ADAM
Remembering tips,disease,ADAM
Renal,disease,ADAM
Renal and urological disorders,disease,ADAM
Renal arteriography,disease,ADAM
Renal cell carcinoma,disease,ADAM
Renal papillary necrosis,disease,ADAM
Renal perfusion scintiscan,disease,ADAM
Renal scan,disease,ADAM
Renal vein thrombosis,disease,ADAM
Renal venogram,disease,ADAM
Renin blood test,disease,ADAM
Renovascular hypertension,disease,ADAM
Repair of webbed fingers or toes,disease,ADAM
Repeated nightmares,disease,ADAM
Replantation of digits,disease,ADAM
Reportable diseases,disease,ADAM
Resources,disease,ADAM
Respiratory,disease,ADAM
Respiratory acidosis,disease,ADAM
Respiratory alkalosis,disease,ADAM
Respiratory syncytial virus (RSV),disease,ADAM
Responsible drinking,disease,ADAM
Restless legs syndrome,disease,ADAM
Restrictive cardiomyopathy,disease,ADAM
Reticulocyte count,disease,ADAM
Retina,disease,ADAM
Retinal artery occlusion,disease,ADAM
Retinal detachment,disease,ADAM
Retinal detachment repair,disease,ADAM
Retinal vein occlusion,disease,ADAM
Retinitis pigmentosa,disease,ADAM
Retinoblastoma,disease,ADAM
Retinopathy of prematurity,disease,ADAM
Retrograde cystography,disease,ADAM
Retrograde ejaculation,disease,ADAM
Retroperitoneal fibrosis,disease,ADAM
Retroperitoneal inflammation,disease,ADAM
Retropharyngeal abscess,disease,ADAM
Retrosternal thyroid surgery,disease,ADAM
Retroversion of the uterus,disease,ADAM
Rett syndrome,disease,ADAM
Returning to sports after a back injury,disease,ADAM
Reye syndrome,disease,ADAM
Reye syndrome - resources,disease,ADAM
Rh incompatibility,disease,ADAM
Rhabdomyolysis,disease,ADAM
Rhabdomyosarcoma,disease,ADAM
Rheumatic fever,disease,ADAM
Rheumatoid arthritis,disease,ADAM
Rheumatoid factor (RF),disease,ADAM
Rheumatoid lung disease,disease,ADAM
Rhinophyma,disease,ADAM
Rhinoplasty,disease,ADAM
Rhubarb leaves poisoning,disease,ADAM
Rib fracture - aftercare,disease,ADAM
Ribcage pain,disease,ADAM
Riboflavin,disease,ADAM
Rickets,disease,ADAM
Rickettsial pox,disease,ADAM
Right heart ventriculography,disease,ADAM
Riley-Day syndrome,disease,ADAM
Ringworm,disease,ADAM
Risks of hip and knee replacement,disease,ADAM
Risks of tobacco,disease,ADAM
Risks of underage drinking,disease,ADAM
Robotic surgery,disease,ADAM
Rocky Mountain spotted fever,disease,ADAM
Root canal,disease,ADAM
Rosacea,disease,ADAM
Roseola,disease,ADAM
Rotator cuff - self-care,disease,ADAM
Rotator cuff exercises,disease,ADAM
Rotator cuff problems,disease,ADAM
Rotator cuff repair,disease,ADAM
Rotavirus antigen test,disease,ADAM
Rotavirus vaccine - what you need to know,disease,ADAM
Routine sputum culture,disease,ADAM
RPR test,disease,ADAM
RSV antibody test,disease,ADAM
Rubber cement poisoning,disease,ADAM
Rubella,disease,ADAM
Rubinstein-Taybi syndrome,disease,ADAM
Rumination disorder,disease,ADAM
Ruptured eardrum,disease,ADAM
Russell-Silver syndrome,disease,ADAM
Sachet poisoning,disease,ADAM
Sacroiliac joint pain - aftercare,disease,ADAM
Safe driving for teens,disease,ADAM
Safe eating during cancer treatment,disease,ADAM
Safe sex,disease,ADAM
Salads and nutrients,disease,ADAM
Saline nasal washes,disease,ADAM
Salivary duct stones,disease,ADAM
Salivary gland biopsy,disease,ADAM
Salivary gland infections,disease,ADAM
Salivary gland tumors,disease,ADAM
Salmonella enterocolitis,disease,ADAM
Sanfilippo syndrome,disease,ADAM
Sarcoidosis,disease,ADAM
Sassafras oil overdose,disease,ADAM
Satiety - early,disease,ADAM
Savings account for health care costs,disease,ADAM
Scabies,disease,ADAM
Scalded skin syndrome,disease,ADAM
Scales,disease,ADAM
Scar revision,disease,ADAM
Scarlet fever,disease,ADAM
Scheie syndrome,disease,ADAM
Schilling test,disease,ADAM
Schirmer test,disease,ADAM
Schistosomiasis,disease,ADAM
Schizoaffective disorder,disease,ADAM
Schizoid personality disorder,disease,ADAM
Schizophrenia,disease,ADAM
Schizotypal personality disorder,disease,ADAM
School age test or procedure preparation,disease,ADAM
School-age children development,disease,ADAM
Sciatica,disease,ADAM
Sclera,disease,ADAM
Scleritis,disease,ADAM
Scleroderma,disease,ADAM
Scleroderma - resources,disease,ADAM
Scleroma,disease,ADAM
Sclerosing cholangitis,disease,ADAM
Scoliosis,disease,ADAM
Scoliosis - resources,disease,ADAM
Scoliosis surgery - child,disease,ADAM
Scorpion fish sting,disease,ADAM
Scorpions,disease,ADAM
Scrape,disease,ADAM
Screen time and children,disease,ADAM
Screening and diagnosis for HIV,disease,ADAM
Scrofula,disease,ADAM
Scrotal masses,disease,ADAM
Scrotal swelling,disease,ADAM
Scrotal ultrasound,disease,ADAM
Scrotum,disease,ADAM
Scurvy,disease,ADAM
Seasonal affective disorder,disease,ADAM
Sebaceous adenoma,disease,ADAM
Sebaceous cyst,disease,ADAM
Seborrheic dermatitis,disease,ADAM
Seborrheic keratosis,disease,ADAM
Secobarbital overdose,disease,ADAM
Secondary amenorrhea,disease,ADAM
Secondary infections,disease,ADAM
Secondary parkinsonism,disease,ADAM
Secondary systemic amyloidosis,disease,ADAM
Secretin stimulation test,disease,ADAM
Seizures,disease,ADAM
Selective deficiency of IgA,disease,ADAM
Selective mutism,disease,ADAM
Selective mutism - resources,disease,ADAM
Selenium in diet,disease,ADAM
Self catheterization - female,disease,ADAM
Self catheterization - male,disease,ADAM
Semen analysis,disease,ADAM
Sensitivity analysis,disease,ADAM
Sensorimotor polyneuropathy,disease,ADAM
Sensorineural deafness,disease,ADAM
Separation anxiety in children,disease,ADAM
Sepsis,disease,ADAM
Septic arthritis,disease,ADAM
Septic shock,disease,ADAM
Septicemia,disease,ADAM
Septoplasty,disease,ADAM
Septoplasty - discharge,disease,ADAM
Serogroup B Meningococcal vaccine (MenB) - What you need to know,disease,ADAM
Serology for brucellosis,disease,ADAM
Serology for tularemia,disease,ADAM
Serosanguineous,disease,ADAM
Serotonin blood test,disease,ADAM
Serotonin syndrome,disease,ADAM
Sertoli-Leydig cell tumor,disease,ADAM
Serum free hemoglobin test,disease,ADAM
Serum globulin electrophoresis,disease,ADAM
Serum herpes simplex antibodies,disease,ADAM
Serum iron test,disease,ADAM
Serum phenylalanine screening,disease,ADAM
Serum progesterone,disease,ADAM
Serum sickness,disease,ADAM
Severe acute respiratory syndrome (SARS),disease,ADAM
Sex-linked dominant,disease,ADAM
Sex-linked recessive,disease,ADAM
Sexual abuse in children - what to know,disease,ADAM
Shaken baby syndrome,disease,ADAM
Shampoo - swallowing,disease,ADAM
Shared decision making,disease,ADAM
Shaving cream poisoning,disease,ADAM
Sheehan syndrome,disease,ADAM
Shellac poisoning,disease,ADAM
Shigellosis,disease,ADAM
Shin splints - self-care,disease,ADAM
Shingles,disease,ADAM
Shingles - aftercare,disease,ADAM
Shingles vaccine - what you need to know,disease,ADAM
Shock,disease,ADAM
Short bones,disease,ADAM
Short bowel syndrome,disease,ADAM
Short philtrum,disease,ADAM
Short stature,disease,ADAM
Shoulder arthroscopy,disease,ADAM
Shoulder CT scan,disease,ADAM
Shoulder MRI scan,disease,ADAM
Shoulder pain,disease,ADAM
Shoulder replacement,disease,ADAM
Shoulder replacement - discharge,disease,ADAM
Shoulder separation - aftercare,disease,ADAM
Shoulder surgery - discharge,disease,ADAM
Sialogram,disease,ADAM
Sick sinus syndrome,disease,ADAM
Sickle cell anemia,disease,ADAM
Sickle cell anemia - resources,disease,ADAM
Sickle cell test,disease,ADAM
SIDS - resources,disease,ADAM
Sigmoidoscopy,disease,ADAM
Signs of an asthma attack,disease,ADAM
Silent thyroiditis,disease,ADAM
Silicosis,disease,ADAM
Simian crease,disease,ADAM
Simple prostatectomy,disease,ADAM
Simple pulmonary eosinophilia,disease,ADAM
"Simple, heart-smart substitutions",disease,ADAM
Sinus CT scan,disease,ADAM
Sinus MRI scan,disease,ADAM
Sinus x-ray,disease,ADAM
Sinusitis,disease,ADAM
Sinusitis in adults - aftercare,disease,ADAM
Sitz bath,disease,ADAM
Sjgren syndrome,disease,ADAM
Skeletal limb abnormalities,disease,ADAM
Skiers thumb - aftercare,disease,ADAM
Skilled nursing and rehabilitation facilities - choosing,disease,ADAM
Skilled nursing facilities after joint replacement,disease,ADAM
Skilled nursing or rehabilitation facilities,disease,ADAM
Skin - abnormally dark or light,disease,ADAM
Skin - clammy,disease,ADAM
Skin abscess,disease,ADAM
Skin and hair changes during pregnancy,disease,ADAM
Skin blushing/flushing,disease,ADAM
Skin care and incontinence,disease,ADAM
Skin characteristics in newborns,disease,ADAM
Skin color - patchy,disease,ADAM
Skin discoloration - bluish,disease,ADAM
Skin flaps and grafts - self-care,disease,ADAM
Skin graft,disease,ADAM
Skin lesion aspiration,disease,ADAM
Skin lesion biopsy,disease,ADAM
Skin lesion KOH exam,disease,ADAM
Skin lesion of blastomycosis,disease,ADAM
Skin lesion removal,disease,ADAM
Skin lumps,disease,ADAM
Skin nodules,disease,ADAM
Skin or nail culture,disease,ADAM
Skin sagging treatment - underarms,disease,ADAM
Skin self-exam,disease,ADAM
Skin turgor,disease,ADAM
Skull fracture,disease,ADAM
Skull x-ray,disease,ADAM
Sleep and your health,disease,ADAM
Sleep disorders - overview,disease,ADAM
Sleep disorders in the elderly,disease,ADAM
Sleeping sickness,disease,ADAM
Sleepwalking,disease,ADAM
Sleepwalking and children,disease,ADAM
Slipped capital femoral epiphysis,disease,ADAM
Slit-lamp exam,disease,ADAM
Small bowel bacterial overgrowth,disease,ADAM
Small bowel resection,disease,ADAM
Small bowel resection - discharge,disease,ADAM
Small bowel tissue smear,disease,ADAM
Small for gestational age (SGA),disease,ADAM
Small intestinal ischemia and infarction,disease,ADAM
Small intestine aspirate and culture,disease,ADAM
Smallpox,disease,ADAM
Smashed fingers,disease,ADAM
Smear of duodenal fluid aspirate,disease,ADAM
Smell - impaired,disease,ADAM
Smoking - tips on how to quit,disease,ADAM
Smoking and asthma,disease,ADAM
Smoking and COPD,disease,ADAM
Smoking and surgery,disease,ADAM
Smoking cessation medications,disease,ADAM
Snacking when you have diabetes,disease,ADAM
Snacks and sweetened drinks - children,disease,ADAM
Snacks for adults,disease,ADAM
Snake bites,disease,ADAM
Sneezing,disease,ADAM
Snoring - adults,disease,ADAM
Social anxiety disorder,disease,ADAM
Sodium bisulfate poisoning,disease,ADAM
Sodium blood test,disease,ADAM
Sodium carbonate poisoning,disease,ADAM
Sodium hydroxide poisoning,disease,ADAM
Sodium hypochlorite poisoning,disease,ADAM
Sodium in diet,disease,ADAM
Sodium urine test,disease,ADAM
Solder poisoning,disease,ADAM
Solitary pulmonary nodule,disease,ADAM
Soluble vs. insoluble fiber,disease,ADAM
Somatic symptom disorder,disease,ADAM
Soy,disease,ADAM
Spasmodic dysphonia,disease,ADAM
Spasmus nutans,disease,ADAM
Spasticity,disease,ADAM
Speech disorders - children,disease,ADAM
Speech impairment (adult),disease,ADAM
Spider angioma,disease,ADAM
Spina bifida - resources,disease,ADAM
Spinal and epidural anesthesia,disease,ADAM
Spinal cord abscess,disease,ADAM
Spinal cord stimulation,disease,ADAM
Spinal cord trauma,disease,ADAM
Spinal fusion,disease,ADAM
Spinal injury,disease,ADAM
Spinal injury - resources,disease,ADAM
Spinal muscular atrophy,disease,ADAM
Spinal stenosis,disease,ADAM
Spinal tumor,disease,ADAM
Spine surgery - discharge,disease,ADAM
Spitting up - self-care,disease,ADAM
Spleen removal,disease,ADAM
Spleen removal - child - discharge,disease,ADAM
Spleen removal - laparoscopic - adults - discharge,disease,ADAM
Spleen removal - open - adults - discharge,disease,ADAM
Splenic infarction,disease,ADAM
Splenomegaly,disease,ADAM
Splinter hemorrhages,disease,ADAM
Splinter removal,disease,ADAM
Spondylolisthesis,disease,ADAM
Spores,disease,ADAM
Sporotrichosis,disease,ADAM
Sports cream overdose,disease,ADAM
Sports physical,disease,ADAM
Sprains,disease,ADAM
Sputum direct fluorescent antibody (DFA),disease,ADAM
Sputum fungal smear,disease,ADAM
Sputum Gram stain,disease,ADAM
Sputum stain for mycobacteria,disease,ADAM
Squamous cell skin cancer,disease,ADAM
Stable angina,disease,ADAM
Standard ophthalmic exam,disease,ADAM
Staph infections - hospital,disease,ADAM
Staph infections - self-care at home,disease,ADAM
Starch poisoning,disease,ADAM
Stasis dermatitis and ulcers,disease,ADAM
Stay active and exercise - arthritis,disease,ADAM
Stay away from asthma triggers,disease,ADAM
Steam iron cleaner poisoning,disease,ADAM
Stent,disease,ADAM
Steps to take before you get pregnant,disease,ADAM
Stereotactic radiosurgery - CyberKnife,disease,ADAM
Stereotactic radiosurgery - discharge,disease,ADAM
Stereotactic radiosurgery - Gamma Knife,disease,ADAM
Stereotypic movement disorder,disease,ADAM
Sterile technique,disease,ADAM
Sterilization surgery - making a decision,disease,ADAM
Sternal exploration or closure,disease,ADAM
Stimulants,disease,ADAM
Stimulus,disease,ADAM
Stingray,disease,ADAM
Stoddard solvent poisoning,disease,ADAM
Stomach acid test,disease,ADAM
Stomach cancer,disease,ADAM
Stonefish sting,disease,ADAM
Stool C. difficile toxin,disease,ADAM
Stool Gram stain,disease,ADAM
Stool guaiac test,disease,ADAM
Stool ova and parasites exam,disease,ADAM
Stools - floating,disease,ADAM
Stools - foul smelling,disease,ADAM
Stools - pale or clay-colored,disease,ADAM
Stop smoking support programs,disease,ADAM
Storing your medicines,disease,ADAM
Stork bite,disease,ADAM
Strabismus,disease,ADAM
Strains,disease,ADAM
Strategies for getting through labor,disease,ADAM
Strep throat,disease,ADAM
Streptococcal screen,disease,ADAM
Stress and your health,disease,ADAM
Stress and your heart,disease,ADAM
Stress echocardiography,disease,ADAM
Stress in childhood,disease,ADAM
Stress urinary incontinence,disease,ADAM
Stretch marks,disease,ADAM
Stridor,disease,ADAM
String test,disease,ADAM
Stroke,disease,ADAM
Stroke - discharge,disease,ADAM
Stroke - risk factors,disease,ADAM
Strongyloidiasis,disease,ADAM
Stuffy or runny nose - adult,disease,ADAM
Stuffy or runny nose - children,disease,ADAM
Sturge-Weber syndrome,disease,ADAM
Stuttering,disease,ADAM
Subacute combined degeneration,disease,ADAM
Subacute sclerosing panencephalitis,disease,ADAM
Subacute thyroiditis,disease,ADAM
Subarachnoid hemorrhage,disease,ADAM
Subareolar abscess,disease,ADAM
Subconjunctival hemorrhage,disease,ADAM
Subcutaneous,disease,ADAM
Subcutaneous (SQ) injections,disease,ADAM
Subcutaneous emphysema,disease,ADAM
Subdural effusion,disease,ADAM
Subdural hematoma,disease,ADAM
Substance use - amphetamines,disease,ADAM
Substance use - cocaine,disease,ADAM
Substance use - inhalants,disease,ADAM
Substance use - LSD,disease,ADAM
Substance use - marijuana,disease,ADAM
Substance use - phencyclidine (PCP),disease,ADAM
Substance use - prescription drugs,disease,ADAM
Substance use disorder,disease,ADAM
Sudden infant death syndrome,disease,ADAM
Sugar-water hemolysis test,disease,ADAM
Suicide and suicidal behavior,disease,ADAM
Sulfuric acid poisoning,disease,ADAM
Sulindac overdose,disease,ADAM
Sun protection,disease,ADAM
Sunburn,disease,ADAM
Superficial thrombophlebitis,disease,ADAM
Supernumerary nipples,disease,ADAM
Supporting your child with weight loss,disease,ADAM
Supranuclear ophthalmoplegia,disease,ADAM
Suprapubic catheter care,disease,ADAM
Surgery for pancreatic cancer,disease,ADAM
Surgery for pancreatic cancer - discharge,disease,ADAM
Surgical excision,disease,ADAM
Surgical wound care - closed,disease,ADAM
Surgical wound care - open,disease,ADAM
Surgical wound infection - treatment,disease,ADAM
Sutures - ridged,disease,ADAM
Sutures - separated,disease,ADAM
SVC obstruction,disease,ADAM
Swallowing chalk,disease,ADAM
Swallowing difficulty,disease,ADAM
Swallowing problems,disease,ADAM
Swallowing soap,disease,ADAM
Swallowing sunscreen,disease,ADAM
Swan-Ganz - right heart catheterization,disease,ADAM
Sweat electrolytes test,disease,ADAM
Sweating,disease,ADAM
Sweating - absent,disease,ADAM
Sweetened beverages,disease,ADAM
Sweeteners - sugar substitutes,disease,ADAM
Sweeteners - sugars,disease,ADAM
Swelling,disease,ADAM
Swimmer's ear,disease,ADAM
Swimming pool cleaner poisoning,disease,ADAM
Swimming pool granuloma,disease,ADAM
Swollen lymph nodes,disease,ADAM
Sydenham chorea,disease,ADAM
Symptomatic,disease,ADAM
Synovial biopsy,disease,ADAM
Synovial fluid analysis,disease,ADAM
Syphilis - primary,disease,ADAM
Syphilitic aseptic meningitis,disease,ADAM
Syphilitic myelopathy,disease,ADAM
Syringomyelia,disease,ADAM
Systemic,disease,ADAM
Systemic lupus erythematosus,disease,ADAM
T-cell count,disease,ADAM
T3 test,disease,ADAM
T3RU test,disease,ADAM
T4 test,disease,ADAM
Tailbone trauma,disease,ADAM
Tailbone trauma - aftercare,disease,ADAM
Takayasu arteritis,disease,ADAM
Taking antacids,disease,ADAM
Taking care of your back at home,disease,ADAM
Taking care of your new hip joint,disease,ADAM
Taking care of your new knee joint,disease,ADAM
Taking care of your vascular access for hemodialysis,disease,ADAM
Taking iron supplements,disease,ADAM
Taking medicine at home - create a routine,disease,ADAM
Taking medicines - what to ask your doctor,disease,ADAM
Taking medicines to treat tuberculosis,disease,ADAM
Taking multiple medicines safely,disease,ADAM
Taking narcotics for back pain,disease,ADAM
Taking warfarin (Coumadin),disease,ADAM
"Taking warfarin (Coumadin, Jantoven) - what to ask your doctor",disease,ADAM
Talcum powder poisoning,disease,ADAM
Talking to someone with hearing loss,disease,ADAM
Talking to your child about smoking,disease,ADAM
Talking to your teen about drinking,disease,ADAM
Talking with a child about a parent's terminal illness,disease,ADAM
Tapeworm infection - beef or pork,disease,ADAM
Tapeworm infection - Hymenolepsis,disease,ADAM
Tar remover poisoning,disease,ADAM
Tarantula spider bite,disease,ADAM
Tardive dyskinesia,disease,ADAM
Targeted therapies for cancer,disease,ADAM
Targeted therapy: questions to ask your doctor,disease,ADAM
Taste - impaired,disease,ADAM
Tay-Sachs - resources,disease,ADAM
Tay-Sachs disease,disease,ADAM
TBG - blood test,disease,ADAM
Td (tetanus and diphtheria) vaccine - what you need to know,disease,ADAM
"Tdap (tetanus, diphtheria and pertussis) vaccine - what you need to know",disease,ADAM
Teenage pregnancy,disease,ADAM
Teenagers and drugs,disease,ADAM
Teenagers and sleep,disease,ADAM
Teething,disease,ADAM
Telangiectasia,disease,ADAM
Temper tantrums,disease,ADAM
Temperature measurement,disease,ADAM
Temporal arteritis,disease,ADAM
Tendinitis,disease,ADAM
Tendon repair,disease,ADAM
Tenesmus,disease,ADAM
Tennis elbow,disease,ADAM
Tennis elbow surgery,disease,ADAM
Tennis elbow surgery - discharge,disease,ADAM
Tenosynovitis,disease,ADAM
Tensilon test,disease,ADAM
Tension headache,disease,ADAM
Testes,disease,ADAM
Testicle lump,disease,ADAM
Testicle pain,disease,ADAM
Testicular biopsy,disease,ADAM
Testicular cancer,disease,ADAM
Testicular failure,disease,ADAM
Testicular self-exam,disease,ADAM
Testicular torsion,disease,ADAM
Testicular torsion repair,disease,ADAM
Testosterone,disease,ADAM
Tests and visits before surgery,disease,ADAM
Tests for H. pylori,disease,ADAM
Tetanus,disease,ADAM
Tetrahydrozoline poisoning,disease,ADAM
Tetralogy of Fallot,disease,ADAM
Thalassemia,disease,ADAM
The day of surgery for your child,disease,ADAM
The day of your surgery - adult,disease,ADAM
The night before your surgery,disease,ADAM
The night before your surgery - children,disease,ADAM
Therapeutic drug levels,disease,ADAM
Thiamin,disease,ADAM
Thiazide overdose,disease,ADAM
Thioridazine overdose,disease,ADAM
Thirst - absent,disease,ADAM
Thirst - excessive,disease,ADAM
Thoracentesis,disease,ADAM
Thoracic aortic aneurysm,disease,ADAM
Thoracic CT,disease,ADAM
Thoracic outlet syndrome,disease,ADAM
Thoracic spine CT scan,disease,ADAM
Thoracic spine x-ray,disease,ADAM
Throat or larynx cancer,disease,ADAM
Throat swab culture,disease,ADAM
Thromboangiitis obliterans,disease,ADAM
Thrombocytopenia,disease,ADAM
Thrombocytopenia - drug induced,disease,ADAM
Thrombolytic drugs for heart attack,disease,ADAM
Thrombolytic therapy,disease,ADAM
Thrombophlebitis,disease,ADAM
Thrombotic thrombocytopenic purpura,disease,ADAM
Thrush - children and adults,disease,ADAM
Thrush in newborns,disease,ADAM
Thumb sucking,disease,ADAM
Thyroid cancer,disease,ADAM
Thyroid cancer - papillary carcinoma,disease,ADAM
Thyroid function tests,disease,ADAM
Thyroid gland removal,disease,ADAM
Thyroid gland removal - discharge,disease,ADAM
Thyroid nodule,disease,ADAM
Thyroid preparation overdose,disease,ADAM
Thyroid scan,disease,ADAM
Thyroid storm,disease,ADAM
Thyroid ultrasound,disease,ADAM
Thyrotoxic periodic paralysis,disease,ADAM
Tibia,disease,ADAM
Tibial nerve dysfunction,disease,ADAM
Tick bite,disease,ADAM
Tick paralysis,disease,ADAM
Tick removal,disease,ADAM
Time out,disease,ADAM
Time outs,disease,ADAM
Timing of breastfeeding,disease,ADAM
Tinea capitis,disease,ADAM
Tinea corporis,disease,ADAM
Tinea versicolor,disease,ADAM
Tinnitus,disease,ADAM
Tips for labor coaches,disease,ADAM
Titer,disease,ADAM
TMJ disorders,disease,ADAM
Toddler development,disease,ADAM
Toddler test or procedure preparation,disease,ADAM
Toilet bowl cleaners and deodorizers poisoning,disease,ADAM
Tolmetin overdose,disease,ADAM
Toluene and xylene poisoning,disease,ADAM
Tongue biopsy,disease,ADAM
Tongue problems,disease,ADAM
Tongue tie,disease,ADAM
Tonometry,disease,ADAM
Tonsil and adenoid removal - discharge,disease,ADAM
Tonsil removal - what to ask your doctor,disease,ADAM
Tonsillectomies and children,disease,ADAM
Tonsillectomy,disease,ADAM
Tonsillitis,disease,ADAM
Tooth - abnormal colors,disease,ADAM
Tooth - abnormal shape,disease,ADAM
Tooth abscess,disease,ADAM
Tooth anatomy,disease,ADAM
Tooth decay - early childhood,disease,ADAM
Tooth extraction,disease,ADAM
Tooth formation - delayed or absent,disease,ADAM
Toothaches,disease,ADAM
Toothpaste overdose,disease,ADAM
TORCH screen,disease,ADAM
Torticollis,disease,ADAM
Total abdominal colectomy,disease,ADAM
Total anomalous pulmonary venous return,disease,ADAM
Total colectomy or proctocolectomy - discharge,disease,ADAM
Total iron binding capacity,disease,ADAM
Total parenteral nutrition,disease,ADAM
Total parenteral nutrition - infants,disease,ADAM
Total proctocolectomy and ileal - anal pouch,disease,ADAM
Total proctocolectomy with ileostomy,disease,ADAM
Total protein,disease,ADAM
Toxic megacolon,disease,ADAM
Toxic nodular goiter,disease,ADAM
Toxic shock syndrome,disease,ADAM
Toxic synovitis,disease,ADAM
Toxicology screen,disease,ADAM
Toxins,disease,ADAM
Toxoplasma blood test,disease,ADAM
Toxoplasmosis,disease,ADAM
Tracheal rupture,disease,ADAM
Tracheitis,disease,ADAM
Tracheoesophageal fistula and esophageal atresia repair,disease,ADAM
Tracheomalacia - acquired,disease,ADAM
Tracheomalacia - congenital,disease,ADAM
Tracheostomy,disease,ADAM
Tracheostomy care,disease,ADAM
Tracheostomy tube - eating,disease,ADAM
Tracheostomy tube - speaking,disease,ADAM
Trachoma,disease,ADAM
Traction,disease,ADAM
Transfusion reaction - hemolytic,disease,ADAM
Transient familial hyperbilirubinemia,disease,ADAM
Transient ischemic attack,disease,ADAM
Transient tachypnea - newborn,disease,ADAM
Transient tic disorder,disease,ADAM
Transillumination,disease,ADAM
Transjugular intrahepatic portosystemic shunt (TIPS),disease,ADAM
Translocation,disease,ADAM
Transplant rejection,disease,ADAM
Transplant services,disease,ADAM
Transposition of the great vessels,disease,ADAM
Transurethral resection of the prostate,disease,ADAM
Transurethral resection of the prostate - discharge,disease,ADAM
Transvaginal ultrasound,disease,ADAM
Traumatic events and children,disease,ADAM
Traumatic injury of the bladder and urethra,disease,ADAM
Traveler's guide to avoiding infectious diseases,disease,ADAM
Travelers diarrhea diet,disease,ADAM
Traveling with breathing problems,disease,ADAM
Traveling with children,disease,ADAM
Trazodone hydrochloride overdose,disease,ADAM
Treacher Collins syndrome,disease,ADAM
Treatment for childhood cancer - long-term risks,disease,ADAM
Tremor,disease,ADAM
Tremor - self-care,disease,ADAM
Trench mouth,disease,ADAM
Trichinosis,disease,ADAM
Trichomoniasis,disease,ADAM
Trichorrhexis nodosa,disease,ADAM
Trichotillomania,disease,ADAM
Tricuspid atresia,disease,ADAM
Tricuspid regurgitation,disease,ADAM
Trigeminal neuralgia,disease,ADAM
Trigger finger,disease,ADAM
Triglyceride level,disease,ADAM
Trisodium phosphate poisoning,disease,ADAM
Trisomy 13,disease,ADAM
Trisomy 18,disease,ADAM
Trochanteric bursitis,disease,ADAM
Tropical sprue,disease,ADAM
Troponin test,disease,ADAM
Truncus arteriosus,disease,ADAM
Trypsin and chymotrypsin in stool,disease,ADAM
Trypsinogen test,disease,ADAM
Tryptophan,disease,ADAM
TSH test,disease,ADAM
TSI test,disease,ADAM
Tubal ligation,disease,ADAM
Tubal ligation - discharge,disease,ADAM
Tubal ligation reversal,disease,ADAM
Tubercle,disease,ADAM
Tuberous sclerosis,disease,ADAM
Tularemia,disease,ADAM
Tumor,disease,ADAM
Turbinate surgery,disease,ADAM
Turner syndrome,disease,ADAM
Turning patients over in bed,disease,ADAM
Turpentine oil poisoning,disease,ADAM
Twin-to-twin transfusion syndrome,disease,ADAM
Tympanometry,disease,ADAM
Type 1 diabetes,disease,ADAM
Type 2 diabetes,disease,ADAM
Type 2 diabetes - self-care,disease,ADAM
Types of chemotherapy,disease,ADAM
Types of health care providers,disease,ADAM
Types of hormone therapy,disease,ADAM
Types of ileostomy,disease,ADAM
Typhoid fever,disease,ADAM
Typhus,disease,ADAM
Ulcerative colitis,disease,ADAM
Ulcerative colitis - discharge,disease,ADAM
Ulcers,disease,ADAM
Ulnar nerve dysfunction,disease,ADAM
Ultrasound,disease,ADAM
Umbilical catheters,disease,ADAM
Umbilical cord care in newborns,disease,ADAM
Umbilical hernia,disease,ADAM
Umbilical hernia repair,disease,ADAM
Unconsciousness - first aid,disease,ADAM
Understanding cancer staging,disease,ADAM
Understanding cardiovascular disease,disease,ADAM
Understanding health insurance plans,disease,ADAM
Understanding the DASH diet,disease,ADAM
Understanding your breast cancer risk,disease,ADAM
Understanding your colon cancer risk,disease,ADAM
Understanding your health care costs,disease,ADAM
Understanding your hospital bill,disease,ADAM
Undescended testicle,disease,ADAM
Undescended testicle repair,disease,ADAM
Unilateral hydronephrosis,disease,ADAM
Unstable angina,disease,ADAM
UPJ obstruction,disease,ADAM
Upper airway biopsy,disease,ADAM
Upper GI and small bowel series,disease,ADAM
Urea nitrogen urine test,disease,ADAM
Ureteral retrograde brush biopsy,disease,ADAM
Ureterocele,disease,ADAM
Ureteroscopy,disease,ADAM
Urethral discharge culture,disease,ADAM
Urethral stricture,disease,ADAM
Urethritis,disease,ADAM
Urge incontinence,disease,ADAM
Uric acid - blood,disease,ADAM
Uric acid urine test,disease,ADAM
Urinalysis,disease,ADAM
Urinary casts,disease,ADAM
Urinary catheter - infants,disease,ADAM
Urinary catheters,disease,ADAM
Urinary catheters - what to ask your doctor,disease,ADAM
Urinary incontinence,disease,ADAM
Urinary incontinence - injectable implant,disease,ADAM
Urinary incontinence - retropubic suspension,disease,ADAM
Urinary incontinence - tension-free vaginal tape,disease,ADAM
Urinary incontinence - vaginal sling procedures,disease,ADAM
Urinary incontinence - what to ask your doctor,disease,ADAM
Urinary incontinence products,disease,ADAM
Urinary incontinence products - self-care,disease,ADAM
Urinary incontinence surgery - female - discharge,disease,ADAM
Urinary tract infection - adults,disease,ADAM
Urinary tract infection - children,disease,ADAM
Urinary tract infection in girls - aftercare,disease,ADAM
Urinary tract infection in women - self-care,disease,ADAM
Urinating more at night,disease,ADAM
Urination - difficulty with flow,disease,ADAM
Urination - excessive amount,disease,ADAM
Urination - painful,disease,ADAM
Urine - abnormal color,disease,ADAM
Urine - bloody,disease,ADAM
Urine 24-hour volume,disease,ADAM
Urine chemistry,disease,ADAM
Urine collection - infants,disease,ADAM
Urine concentration test,disease,ADAM
Urine culture,disease,ADAM
Urine culture - catheterized specimen,disease,ADAM
Urine drainage bags,disease,ADAM
Urine drug screen,disease,ADAM
Urine melanin,disease,ADAM
Urine odor,disease,ADAM
Urine output - decreased,disease,ADAM
Urine pH test,disease,ADAM
Urine specific gravity test,disease,ADAM
Uroflowmetry,disease,ADAM
Urostomy - stoma and skin care,disease,ADAM
Urostomy pouches and supplies,disease,ADAM
Urticaria pigmentosa,disease,ADAM
Use of restraints,disease,ADAM
Using a cane,disease,ADAM
Using a walker,disease,ADAM
Using an incentive spirometer,disease,ADAM
Using crutches,disease,ADAM
Using over-the-counter medicines safely,disease,ADAM
Using oxygen at home,disease,ADAM
Using oxygen at home - what to ask your doctor,disease,ADAM
Using your shoulder after replacement surgery,disease,ADAM
Using your shoulder after surgery,disease,ADAM
Uterine artery embolization,disease,ADAM
Uterine artery embolization - discharge,disease,ADAM
Uterine fibroids,disease,ADAM
Uterine prolapse,disease,ADAM
Uterine sarcoma,disease,ADAM
Uvea,disease,ADAM
Uveitis,disease,ADAM
Uvulitis,disease,ADAM
Uvulopalatopharyngoplasty (UPPP),disease,ADAM
Vacation health care,disease,ADAM
Vaccines (immunizations) - overview,disease,ADAM
Vacuum-assisted delivery,disease,ADAM
Vagina,disease,ADAM
Vaginal birth after C-section,disease,ADAM
Vaginal bleeding - hormonal,disease,ADAM
Vaginal bleeding between periods,disease,ADAM
Vaginal bleeding in early pregnancy,disease,ADAM
Vaginal bleeding in late pregnancy,disease,ADAM
Vaginal bleeding in pregnancy,disease,ADAM
Vaginal cysts,disease,ADAM
Vaginal delivery - discharge,disease,ADAM
Vaginal dryness,disease,ADAM
Vaginal dryness alternative treatments,disease,ADAM
Vaginal itching and discharge - Adult and adolescent,disease,ADAM
Vaginal itching and discharge - child,disease,ADAM
Vaginal or uterine bleeding - overview,disease,ADAM
Vaginal sponge and spermicides,disease,ADAM
Vaginal tumors,disease,ADAM
Vaginal yeast infection,disease,ADAM
Vaginismus,disease,ADAM
Vaginitis - self-care,disease,ADAM
Vaginitis test - wet mount,disease,ADAM
Valley fever,disease,ADAM
Vancomycin-resistant enterococci,disease,ADAM
Varicocele,disease,ADAM
Varicose and other vein problems - self-care,disease,ADAM
Varicose vein - noninvasive treatment,disease,ADAM
Varicose vein stripping,disease,ADAM
Varicose veins - what to ask your doctor,disease,ADAM
Varicose veins and venous insufficiency,disease,ADAM
Varnish poisoning,disease,ADAM
Vascular dementia,disease,ADAM
Vascular ring,disease,ADAM
Vasectomy,disease,ADAM
Vasoactive intestinal peptide test,disease,ADAM
Vasoconstriction,disease,ADAM
VDRL test,disease,ADAM
Vegetarian diet,disease,ADAM
Venipuncture,disease,ADAM
Venogram,disease,ADAM
Venogram - leg,disease,ADAM
Venous insufficiency,disease,ADAM
Venous ulcers - self-care,disease,ADAM
Ventral hernia repair,disease,ADAM
Ventricular assist device,disease,ADAM
Ventricular fibrillation,disease,ADAM
Ventricular septal defect,disease,ADAM
Ventricular tachycardia,disease,ADAM
Ventriculoperitoneal shunt - discharge,disease,ADAM
Ventriculoperitoneal shunting,disease,ADAM
Vernal conjunctivitis,disease,ADAM
Vertebrobasilar circulatory disorders,disease,ADAM
Vertebroplasty,disease,ADAM
Vertical sleeve gastrectomy,disease,ADAM
Vertigo-associated disorders,disease,ADAM
Vesicles,disease,ADAM
Victim assistance - resources,disease,ADAM
VIPoma,disease,ADAM
Viral arthritis,disease,ADAM
Viral gastroenteritis,disease,ADAM
Viral pneumonia,disease,ADAM
Virilization,disease,ADAM
Virtual colonoscopy,disease,ADAM
Visceral larva migrans,disease,ADAM
Visceromegaly,disease,ADAM
Vision - night blindness,disease,ADAM
Vision problems,disease,ADAM
Visiting your baby in the NICU,disease,ADAM
Visual acuity test,disease,ADAM
Visual field,disease,ADAM
Vital signs,disease,ADAM
Vitamin A,disease,ADAM
Vitamin A blood test,disease,ADAM
Vitamin B12,disease,ADAM
Vitamin B12 level,disease,ADAM
Vitamin B6,disease,ADAM
Vitamin C,disease,ADAM
Vitamin C and colds,disease,ADAM
Vitamin D,disease,ADAM
Vitamin E,disease,ADAM
Vitamin K,disease,ADAM
Vitamins,disease,ADAM
Vitiligo,disease,ADAM
VLDL test,disease,ADAM
Voiding cystourethrogram,disease,ADAM
Volkmann ischemic contracture,disease,ADAM
Volvulus - childhood,disease,ADAM
Vomiting blood,disease,ADAM
Von Gierke disease,disease,ADAM
Von Willebrand disease,disease,ADAM
Vulva,disease,ADAM
Vulvovaginitis - overview,disease,ADAM
Waardenburg syndrome,disease,ADAM
Walking abnormalities,disease,ADAM
Warning signs and symptoms of heart disease,disease,ADAM
Wart remover poisoning,disease,ADAM
Warts,disease,ADAM
Wasp sting,disease,ADAM
Water in diet,disease,ADAM
Water safety and drowning,disease,ADAM
Watercolor paints - swallowing,disease,ADAM
Waterhouse-Friderichsen syndrome,disease,ADAM
Watery eyes,disease,ADAM
Wax poisoning,disease,ADAM
WBC count,disease,ADAM
WBC scan,disease,ADAM
Weakness,disease,ADAM
Wearing gloves in the hospital,disease,ADAM
Webbing of the fingers or toes,disease,ADAM
Weight gain - unintentional,disease,ADAM
Weight gain after quitting smoking: What to do,disease,ADAM
Weight loss - unintentional,disease,ADAM
Weight loss and alcohol,disease,ADAM
Weight-loss medicines,disease,ADAM
Weight-loss surgery - after - what to ask your doctor,disease,ADAM
Weight-loss surgery - before - what to ask your doctor,disease,ADAM
Weight-loss surgery and children,disease,ADAM
Well-child visits,disease,ADAM
Wernicke-Korsakoff syndrome,disease,ADAM
West Nile virus,disease,ADAM
Wet to dry dressing changes,disease,ADAM
What causes bone loss?,disease,ADAM
What if cancer comes back?,disease,ADAM
What is palliative care?,disease,ADAM
What to bring to your labor and delivery,disease,ADAM
What to include in your birth plan,disease,ADAM
Wheezing,disease,ADAM
When to use the emergency room - adult,disease,ADAM
When to use the emergency room - child,disease,ADAM
When you are drinking too much - tips for cutting back,disease,ADAM
When you feel like changing your medicine,disease,ADAM
When you have diarrhea,disease,ADAM
When you have nausea and vomiting,disease,ADAM
When you have urinary incontinence,disease,ADAM
When you need to gain more weight during pregnancy,disease,ADAM
When you pass your due date,disease,ADAM
When your baby is stillborn,disease,ADAM
When your baby or infant has a fever,disease,ADAM
When your cancer treatment stops working,disease,ADAM
When your child has diarrhea,disease,ADAM
When your child's treatment stops working,disease,ADAM
Whipple's disease,disease,ADAM
Whipworm infection,disease,ADAM
White matter of the brain,disease,ADAM
Whiteheads,disease,ADAM
Widely spaced teeth,disease,ADAM
Williams syndrome,disease,ADAM
Wilms tumor,disease,ADAM
Wilson disease,disease,ADAM
Window cleaner poisoning,disease,ADAM
Windshield washer fluid,disease,ADAM
Wine and heart health,disease,ADAM
Wolff-Parkinson-White syndrome,disease,ADAM
Women and sexual problems,disease,ADAM
Women's health,disease,ADAM
Wood stains,disease,ADAM
Wood's lamp examination,disease,ADAM
Working during cancer treatment,disease,ADAM
Working with a personal trainer,disease,ADAM
Wound care centers,disease,ADAM
Wrinkles,disease,ADAM
Wrist arthroscopy,disease,ADAM
Wrist pain,disease,ADAM
Wrist sprain - aftercare,disease,ADAM
X-ray,disease,ADAM
X-ray - skeleton,disease,ADAM
Xanthoma,disease,ADAM
Xeroderma pigmentosum,disease,ADAM
Xerosis,disease,ADAM
Yawning - excessive,disease,ADAM
Yaws,disease,ADAM
Yellow fever,disease,ADAM
Yew poisoning,disease,ADAM
Yoga for health,disease,ADAM
Your baby and the flu,disease,ADAM
Your baby in the birth canal,disease,ADAM
Your cancer survivorship care plan,disease,ADAM
Your child and the flu,disease,ADAM
Your child's first vaccines,disease,ADAM
Your diet after gastric bypass surgery,disease,ADAM
Zika virus disease,disease,ADAM
Zinc in diet,disease,ADAM
Zinc oxide overdose,disease,ADAM
Zinc poisoning,disease,ADAM
Zollinger-Ellison syndrome,disease,ADAM
10 ways to cut 500 calories a day,disease,ADAM
14 ways to burn more calories every day,disease,ADAM
17-hydroxycorticosteroid urine test,disease,ADAM
17-Ketosteroids urine test,disease,ADAM
17-OH progesterone,disease,ADAM
20 healthy snacks with 100 calories or less,disease,ADAM
24-hour urinary aldosterone excretion test,disease,ADAM
24-hour urine copper test,disease,ADAM
24-hour urine protein,disease,ADAM
25-hydroxy vitamin D test,disease,ADAM
5'-nucleotidase,disease,ADAM
5-HIAA,disease,ADAM
8 ways to cut health care costs,disease,ADAM
Abacavir,medication,MPlusDrugs
Abatacept Injection,medication,MPlusDrugs
Abiraterone,medication,MPlusDrugs
AbobotulinumtoxinA Injection,medication,MPlusDrugs
Acamprosate,medication,MPlusDrugs
Acarbose,medication,MPlusDrugs
Acebutolol,medication,MPlusDrugs
Acetaminophen,medication,MPlusDrugs
Acetaminophen and Codeine,medication,MPlusDrugs
Acetaminophen Injection,medication,MPlusDrugs
"Acetaminophen, Butalbital, and Caffeine",medication,MPlusDrugs
Acetazolamide Oral,medication,MPlusDrugs
Acetylcysteine Oral Inhalation,medication,MPlusDrugs
Acitretin,medication,MPlusDrugs
Aclidinium Oral Inhalation,medication,MPlusDrugs
Acyclovir,medication,MPlusDrugs
Acyclovir Injection,medication,MPlusDrugs
Acyclovir Topical,medication,MPlusDrugs
Adalimumab Injection,medication,MPlusDrugs
Adapalene,medication,MPlusDrugs
Adefovir,medication,MPlusDrugs
Ado-trastuzumab Emtansine,medication,MPlusDrugs
Afatinib,medication,MPlusDrugs
Aflibercept Injection,medication,MPlusDrugs
Albendazole,medication,MPlusDrugs
Albiglutide Injection,medication,MPlusDrugs
Albuterol,medication,MPlusDrugs
Albuterol and Ipratropium Oral Inhalation,medication,MPlusDrugs
Albuterol Oral Inhalation,medication,MPlusDrugs
Alcaftadine Ophthalmic,medication,MPlusDrugs
Aldesleukin,medication,MPlusDrugs
Alectinib,medication,MPlusDrugs
Alemtuzumab Injection,medication,MPlusDrugs
Alendronate,medication,MPlusDrugs
Alfuzosin,medication,MPlusDrugs
Alirocumab Injection,medication,MPlusDrugs
Aliskiren,medication,MPlusDrugs
Alitretinoin,medication,MPlusDrugs
Allopurinol,medication,MPlusDrugs
Almotriptan,medication,MPlusDrugs
Alogliptin,medication,MPlusDrugs
Alosetron,medication,MPlusDrugs
Alprazolam,medication,MPlusDrugs
Alprostadil Urogenital,medication,MPlusDrugs
Altretamine,medication,MPlusDrugs
Aluminum Hydroxide,medication,MPlusDrugs
Aluminum Hydroxide and Magnesium Hydroxide,medication,MPlusDrugs
Alvimopan,medication,MPlusDrugs
Amantadine,medication,MPlusDrugs
Ambrisentan,medication,MPlusDrugs
Amifostine Injection,medication,MPlusDrugs
Amikacin Injection,medication,MPlusDrugs
Amiloride,medication,MPlusDrugs
Amiloride and Hydrochlorothiazide,medication,MPlusDrugs
Aminocaproic Acid,medication,MPlusDrugs
Aminocaproic Acid Injection,medication,MPlusDrugs
Aminolevulinic Acid Topical,medication,MPlusDrugs
Aminophylline,medication,MPlusDrugs
Amiodarone,medication,MPlusDrugs
Amitriptyline,medication,MPlusDrugs
Amlexanox,medication,MPlusDrugs
Amlodipine,medication,MPlusDrugs
Amlodipine and Benazepril,medication,MPlusDrugs
Amoxapine,medication,MPlusDrugs
Amoxicillin,medication,MPlusDrugs
Amoxicillin and Clavulanic Acid,medication,MPlusDrugs
Amphetamine,medication,MPlusDrugs
Amphotericin B Injection,medication,MPlusDrugs
Amphotericin B Lipid Complex Injection,medication,MPlusDrugs
Ampicillin and Sulbactam Injection,medication,MPlusDrugs
Ampicillin Injection,medication,MPlusDrugs
Ampicillin Oral,medication,MPlusDrugs
Anagrelide,medication,MPlusDrugs
Anakinra,medication,MPlusDrugs
Anastrozole,medication,MPlusDrugs
Anthrax Vaccine,medication,MPlusDrugs
Antipyrine-Benzocaine Otic,medication,MPlusDrugs
Apixaban,medication,MPlusDrugs
Apomorphine,medication,MPlusDrugs
Apraclonidine Ophthalmic,medication,MPlusDrugs
Apremilast,medication,MPlusDrugs
Aprepitant,medication,MPlusDrugs
Arformoterol Oral Inhalation,medication,MPlusDrugs
Aripiprazole,medication,MPlusDrugs
Aripiprazole Injection,medication,MPlusDrugs
Armodafinil,medication,MPlusDrugs
Arsenic Trioxide Injection,medication,MPlusDrugs
Artemether and Lumefantrine,medication,MPlusDrugs
Ascorbic Acid,medication,MPlusDrugs
Asenapine,medication,MPlusDrugs
Asparaginase Erwinia chrysanthemi,medication,MPlusDrugs
Aspirin,medication,MPlusDrugs
Aspirin and Extended-Release Dipyridamole,medication,MPlusDrugs
"Aspirin, Butalbital, and Caffeine",medication,MPlusDrugs
Atazanavir,medication,MPlusDrugs
Atazanavir and Cobicistat,medication,MPlusDrugs
Atenolol,medication,MPlusDrugs
Atomoxetine,medication,MPlusDrugs
Atorvastatin,medication,MPlusDrugs
Atovaquone,medication,MPlusDrugs
Atropine Ophthalmic,medication,MPlusDrugs
Auranofin,medication,MPlusDrugs
Avanafil,medication,MPlusDrugs
Axitinib,medication,MPlusDrugs
Azacitidine Injection,medication,MPlusDrugs
Azathioprine,medication,MPlusDrugs
Azelaic Acid Topical,medication,MPlusDrugs
Azelastine Nasal Spray,medication,MPlusDrugs
Azelastine Ophthalmic,medication,MPlusDrugs
Azilsartan,medication,MPlusDrugs
Azithromycin,medication,MPlusDrugs
Aztreonam Injection,medication,MPlusDrugs
Bacillus Calmette-Guerin (BCG) Vaccine,medication,MPlusDrugs
Bacitracin Ophthalmic,medication,MPlusDrugs
Bacitracin Topical,medication,MPlusDrugs
Baclofen Oral,medication,MPlusDrugs
Balsalazide,medication,MPlusDrugs
Barium Sulfate,medication,MPlusDrugs
Basiliximab Injection,medication,MPlusDrugs
Becaplermin Topical,medication,MPlusDrugs
Beclomethasone Nasal Inhalation,medication,MPlusDrugs
Beclomethasone Oral Inhalation,medication,MPlusDrugs
Bedaquiline,medication,MPlusDrugs
Belatacept Injection,medication,MPlusDrugs
Belimumab Injection,medication,MPlusDrugs
Belinostat Injection,medication,MPlusDrugs
Belladonna Alkaloid Combinations and Phenobarbital,medication,MPlusDrugs
Benazepril,medication,MPlusDrugs
Benazepril and Hydrochlorothiazide,medication,MPlusDrugs
Bendamustine Injection,medication,MPlusDrugs
Bentoquatam Topical,medication,MPlusDrugs
Benzonatate,medication,MPlusDrugs
Benzoyl Peroxide Topical,medication,MPlusDrugs
Benztropine Mesylate Oral,medication,MPlusDrugs
Benzyl Alcohol Topical,medication,MPlusDrugs
Bepotastine Ophthalmic,medication,MPlusDrugs
Besifloxacin Ophthalmic,medication,MPlusDrugs
Betaine,medication,MPlusDrugs
Betamethasone Topical,medication,MPlusDrugs
Betaxolol,medication,MPlusDrugs
Betaxolol Ophthalmic,medication,MPlusDrugs
Bethanechol,medication,MPlusDrugs
Bevacizumab Injection,medication,MPlusDrugs
Bexarotene,medication,MPlusDrugs
Bexarotene Topical,medication,MPlusDrugs
Bicalutamide,medication,MPlusDrugs
Bimatoprost Ophthalmic,medication,MPlusDrugs
Bimatoprost Topical,medication,MPlusDrugs
Bisacodyl,medication,MPlusDrugs
Bisacodyl Rectal,medication,MPlusDrugs
Bismuth Subsalicylate,medication,MPlusDrugs
"Bismuth, Metronidazole, and Tetracycline",medication,MPlusDrugs
Bisoprolol,medication,MPlusDrugs
Bleomycin,medication,MPlusDrugs
Blinatumomab Injection,medication,MPlusDrugs
Boceprevir,medication,MPlusDrugs
Bortezomib,medication,MPlusDrugs
Bosentan,medication,MPlusDrugs
Bosutinib,medication,MPlusDrugs
Brentuximab Vedotin Injection,medication,MPlusDrugs
Brexpiprazole,medication,MPlusDrugs
Brimonidine Ophthalmic,medication,MPlusDrugs
Brinzolamide Ophthalmic,medication,MPlusDrugs
Bromfenac Ophthalmic,medication,MPlusDrugs
Bromocriptine,medication,MPlusDrugs
Brompheniramine,medication,MPlusDrugs
Budesonide Nasal Spray,medication,MPlusDrugs
Budesonide Oral,medication,MPlusDrugs
Budesonide Oral Inhalation,medication,MPlusDrugs
Bumetanide,medication,MPlusDrugs
Buprenorphine Sublingual and Buccal,medication,MPlusDrugs
Buprenorphine Transdermal Patch,medication,MPlusDrugs
Bupropion,medication,MPlusDrugs
Buspirone,medication,MPlusDrugs
Busulfan,medication,MPlusDrugs
Busulfan Injection,medication,MPlusDrugs
Butabarbital,medication,MPlusDrugs
Butoconazole Vaginal Cream,medication,MPlusDrugs
Butorphanol Injection,medication,MPlusDrugs
Butorphanol Nasal Spray,medication,MPlusDrugs
Cabazitaxel Injection,medication,MPlusDrugs
Cabergoline,medication,MPlusDrugs
Cabozantinib,medication,MPlusDrugs
Calcipotriene Topical,medication,MPlusDrugs
Calcitonin Salmon Injection,medication,MPlusDrugs
Calcitonin Salmon Nasal Spray,medication,MPlusDrugs
Calcitriol,medication,MPlusDrugs
Calcitriol Topical,medication,MPlusDrugs
Calcium Carbonate,medication,MPlusDrugs
Canagliflozin,medication,MPlusDrugs
Candesartan,medication,MPlusDrugs
Candesartan and Hydrochlorothiazide,medication,MPlusDrugs
Capecitabine,medication,MPlusDrugs
Captopril,medication,MPlusDrugs
Captopril and Hydrochlorothiazide,medication,MPlusDrugs
Carbamazepine,medication,MPlusDrugs
Carboplatin Injection,medication,MPlusDrugs
Carfilzomib Injection,medication,MPlusDrugs
Cariprazine,medication,MPlusDrugs
Carisoprodol,medication,MPlusDrugs
Carmustine,medication,MPlusDrugs
Carmustine Implant,medication,MPlusDrugs
Carvedilol,medication,MPlusDrugs
Caspofungin Injection,medication,MPlusDrugs
Cefaclor,medication,MPlusDrugs
Cefadroxil,medication,MPlusDrugs
Cefazolin Injection,medication,MPlusDrugs
Cefdinir,medication,MPlusDrugs
Cefditoren,medication,MPlusDrugs
Cefepime Injection,medication,MPlusDrugs
Cefixime,medication,MPlusDrugs
Cefotaxime Injection,medication,MPlusDrugs
Cefotetan Injection,medication,MPlusDrugs
Cefoxitin Injection,medication,MPlusDrugs
Cefpodoxime,medication,MPlusDrugs
Cefprozil,medication,MPlusDrugs
Ceftaroline Injection,medication,MPlusDrugs
Ceftazidime and Avibactam Injection,medication,MPlusDrugs
Ceftazidime Injection,medication,MPlusDrugs
Ceftibuten,medication,MPlusDrugs
Ceftolozane and Tazobactam Injection,medication,MPlusDrugs
Ceftriaxone Injection,medication,MPlusDrugs
Cefuroxime,medication,MPlusDrugs
Cefuroxime Injection,medication,MPlusDrugs
Celecoxib,medication,MPlusDrugs
Cephalexin,medication,MPlusDrugs
Ceritinib,medication,MPlusDrugs
Certolizumab Injection,medication,MPlusDrugs
Cetirizine,medication,MPlusDrugs
Cetuximab Injection,medication,MPlusDrugs
Cevimeline,medication,MPlusDrugs
Chloral Hydrate,medication,MPlusDrugs
Chlorambucil,medication,MPlusDrugs
Chloramphenicol Injection,medication,MPlusDrugs
Chlordiazepoxide,medication,MPlusDrugs
Chlordiazepoxide and Clidinium,medication,MPlusDrugs
Chloroquine Phosphate Oral,medication,MPlusDrugs
Chlorothiazide,medication,MPlusDrugs
Chlorpheniramine,medication,MPlusDrugs
Chlorpromazine,medication,MPlusDrugs
Chlorpropamide,medication,MPlusDrugs
Chlorthalidone,medication,MPlusDrugs
Chlorzoxazone,medication,MPlusDrugs
Cholestyramine Resin,medication,MPlusDrugs
Choline Magnesium Trisalicylate,medication,MPlusDrugs
Ciclesonide Nasal Spray,medication,MPlusDrugs
Ciclesonide Oral Inhalation,medication,MPlusDrugs
Ciclopirox Topical,medication,MPlusDrugs
Cidofovir Injection,medication,MPlusDrugs
Cilostazol,medication,MPlusDrugs
Cimetidine,medication,MPlusDrugs
Cimetidine Hydrochloride Injection,medication,MPlusDrugs
Cinacalcet,medication,MPlusDrugs
Ciprofloxacin,medication,MPlusDrugs
Ciprofloxacin and Dexamethasone Otic,medication,MPlusDrugs
Ciprofloxacin and Hydrocortisone Otic,medication,MPlusDrugs
Ciprofloxacin Injection,medication,MPlusDrugs
Ciprofloxacin Ophthalmic,medication,MPlusDrugs
Cisapride,medication,MPlusDrugs
Cisplatin Injection,medication,MPlusDrugs
Citalopram,medication,MPlusDrugs
Cladribine,medication,MPlusDrugs
Clarithromycin,medication,MPlusDrugs
Clemastine,medication,MPlusDrugs
Clindamycin,medication,MPlusDrugs
Clindamycin and Benzoyl Peroxide Topical,medication,MPlusDrugs
Clindamycin Injection,medication,MPlusDrugs
Clindamycin Topical,medication,MPlusDrugs
Clindamycin Vaginal,medication,MPlusDrugs
Clioquinol Topical,medication,MPlusDrugs
Clobazam,medication,MPlusDrugs
Clobetasol,medication,MPlusDrugs
Clofarabine Injection,medication,MPlusDrugs
Clomiphene,medication,MPlusDrugs
Clomipramine,medication,MPlusDrugs
Clonazepam,medication,MPlusDrugs
Clonidine,medication,MPlusDrugs
Clonidine Transdermal Patch,medication,MPlusDrugs
Clopidogrel,medication,MPlusDrugs
Clorazepate,medication,MPlusDrugs
Clotrimazole,medication,MPlusDrugs
Clozapine,medication,MPlusDrugs
Co-trimoxazole,medication,MPlusDrugs
Co-trimoxazole Injection,medication,MPlusDrugs
Cobimetinib,medication,MPlusDrugs
Codeine,medication,MPlusDrugs
Colchicine,medication,MPlusDrugs
Colesevelam,medication,MPlusDrugs
Colestipol,medication,MPlusDrugs
Colistimethate Injection,medication,MPlusDrugs
Collagenase Clostridium Histolyticum Injection,medication,MPlusDrugs
"Corticotropin, Repository Injection",medication,MPlusDrugs
Crizotinib,medication,MPlusDrugs
Crofelemer,medication,MPlusDrugs
Cromolyn Oral Inhalation,medication,MPlusDrugs
Cromolyn Sodium Nasal Solution,medication,MPlusDrugs
Cyanocobalamin Injection,medication,MPlusDrugs
Cyanocobalamin Nasal Gel,medication,MPlusDrugs
Cyclobenzaprine,medication,MPlusDrugs
Cyclopentolate Ophthalmic,medication,MPlusDrugs
Cyclophosphamide,medication,MPlusDrugs
Cyclophosphamide Injection,medication,MPlusDrugs
Cyclosporine,medication,MPlusDrugs
Cyclosporine Injection,medication,MPlusDrugs
Cyclosporine Ophthalmic,medication,MPlusDrugs
Cyproheptadine,medication,MPlusDrugs
Cytarabine,medication,MPlusDrugs
Cytarabine Lipid Complex Injection,medication,MPlusDrugs
Dabigatran,medication,MPlusDrugs
Dabrafenib,medication,MPlusDrugs
Dacarbazine,medication,MPlusDrugs
Daclatasvir,medication,MPlusDrugs
Dactinomycin,medication,MPlusDrugs
Dalbavancin Injection,medication,MPlusDrugs
Dalfampridine,medication,MPlusDrugs
Dalteparin Injection,medication,MPlusDrugs
Danazol,medication,MPlusDrugs
Dantrolene Oral,medication,MPlusDrugs
Dapagliflozin,medication,MPlusDrugs
Dapsone,medication,MPlusDrugs
Daptomycin Injection,medication,MPlusDrugs
Daratumumab Injection,medication,MPlusDrugs
Darbepoetin Alfa Injection,medication,MPlusDrugs
Darifenacin,medication,MPlusDrugs
Darunavir,medication,MPlusDrugs
Dasatinib,medication,MPlusDrugs
Daunorubicin,medication,MPlusDrugs
Daunorubicin Lipid Complex Injection,medication,MPlusDrugs
Decitabine Injection,medication,MPlusDrugs
Deferasirox,medication,MPlusDrugs
Deferiprone,medication,MPlusDrugs
Degarelix Injection,medication,MPlusDrugs
Delavirdine,medication,MPlusDrugs
Demeclocycline,medication,MPlusDrugs
Denileukin Diftitox Injection,medication,MPlusDrugs
Denosumab Injection,medication,MPlusDrugs
Deoxycholic Acid Injection,medication,MPlusDrugs
Desipramine,medication,MPlusDrugs
Desloratadine,medication,MPlusDrugs
Desmopressin Nasal,medication,MPlusDrugs
Desmopressin Oral,medication,MPlusDrugs
Desonide Topical,medication,MPlusDrugs
Desoximetasone Topical,medication,MPlusDrugs
Desvenlafaxine,medication,MPlusDrugs
Dexamethasone Ophthalmic,medication,MPlusDrugs
Dexamethasone Oral,medication,MPlusDrugs
Dexlansoprazole,medication,MPlusDrugs
Dexmethylphenidate,medication,MPlusDrugs
Dexrazoxane Injection,medication,MPlusDrugs
Dextroamphetamine,medication,MPlusDrugs
Dextroamphetamine and Amphetamine,medication,MPlusDrugs
Dextromethorphan,medication,MPlusDrugs
Dextromethorphan and Quinidine,medication,MPlusDrugs
Diazepam,medication,MPlusDrugs
Diazepam Rectal,medication,MPlusDrugs
Diclofenac,medication,MPlusDrugs
Diclofenac and Misoprostol,medication,MPlusDrugs
Diclofenac Ophthalmic,medication,MPlusDrugs
Diclofenac Topical (actinic keratosis),medication,MPlusDrugs
Diclofenac Topical (osteoarthritis pain),medication,MPlusDrugs
Diclofenac Transdermal Patch,medication,MPlusDrugs
Dicloxacillin,medication,MPlusDrugs
Dicyclomine,medication,MPlusDrugs
Didanosine,medication,MPlusDrugs
Diethylpropion,medication,MPlusDrugs
Diflorasone Topical,medication,MPlusDrugs
Diflunisal,medication,MPlusDrugs
Difluprednate Ophthalmic,medication,MPlusDrugs
Digoxin Oral,medication,MPlusDrugs
Dihydroergotamine Injection and Nasal Spray,medication,MPlusDrugs
Diltiazem,medication,MPlusDrugs
Dimenhydrinate,medication,MPlusDrugs
Dimethyl Fumarate,medication,MPlusDrugs
Dinoprostone,medication,MPlusDrugs
Dinutuximab Injection,medication,MPlusDrugs
Diphenhydramine,medication,MPlusDrugs
Diphenhydramine Topical,medication,MPlusDrugs
Diphenoxylate,medication,MPlusDrugs
"Diphtheria, Tetanus, and Pertussis (DTaP) Vaccine",medication,MPlusDrugs
Dipivefrin Ophthalmic,medication,MPlusDrugs
Dipyridamole,medication,MPlusDrugs
Disopyramide,medication,MPlusDrugs
Disulfiram,medication,MPlusDrugs
Dobutamine Hydrochloride Injection,medication,MPlusDrugs
Docetaxel Injection,medication,MPlusDrugs
Dofetilide,medication,MPlusDrugs
Dolasetron,medication,MPlusDrugs
Dolasetron Injection,medication,MPlusDrugs
Dolutegravir,medication,MPlusDrugs
Donepezil,medication,MPlusDrugs
Doripenem Injection,medication,MPlusDrugs
Dornase Alfa,medication,MPlusDrugs
Dorzolamide and Timolol Ophthalmic,medication,MPlusDrugs
Dorzolamide Ophthalmic,medication,MPlusDrugs
Doxazosin,medication,MPlusDrugs
Doxepin,medication,MPlusDrugs
Doxepin Topical,medication,MPlusDrugs
Doxorubicin,medication,MPlusDrugs
Doxorubicin Lipid Complex Injection,medication,MPlusDrugs
Doxycycline,medication,MPlusDrugs
Doxycycline Injection,medication,MPlusDrugs
Doxylamine,medication,MPlusDrugs
Doxylamine and Pyridoxine,medication,MPlusDrugs
Dronabinol,medication,MPlusDrugs
Dronedarone,medication,MPlusDrugs
Droxidopa,medication,MPlusDrugs
Dulaglutide Injection,medication,MPlusDrugs
Duloxetine,medication,MPlusDrugs
Dutasteride,medication,MPlusDrugs
Econazole Topical,medication,MPlusDrugs
Eculizumab Injection,medication,MPlusDrugs
Edoxaban,medication,MPlusDrugs
Efavirenz,medication,MPlusDrugs
Efinaconazole Topical,medication,MPlusDrugs
Eflornithine,medication,MPlusDrugs
Elbasvir and Grazoprevir,medication,MPlusDrugs
Eletriptan,medication,MPlusDrugs
Elotuzumab Injection,medication,MPlusDrugs
Eltrombopag,medication,MPlusDrugs
Eluxadoline,medication,MPlusDrugs
"Elvitegravir, Cobicistat, Emtricitabine, and Tenofovir",medication,MPlusDrugs
Empagliflozin,medication,MPlusDrugs
Emtricitabine,medication,MPlusDrugs
Emtricitabine and Tenofovir,medication,MPlusDrugs
Enalapril,medication,MPlusDrugs
Enalapril and Hydrochlorothiazide,medication,MPlusDrugs
Enfuvirtide Injection,medication,MPlusDrugs
Enoxaparin Injection,medication,MPlusDrugs
Entacapone,medication,MPlusDrugs
Entecavir,medication,MPlusDrugs
Enzalutamide,medication,MPlusDrugs
Epinastine Ophthalmic,medication,MPlusDrugs
Epinephrine Injection,medication,MPlusDrugs
Epirubicin,medication,MPlusDrugs
Eplerenone,medication,MPlusDrugs
Epoetin Alfa Injection,medication,MPlusDrugs
Eprosartan,medication,MPlusDrugs
Eprosartan and Hydrochlorothiazide,medication,MPlusDrugs
Ergoloid Mesylates,medication,MPlusDrugs
Ergotamine and Caffeine,medication,MPlusDrugs
Eribulin Injection,medication,MPlusDrugs
Erlotinib,medication,MPlusDrugs
Ertapenem Injection,medication,MPlusDrugs
Erythromycin,medication,MPlusDrugs
Erythromycin and Benzoyl Peroxide Topical,medication,MPlusDrugs
Erythromycin and Sulfisoxazole,medication,MPlusDrugs
Erythromycin Ophthalmic,medication,MPlusDrugs
Escitalopram,medication,MPlusDrugs
Eslicarbazepine,medication,MPlusDrugs
Esomeprazole,medication,MPlusDrugs
Estazolam,medication,MPlusDrugs
Estradiol Topical,medication,MPlusDrugs
Estradiol Transdermal Patch,medication,MPlusDrugs
Estramustine,medication,MPlusDrugs
Estrogen,medication,MPlusDrugs
Estrogen and Bazedoxifene,medication,MPlusDrugs
Estrogen and Progestin (Hormone Replacement Therapy),medication,MPlusDrugs
Estrogen and Progestin (Oral Contraceptives),medication,MPlusDrugs
Estrogen Injection,medication,MPlusDrugs
Estrogen Vaginal,medication,MPlusDrugs
Eszopiclone,medication,MPlusDrugs
Etanercept Injection,medication,MPlusDrugs
Ethacrynic Acid,medication,MPlusDrugs
Ethambutol,medication,MPlusDrugs
Ethinyl Estradiol and Etonogestrel Vaginal Ring,medication,MPlusDrugs
Ethinyl Estradiol and Norelgestromin Transdermal Patch,medication,MPlusDrugs
Ethosuximide,medication,MPlusDrugs
Etidronate,medication,MPlusDrugs
Etodolac,medication,MPlusDrugs
Etoposide,medication,MPlusDrugs
Etoposide Injection,medication,MPlusDrugs
Etravirine,medication,MPlusDrugs
Everolimus,medication,MPlusDrugs
Evolocumab Injection,medication,MPlusDrugs
Exemestane,medication,MPlusDrugs
Exenatide Injection,medication,MPlusDrugs
Ezetimibe,medication,MPlusDrugs
Ezogabine,medication,MPlusDrugs
Famciclovir,medication,MPlusDrugs
Famotidine,medication,MPlusDrugs
Famotidine Injection,medication,MPlusDrugs
Febuxostat,medication,MPlusDrugs
Felbamate,medication,MPlusDrugs
Felodipine,medication,MPlusDrugs
Fenofibrate,medication,MPlusDrugs
Fenoprofen,medication,MPlusDrugs
Fentanyl,medication,MPlusDrugs
Fentanyl Nasal Spray,medication,MPlusDrugs
Fentanyl Sublingual Spray,medication,MPlusDrugs
Fentanyl Transdermal Patch,medication,MPlusDrugs
Ferric Carboxymaltose Injection,medication,MPlusDrugs
Ferrous Sulfate (Iron),medication,MPlusDrugs
Ferumoxytol Injection,medication,MPlusDrugs
Fesoterodine,medication,MPlusDrugs
Fexofenadine,medication,MPlusDrugs
Fexofenadine and Pseudoephedrine,medication,MPlusDrugs
Fidaxomicin,medication,MPlusDrugs
"Filgrastim, Filgrastim-sndz, Tbo-filgrastim Injection",medication,MPlusDrugs
Finasteride,medication,MPlusDrugs
Fingolimod,medication,MPlusDrugs
Flavoxate,medication,MPlusDrugs
Flecainide,medication,MPlusDrugs
Flibanserin,medication,MPlusDrugs
Floxuridine,medication,MPlusDrugs
Fluconazole,medication,MPlusDrugs
Fluconazole Injection,medication,MPlusDrugs
Fludarabine Injection,medication,MPlusDrugs
Fludrocortisone Acetate,medication,MPlusDrugs
Flunisolide Nasal Spray,medication,MPlusDrugs
Flunisolide Oral Inhalation,medication,MPlusDrugs
Fluocinolone Topical,medication,MPlusDrugs
Fluocinonide Topical,medication,MPlusDrugs
Fluoride,medication,MPlusDrugs
Fluorouracil Injection,medication,MPlusDrugs
Fluorouracil Topical,medication,MPlusDrugs
Fluoxetine,medication,MPlusDrugs
Fluoxymesterone,medication,MPlusDrugs
Fluphenazine,medication,MPlusDrugs
Flurandrenolide Topical,medication,MPlusDrugs
Flurazepam,medication,MPlusDrugs
Flurbiprofen,medication,MPlusDrugs
Flurbiprofen Ophthalmic,medication,MPlusDrugs
Flutamide,medication,MPlusDrugs
Fluticasone and Salmeterol Oral Inhalation,medication,MPlusDrugs
Fluticasone and Vilanterol Oral Inhalation,medication,MPlusDrugs
Fluticasone Nasal Spray,medication,MPlusDrugs
Fluticasone Oral Inhalation,medication,MPlusDrugs
Fluticasone Topical,medication,MPlusDrugs
Fluvastatin,medication,MPlusDrugs
Fluvoxamine,medication,MPlusDrugs
Folic Acid,medication,MPlusDrugs
Fondaparinux Injection,medication,MPlusDrugs
Formoterol Oral Inhalation,medication,MPlusDrugs
Fosamprenavir,medication,MPlusDrugs
Foscarnet Sodium Injection,medication,MPlusDrugs
Fosfomycin,medication,MPlusDrugs
Fosinopril,medication,MPlusDrugs
Frovatriptan,medication,MPlusDrugs
Fulvestrant Injection,medication,MPlusDrugs
Furosemide,medication,MPlusDrugs
Gabapentin,medication,MPlusDrugs
Galantamine,medication,MPlusDrugs
Ganciclovir,medication,MPlusDrugs
Ganciclovir Injection,medication,MPlusDrugs
Gatifloxacin Ophthalmic,medication,MPlusDrugs
Gefitinib,medication,MPlusDrugs
Gemcitabine Injection,medication,MPlusDrugs
Gemfibrozil,medication,MPlusDrugs
Gemifloxacin,medication,MPlusDrugs
Gentamicin Injection,medication,MPlusDrugs
Gentamicin Ophthalmic,medication,MPlusDrugs
Glatiramer Injection,medication,MPlusDrugs
Glimepiride,medication,MPlusDrugs
Glipizide,medication,MPlusDrugs
Glucagon,medication,MPlusDrugs
Glucarpidase,medication,MPlusDrugs
Glyburide,medication,MPlusDrugs
Glyburide and Metformin,medication,MPlusDrugs
Glycopyrrolate,medication,MPlusDrugs
Golimumab Injection,medication,MPlusDrugs
Goserelin Implant,medication,MPlusDrugs
Granisetron,medication,MPlusDrugs
Granisetron Injection,medication,MPlusDrugs
Granisetron Transdermal Patch,medication,MPlusDrugs
Griseofulvin,medication,MPlusDrugs
Guaifenesin,medication,MPlusDrugs
Guanabenz,medication,MPlusDrugs
Guanfacine,medication,MPlusDrugs
Haemophilus influenzae type b (Hib) Vaccine,medication,MPlusDrugs
Halcinonide Topical,medication,MPlusDrugs
Halobetasol,medication,MPlusDrugs
Haloperidol,medication,MPlusDrugs
Haloperidol Injection,medication,MPlusDrugs
Heparin Injection,medication,MPlusDrugs
Hepatitis A Vaccine,medication,MPlusDrugs
Hepatitis B Vaccine,medication,MPlusDrugs
Histrelin Implant,medication,MPlusDrugs
Human Papillomavirus (HPV) Vaccine (Cervarix),medication,MPlusDrugs
Human Papillomavirus (HPV) Vaccine (Gardasil),medication,MPlusDrugs
Human Papillomavirus (HPV) Vaccine (Gardasil-9),medication,MPlusDrugs
Hydralazine,medication,MPlusDrugs
Hydrochlorothiazide,medication,MPlusDrugs
Hydrocodone,medication,MPlusDrugs
Hydrocodone Combination Products,medication,MPlusDrugs
Hydrocortisone Injection,medication,MPlusDrugs
Hydrocortisone Oral,medication,MPlusDrugs
Hydrocortisone Topical,medication,MPlusDrugs
"Hydrocortisone, Neomycin, and Polymyxin",medication,MPlusDrugs
Hydromorphone,medication,MPlusDrugs
Hydromorphone Injection,medication,MPlusDrugs
Hydromorphone Rectal,medication,MPlusDrugs
Hydroxychloroquine,medication,MPlusDrugs
Hydroxyurea,medication,MPlusDrugs
Hydroxyzine,medication,MPlusDrugs
Hyoscyamine,medication,MPlusDrugs
Ibandronate,medication,MPlusDrugs
Ibandronate Injection,medication,MPlusDrugs
Ibritumomab Injection,medication,MPlusDrugs
Ibrutinib,medication,MPlusDrugs
Ibuprofen,medication,MPlusDrugs
Icosapent Ethyl,medication,MPlusDrugs
Idarubicin,medication,MPlusDrugs
Idelalisib,medication,MPlusDrugs
Idoxuridine Ophthalmic,medication,MPlusDrugs
Ifosfamide Injection,medication,MPlusDrugs
Iloperidone,medication,MPlusDrugs
Iloprost,medication,MPlusDrugs
Imatinib,medication,MPlusDrugs
Imipenem and Cilastatin Sodium Injection,medication,MPlusDrugs
Imipramine,medication,MPlusDrugs
Imiquimod Topical,medication,MPlusDrugs
IncobotulinumtoxinA Injection,medication,MPlusDrugs
Indacaterol Oral Inhalation,medication,MPlusDrugs
Indapamide,medication,MPlusDrugs
Indinavir,medication,MPlusDrugs
Indomethacin,medication,MPlusDrugs
Infliximab Injection,medication,MPlusDrugs
"Influenza Vaccine, Inactivated or Recombinant",medication,MPlusDrugs
"Influenza Vaccine, Live Intranasal",medication,MPlusDrugs
Ingenol Mebutate Topical,medication,MPlusDrugs
Insulin Aspart (rDNA Origin) Injection,medication,MPlusDrugs
Insulin Degludec (rDNA Origin) Injection,medication,MPlusDrugs
Insulin Detemir (rDNA Origin) Injection,medication,MPlusDrugs
Insulin Glargine (rDNA origin) Injection,medication,MPlusDrugs
Insulin Glulisine (rDNA origin) Injection,medication,MPlusDrugs
Insulin Human Inhalation,medication,MPlusDrugs
Insulin Injection,medication,MPlusDrugs
Insulin Lispro Injection,medication,MPlusDrugs
Interferon Alfa-2b Injection,medication,MPlusDrugs
Interferon Alfacon-1 Injection,medication,MPlusDrugs
Interferon beta-1a Intramuscular Injection,medication,MPlusDrugs
Interferon beta-1a Subcutaneous Injection,medication,MPlusDrugs
Interferon Beta-1b Injection,medication,MPlusDrugs
Interferon Gamma-1b Injection,medication,MPlusDrugs
Ipilimumab Injection,medication,MPlusDrugs
Ipratropium Oral Inhalation,medication,MPlusDrugs
Irbesartan,medication,MPlusDrugs
Irbesartan and Hydrochlorothiazide,medication,MPlusDrugs
Irinotecan Injection,medication,MPlusDrugs
Irinotecan Lipid Complex Injection,medication,MPlusDrugs
Iron Dextran Injection,medication,MPlusDrugs
Iron Sucrose Injection,medication,MPlusDrugs
Isavuconazonium,medication,MPlusDrugs
Isavuconazonium Injection,medication,MPlusDrugs
Isocarboxazid,medication,MPlusDrugs
Isoetharine Oral Inhalation,medication,MPlusDrugs
Isoniazid,medication,MPlusDrugs
Isosorbide,medication,MPlusDrugs
Isotretinoin,medication,MPlusDrugs
Isoxsuprine Oral,medication,MPlusDrugs
Isradipine,medication,MPlusDrugs
Itraconazole,medication,MPlusDrugs
Ivabradine,medication,MPlusDrugs
Ivacaftor,medication,MPlusDrugs
Ivermectin,medication,MPlusDrugs
Ivermectin Topical,medication,MPlusDrugs
Ixabepilone Injection,medication,MPlusDrugs
Ixazomib,medication,MPlusDrugs
Japanese Encephalitis Vaccine,medication,MPlusDrugs
Ketoconazole,medication,MPlusDrugs
Ketoconazole Topical,medication,MPlusDrugs
Ketoprofen,medication,MPlusDrugs
Ketorolac,medication,MPlusDrugs
Ketorolac Injection,medication,MPlusDrugs
Ketorolac Nasal Spray,medication,MPlusDrugs
Ketorolac Ophthalmic,medication,MPlusDrugs
Ketotifen Ophthalmic,medication,MPlusDrugs
Labetalol Oral,medication,MPlusDrugs
Lacosamide,medication,MPlusDrugs
Lacosamide Injection,medication,MPlusDrugs
Lactulose,medication,MPlusDrugs
Lamivudine,medication,MPlusDrugs
Lamivudine and Zidovudine,medication,MPlusDrugs
Lamotrigine,medication,MPlusDrugs
Lanreotide Injection,medication,MPlusDrugs
Lansoprazole,medication,MPlusDrugs
"Lansoprazole, Clarithromycin, and Amoxicillin",medication,MPlusDrugs
Lanthanum,medication,MPlusDrugs
Lapatinib,medication,MPlusDrugs
Latanoprost Ophthalmic,medication,MPlusDrugs
Ledipasvir and Sofosbuvir,medication,MPlusDrugs
Leflunomide,medication,MPlusDrugs
Lenalidomide,medication,MPlusDrugs
Lenvatinib,medication,MPlusDrugs
Letrozole,medication,MPlusDrugs
Leucovorin,medication,MPlusDrugs
Leucovorin Injection,medication,MPlusDrugs
Leuprolide Injection,medication,MPlusDrugs
Levalbuterol Oral Inhalation,medication,MPlusDrugs
Levetiracetam,medication,MPlusDrugs
Levobunolol Ophthalmic,medication,MPlusDrugs
Levocetirizine,medication,MPlusDrugs
Levodopa and Carbidopa,medication,MPlusDrugs
Levofloxacin,medication,MPlusDrugs
Levofloxacin Injection,medication,MPlusDrugs
Levoleucovorin Injection,medication,MPlusDrugs
Levomilnacipran,medication,MPlusDrugs
Levonorgestrel,medication,MPlusDrugs
Levonorgestrel Intrauterine System,medication,MPlusDrugs
Levorphanol Oral,medication,MPlusDrugs
Levothyroxine,medication,MPlusDrugs
Lidocaine Transdermal Patch,medication,MPlusDrugs
Lidocaine Viscous,medication,MPlusDrugs
Linaclotide,medication,MPlusDrugs
Linagliptin,medication,MPlusDrugs
Lindane,medication,MPlusDrugs
Linezolid,medication,MPlusDrugs
Linezolid Injection,medication,MPlusDrugs
Liothyronine,medication,MPlusDrugs
Liotrix,medication,MPlusDrugs
Liraglutide Injection,medication,MPlusDrugs
Lisdexamfetamine,medication,MPlusDrugs
Lisinopril,medication,MPlusDrugs
Lisinopril and Hydrochlorothiazide,medication,MPlusDrugs
Lithium,medication,MPlusDrugs
Lodoxamide Ophthalmic,medication,MPlusDrugs
Lomitapide,medication,MPlusDrugs
Lomustine,medication,MPlusDrugs
Loperamide,medication,MPlusDrugs
Lopinavir and Ritonavir,medication,MPlusDrugs
Loratadine,medication,MPlusDrugs
Lorazepam,medication,MPlusDrugs
Lorcaserin,medication,MPlusDrugs
Losartan,medication,MPlusDrugs
Losartan and Hydrochlorothiazide,medication,MPlusDrugs
Lovastatin,medication,MPlusDrugs
Loxapine,medication,MPlusDrugs
Lubiprostone,medication,MPlusDrugs
Luliconazole Topical,medication,MPlusDrugs
Lumacaftor and Ivacaftor,medication,MPlusDrugs
Lurasidone,medication,MPlusDrugs
Macitentan,medication,MPlusDrugs
Magnesium Gluconate,medication,MPlusDrugs
Magnesium Hydroxide,medication,MPlusDrugs
Magnesium Oxide,medication,MPlusDrugs
Malathion Topical,medication,MPlusDrugs
Maprotiline,medication,MPlusDrugs
Maraviroc,medication,MPlusDrugs
Mebendazole,medication,MPlusDrugs
Mechlorethamine,medication,MPlusDrugs
Mechlorethamine Topical,medication,MPlusDrugs
Meclizine,medication,MPlusDrugs
Meclofenamate,medication,MPlusDrugs
Medroxyprogesterone,medication,MPlusDrugs
Medroxyprogesterone Injection,medication,MPlusDrugs
Mefenamic Acid,medication,MPlusDrugs
Mefloquine,medication,MPlusDrugs
Megestrol,medication,MPlusDrugs
Meloxicam,medication,MPlusDrugs
Melphalan,medication,MPlusDrugs
Melphalan Injection,medication,MPlusDrugs
Memantine,medication,MPlusDrugs
Meningococcal Group B Vaccine (MenB),medication,MPlusDrugs
Meningococcal Vaccines,medication,MPlusDrugs
Meperidine,medication,MPlusDrugs
Meperidine Hydrochloride Injection,medication,MPlusDrugs
Mepolizumab Injection,medication,MPlusDrugs
Meprobamate,medication,MPlusDrugs
Mercaptopurine,medication,MPlusDrugs
Meropenem Injection,medication,MPlusDrugs
Mesalamine,medication,MPlusDrugs
Mesalamine Rectal,medication,MPlusDrugs
Mesna,medication,MPlusDrugs
Mesna Injection,medication,MPlusDrugs
Mesoridazine Oral,medication,MPlusDrugs
Metaproterenol,medication,MPlusDrugs
Metaxalone,medication,MPlusDrugs
Metformin,medication,MPlusDrugs
Methadone,medication,MPlusDrugs
Methamphetamine,medication,MPlusDrugs
Methazolamide,medication,MPlusDrugs
Methenamine,medication,MPlusDrugs
Methimazole,medication,MPlusDrugs
Methocarbamol,medication,MPlusDrugs
Methotrexate,medication,MPlusDrugs
Methotrexate Injection,medication,MPlusDrugs
Methsuximide,medication,MPlusDrugs
Methyclothiazide,medication,MPlusDrugs
Methyldopa,medication,MPlusDrugs
Methyldopa and Hydrochlorothiazide,medication,MPlusDrugs
Methylergonovine Oral,medication,MPlusDrugs
Methylnaltrexone Injection,medication,MPlusDrugs
Methylphenidate,medication,MPlusDrugs
Methylphenidate Transdermal Patch,medication,MPlusDrugs
Methylprednisolone Oral,medication,MPlusDrugs
Methylprednisolone Sodium Succinate Injection,medication,MPlusDrugs
Metipranolol Ophthalmic,medication,MPlusDrugs
Metoclopramide,medication,MPlusDrugs
Metoclopramide Injection,medication,MPlusDrugs
Metolazone,medication,MPlusDrugs
Metoprolol,medication,MPlusDrugs
Metronidazole Injection,medication,MPlusDrugs
Metronidazole Oral,medication,MPlusDrugs
Metronidazole Topical,medication,MPlusDrugs
Mexiletine,medication,MPlusDrugs
Miconazole,medication,MPlusDrugs
Midazolam,medication,MPlusDrugs
Midazolam Injection,medication,MPlusDrugs
Mifepristone (Korlym),medication,MPlusDrugs
Mifepristone (Mifeprex),medication,MPlusDrugs
Miglitol,medication,MPlusDrugs
Miglustat,medication,MPlusDrugs
Milnacipran,medication,MPlusDrugs
Minocycline Oral,medication,MPlusDrugs
Minoxidil Oral,medication,MPlusDrugs
Minoxidil Topical,medication,MPlusDrugs
Mipomersen Injection,medication,MPlusDrugs
Mirabegron,medication,MPlusDrugs
Mirtazapine,medication,MPlusDrugs
Misoprostol,medication,MPlusDrugs
Mitomycin,medication,MPlusDrugs
Mitotane,medication,MPlusDrugs
Mitoxantrone Injection,medication,MPlusDrugs
"MMR Vaccine (Measles, Mumps, and Rubella)",medication,MPlusDrugs
Modafinil,medication,MPlusDrugs
Moexipril,medication,MPlusDrugs
Molindone,medication,MPlusDrugs
Mometasone Nasal Spray,medication,MPlusDrugs
Mometasone Oral Inhalation,medication,MPlusDrugs
Mometasone Topical,medication,MPlusDrugs
Montelukast,medication,MPlusDrugs
Morphine Oral,medication,MPlusDrugs
Morphine Rectal,medication,MPlusDrugs
Morphine Sulfate Injection,medication,MPlusDrugs
Moxifloxacin,medication,MPlusDrugs
Moxifloxacin Injection,medication,MPlusDrugs
Moxifloxacin Ophthalmic,medication,MPlusDrugs
Mupirocin,medication,MPlusDrugs
Mycophenolate,medication,MPlusDrugs
Nabilone,medication,MPlusDrugs
Nabumetone,medication,MPlusDrugs
Nadolol,medication,MPlusDrugs
Nafarelin,medication,MPlusDrugs
Nafcillin Sodium Injection,medication,MPlusDrugs
Naftifine Hydrochloride Topical,medication,MPlusDrugs
Nalbuphine Injection,medication,MPlusDrugs
Naloxegol,medication,MPlusDrugs
Naloxone Injection,medication,MPlusDrugs
Naloxone Nasal Spray,medication,MPlusDrugs
Naltrexone,medication,MPlusDrugs
Naltrexone Injection,medication,MPlusDrugs
Naproxen,medication,MPlusDrugs
Naratriptan,medication,MPlusDrugs
Natalizumab Injection,medication,MPlusDrugs
Nateglinide Oral,medication,MPlusDrugs
Nebivolol,medication,MPlusDrugs
Necitumumab Injection,medication,MPlusDrugs
Nedocromil Ophthalmic,medication,MPlusDrugs
Nefazodone,medication,MPlusDrugs
Nelarabine Injection,medication,MPlusDrugs
Nelfinavir,medication,MPlusDrugs
Neomycin Topical,medication,MPlusDrugs
"Neomycin, Polymyxin, and Bacitracin Ophthalmic",medication,MPlusDrugs
"Neomycin, Polymyxin, and Bacitracin Topical",medication,MPlusDrugs
Nepafenac Ophthalmic,medication,MPlusDrugs
Netupitant and Palonosetron,medication,MPlusDrugs
Nevirapine,medication,MPlusDrugs
Niacin,medication,MPlusDrugs
Nicardipine,medication,MPlusDrugs
Nicotine Gum,medication,MPlusDrugs
Nicotine Lozenges,medication,MPlusDrugs
Nicotine Nasal Spray,medication,MPlusDrugs
Nicotine Oral Inhalation,medication,MPlusDrugs
Nicotine Transdermal Patch,medication,MPlusDrugs
Nifedipine,medication,MPlusDrugs
Nilotinib,medication,MPlusDrugs
Nilutamide,medication,MPlusDrugs
Nimodipine,medication,MPlusDrugs
Nintedanib,medication,MPlusDrugs
Nisoldipine,medication,MPlusDrugs
Nitazoxanide,medication,MPlusDrugs
Nitrofurantoin,medication,MPlusDrugs
Nitroglycerin Spray,medication,MPlusDrugs
Nitroglycerin Sublingual,medication,MPlusDrugs
Nitroglycerin Topical,medication,MPlusDrugs
Nitroglycerin Transdermal Patch,medication,MPlusDrugs
Nivolumab Injection,medication,MPlusDrugs
Nizatidine,medication,MPlusDrugs
Norethindrone,medication,MPlusDrugs
Norfloxacin,medication,MPlusDrugs
Nortriptyline,medication,MPlusDrugs
Nystatin,medication,MPlusDrugs
Nystatin and Triamcinolone,medication,MPlusDrugs
Obinutuzumab Injection,medication,MPlusDrugs
Octreotide Injection,medication,MPlusDrugs
Ofatumumab Injection,medication,MPlusDrugs
Ofloxacin,medication,MPlusDrugs
Ofloxacin Ophthalmic,medication,MPlusDrugs
Ofloxacin Otic,medication,MPlusDrugs
Olanzapine,medication,MPlusDrugs
Olanzapine Injection,medication,MPlusDrugs
Olaparib,medication,MPlusDrugs
Olmesartan,medication,MPlusDrugs
Olmesartan and Hydrochlorothiazide,medication,MPlusDrugs
Olodaterol Oral Inhalation,medication,MPlusDrugs
Olopatadine Nasal Spray,medication,MPlusDrugs
Olopatadine Ophthalmic,medication,MPlusDrugs
Olsalazine,medication,MPlusDrugs
Omacetaxine Injection,medication,MPlusDrugs
Omalizumab Injection,medication,MPlusDrugs
"Ombitasvir, Paritaprevir, and Ritonavir",medication,MPlusDrugs
"Ombitasvir, Paritaprevir, Ritonavir, and Dasabuvir",medication,MPlusDrugs
Omega-3 Fatty Acids,medication,MPlusDrugs
Omeprazole,medication,MPlusDrugs
OnabotulinumtoxinA Injection,medication,MPlusDrugs
Ondansetron,medication,MPlusDrugs
Ondansetron Injection,medication,MPlusDrugs
Oritavancin Injection,medication,MPlusDrugs
Orlistat,medication,MPlusDrugs
Orphenadrine,medication,MPlusDrugs
Oseltamivir,medication,MPlusDrugs
Osimertinib,medication,MPlusDrugs
Ospemifene,medication,MPlusDrugs
Oxacillin Sodium Injection,medication,MPlusDrugs
Oxaliplatin Injection,medication,MPlusDrugs
Oxandrolone,medication,MPlusDrugs
Oxaprozin,medication,MPlusDrugs
Oxazepam,medication,MPlusDrugs
Oxcarbazepine,medication,MPlusDrugs
Oxiconazole,medication,MPlusDrugs
Oxybutynin,medication,MPlusDrugs
Oxybutynin Topical,medication,MPlusDrugs
Oxybutynin Transdermal Patch,medication,MPlusDrugs
Oxycodone,medication,MPlusDrugs
Oxymetazoline Nasal Spray,medication,MPlusDrugs
Oxymorphone,medication,MPlusDrugs
Oxytocin Injection,medication,MPlusDrugs
Paclitaxel Injection,medication,MPlusDrugs
Palbociclib,medication,MPlusDrugs
Palifermin,medication,MPlusDrugs
Paliperidone,medication,MPlusDrugs
Paliperidone Injection,medication,MPlusDrugs
Palivizumab Injection,medication,MPlusDrugs
Palonosetron Injection,medication,MPlusDrugs
Pamidronate Injection,medication,MPlusDrugs
Pancrelipase,medication,MPlusDrugs
Panitumumab Injection,medication,MPlusDrugs
Panobinostat,medication,MPlusDrugs
Pantoprazole,medication,MPlusDrugs
Papaverine,medication,MPlusDrugs
Paregoric,medication,MPlusDrugs
Paroxetine,medication,MPlusDrugs
Patiromer,medication,MPlusDrugs
Pazopanib,medication,MPlusDrugs
Pegaptanib Injection,medication,MPlusDrugs
Pegaspargase Injection,medication,MPlusDrugs
Pegfilgrastim Injection,medication,MPlusDrugs
Peginterferon Alfa-2a Injection,medication,MPlusDrugs
Peginterferon Alfa-2b (PEG-Intron),medication,MPlusDrugs
Peginterferon Alfa-2b Injection (Sylatron),medication,MPlusDrugs
Peginterferon Beta-1a Injection,medication,MPlusDrugs
Pegloticase Injection,medication,MPlusDrugs
Pembrolizumab Injection,medication,MPlusDrugs
Pemetrexed Injection,medication,MPlusDrugs
Penbutolol,medication,MPlusDrugs
Penciclovir Cream,medication,MPlusDrugs
"Penicillin G (Potassium, Sodium) Injection",medication,MPlusDrugs
Penicillin G Benzathine and Penicillin G Procaine Injection,medication,MPlusDrugs
Penicillin G Benzathine Injection,medication,MPlusDrugs
Penicillin G Procaine Injection,medication,MPlusDrugs
Penicillin V Potassium Oral,medication,MPlusDrugs
Pentamidine Isethionate Injection,medication,MPlusDrugs
Pentamidine Oral Inhalation,medication,MPlusDrugs
Pentazocine,medication,MPlusDrugs
Pentosan Polysulfate,medication,MPlusDrugs
Pentostatin Injection,medication,MPlusDrugs
Pentoxifylline,medication,MPlusDrugs
Peramivir Injection,medication,MPlusDrugs
Perampanel,medication,MPlusDrugs
Perindopril,medication,MPlusDrugs
Permethrin Topical,medication,MPlusDrugs
Perphenazine,medication,MPlusDrugs
Pertuzumab Injection,medication,MPlusDrugs
Phenazopyridine,medication,MPlusDrugs
Phenelzine,medication,MPlusDrugs
Phenobarbital,medication,MPlusDrugs
Phenoxybenzamine,medication,MPlusDrugs
Phentermine,medication,MPlusDrugs
Phentermine and Topiramate,medication,MPlusDrugs
Phenylephrine,medication,MPlusDrugs
Phenytoin,medication,MPlusDrugs
Phytonadione,medication,MPlusDrugs
Pilocarpine,medication,MPlusDrugs
Pilocarpine Ophthalmic,medication,MPlusDrugs
Pimecrolimus Topical,medication,MPlusDrugs
Pimozide,medication,MPlusDrugs
Pindolol,medication,MPlusDrugs
Pioglitazone,medication,MPlusDrugs
Piperacillin and Tazobactam Injection,medication,MPlusDrugs
Pirbuterol Acetate Oral Inhalation,medication,MPlusDrugs
Pirfenidone,medication,MPlusDrugs
Piroxicam,medication,MPlusDrugs
Pitavastatin,medication,MPlusDrugs
Plerixafor Injection,medication,MPlusDrugs
Pneumococcal Conjugate Vaccine (PCV13),medication,MPlusDrugs
Pneumococcal Polysaccharide Vaccine,medication,MPlusDrugs
Polio Vaccine,medication,MPlusDrugs
Polyethylene Glycol 3350,medication,MPlusDrugs
Polyethylene glycol-electrolyte solution (PEG-ES),medication,MPlusDrugs
Polymyxin B and Trimethoprim Ophthalmic,medication,MPlusDrugs
Pomalidomide,medication,MPlusDrugs
Ponatinib,medication,MPlusDrugs
Posaconazole,medication,MPlusDrugs
Potassium,medication,MPlusDrugs
Potassium Iodide,medication,MPlusDrugs
Pralatrexate Injection,medication,MPlusDrugs
Pramipexole,medication,MPlusDrugs
Pramlintide Injection,medication,MPlusDrugs
Pramoxine,medication,MPlusDrugs
Prasugrel,medication,MPlusDrugs
Pravastatin,medication,MPlusDrugs
Praziquantel,medication,MPlusDrugs
Prazosin,medication,MPlusDrugs
Prednisolone,medication,MPlusDrugs
Prednisolone Ophthalmic,medication,MPlusDrugs
Prednisone,medication,MPlusDrugs
Pregabalin,medication,MPlusDrugs
Primaquine,medication,MPlusDrugs
Primidone,medication,MPlusDrugs
Probenecid,medication,MPlusDrugs
Procainamide Oral,medication,MPlusDrugs
Procarbazine,medication,MPlusDrugs
Prochlorperazine,medication,MPlusDrugs
Progesterone,medication,MPlusDrugs
Progestin-Only Oral Contraceptives,medication,MPlusDrugs
Promethazine,medication,MPlusDrugs
Propafenone,medication,MPlusDrugs
Propantheline,medication,MPlusDrugs
Propranolol (Cardiovascular),medication,MPlusDrugs
Propranolol (Infantile Hemangioma),medication,MPlusDrugs
Propylthiouracil,medication,MPlusDrugs
Protriptyline,medication,MPlusDrugs
Pseudoephedrine,medication,MPlusDrugs
Psyllium,medication,MPlusDrugs
Pyrantel,medication,MPlusDrugs
Pyrazinamide,medication,MPlusDrugs
Pyrethrin and Piperonyl Butoxide Topical,medication,MPlusDrugs
Pyridostigmine,medication,MPlusDrugs
Pyridoxine,medication,MPlusDrugs
Quetiapine,medication,MPlusDrugs
Quinapril,medication,MPlusDrugs
Quinidine Oral,medication,MPlusDrugs
Quinine,medication,MPlusDrugs
Quinupristin and Dalfopristin Injection,medication,MPlusDrugs
Rabeprazole,medication,MPlusDrugs
Rabies Vaccine,medication,MPlusDrugs
Raloxifene,medication,MPlusDrugs
Raltegravir,medication,MPlusDrugs
Ramelteon,medication,MPlusDrugs
Ramipril,medication,MPlusDrugs
Ramucirumab Injection,medication,MPlusDrugs
Ranibizumab Injection,medication,MPlusDrugs
Ranitidine,medication,MPlusDrugs
Ranitidine Hydrochloride Injection,medication,MPlusDrugs
Ranolazine,medication,MPlusDrugs
Rasagiline,medication,MPlusDrugs
Rasburicase Injection,medication,MPlusDrugs
Regorafenib,medication,MPlusDrugs
Repaglinide,medication,MPlusDrugs
Reserpine,medication,MPlusDrugs
Retapamulin,medication,MPlusDrugs
Ribavirin,medication,MPlusDrugs
Rifabutin,medication,MPlusDrugs
Rifampin,medication,MPlusDrugs
Rifapentine,medication,MPlusDrugs
Rifaximin,medication,MPlusDrugs
Rilpivirine,medication,MPlusDrugs
Riluzole,medication,MPlusDrugs
RimabotulinumtoxinB Injection,medication,MPlusDrugs
Rimantadine,medication,MPlusDrugs
Riociguat,medication,MPlusDrugs
Risedronate,medication,MPlusDrugs
Risperidone,medication,MPlusDrugs
Risperidone Injection,medication,MPlusDrugs
Ritonavir,medication,MPlusDrugs
Rituximab Injection,medication,MPlusDrugs
Rivaroxaban,medication,MPlusDrugs
Rivastigmine,medication,MPlusDrugs
Rivastigmine Transdermal Patch,medication,MPlusDrugs
Rizatriptan,medication,MPlusDrugs
Roflumilast,medication,MPlusDrugs
Rolapitant,medication,MPlusDrugs
Romidepsin Injection,medication,MPlusDrugs
Romiplostim Injection,medication,MPlusDrugs
Ropinirole,medication,MPlusDrugs
Rosiglitazone,medication,MPlusDrugs
Rosuvastatin,medication,MPlusDrugs
Rotavirus Vaccine,medication,MPlusDrugs
Rotigotine Transdermal Patch,medication,MPlusDrugs
Rufinamide,medication,MPlusDrugs
Ruxolitinib,medication,MPlusDrugs
Salicylic Acid Topical,medication,MPlusDrugs
Salmeterol Oral Inhalation,medication,MPlusDrugs
Salsalate,medication,MPlusDrugs
Sapropterin,medication,MPlusDrugs
Saquinavir,medication,MPlusDrugs
Sargramostim Injection,medication,MPlusDrugs
Saxagliptin,medication,MPlusDrugs
Scopolamine Transdermal Patch,medication,MPlusDrugs
Secobarbital,medication,MPlusDrugs
Secukinumab Injection,medication,MPlusDrugs
Selegiline,medication,MPlusDrugs
Selegiline Transdermal Patch,medication,MPlusDrugs
Selenium Sulfide,medication,MPlusDrugs
Senna,medication,MPlusDrugs
Sertaconazole Topical,medication,MPlusDrugs
Sertraline,medication,MPlusDrugs
Sevelamer,medication,MPlusDrugs
Shingles (Zoster) Vaccine,medication,MPlusDrugs
Sildenafil,medication,MPlusDrugs
Silodosin,medication,MPlusDrugs
Siltuximab Injection,medication,MPlusDrugs
Silver Sulfadiazine,medication,MPlusDrugs
Simeprevir,medication,MPlusDrugs
Simethicone,medication,MPlusDrugs
Simvastatin,medication,MPlusDrugs
Sipuleucel-T Injection,medication,MPlusDrugs
Sirolimus,medication,MPlusDrugs
Sitagliptin,medication,MPlusDrugs
Sodium Bicarbonate,medication,MPlusDrugs
Sodium Ferric Gluconate Injection,medication,MPlusDrugs
Sodium Oxybate,medication,MPlusDrugs
Sodium Phosphate,medication,MPlusDrugs
Sodium Phosphate Rectal,medication,MPlusDrugs
"Sodium Picosulfate, Magnesium Oxide, and Anhydrous Citric Acid",medication,MPlusDrugs
Sodium Polystyrene Sulfonate,medication,MPlusDrugs
Sofosbuvir,medication,MPlusDrugs
Solifenacin,medication,MPlusDrugs
Sonidegib,medication,MPlusDrugs
Sorafenib,medication,MPlusDrugs
Sotalol,medication,MPlusDrugs
Spinosad Topical,medication,MPlusDrugs
Spironolactone,medication,MPlusDrugs
Spironolactone and Hydrochlorothiazide,medication,MPlusDrugs
Stavudine,medication,MPlusDrugs
Stool Softeners,medication,MPlusDrugs
Streptozocin,medication,MPlusDrugs
Strontium-89 Chloride,medication,MPlusDrugs
Sucralfate,medication,MPlusDrugs
Sulconazole Topical,medication,MPlusDrugs
Sulfacetamide Ophthalmic,medication,MPlusDrugs
Sulfadiazine,medication,MPlusDrugs
Sulfasalazine,medication,MPlusDrugs
Sulfinpyrazone,medication,MPlusDrugs
Sulindac,medication,MPlusDrugs
Sumatriptan,medication,MPlusDrugs
Sumatriptan Injection,medication,MPlusDrugs
Sumatriptan Nasal Spray,medication,MPlusDrugs
Sunitinib,medication,MPlusDrugs
Suvorexant,medication,MPlusDrugs
Tacrolimus,medication,MPlusDrugs
Tacrolimus Injection,medication,MPlusDrugs
Tacrolimus Topical,medication,MPlusDrugs
Tadalafil,medication,MPlusDrugs
Tafluprost Ophthalmic,medication,MPlusDrugs
Talc Intrapleural,medication,MPlusDrugs
Talimogene Laherparepvec Injection,medication,MPlusDrugs
Tamoxifen,medication,MPlusDrugs
Tamsulosin,medication,MPlusDrugs
Tapentadol,medication,MPlusDrugs
Tasimelteon,medication,MPlusDrugs
Tavaborole Topical,medication,MPlusDrugs
Tedizolid,medication,MPlusDrugs
Tedizolid Injection,medication,MPlusDrugs
Teduglutide Injection,medication,MPlusDrugs
Tegaserod,medication,MPlusDrugs
Telaprevir,medication,MPlusDrugs
Telavancin Injection,medication,MPlusDrugs
Telbivudine,medication,MPlusDrugs
Telithromycin,medication,MPlusDrugs
Telmisartan,medication,MPlusDrugs
Telmisartan and Hydrochlorothiazide,medication,MPlusDrugs
Temazepam,medication,MPlusDrugs
Temozolomide,medication,MPlusDrugs
Temozolomide Injection,medication,MPlusDrugs
Temsirolimus,medication,MPlusDrugs
Teniposide Injection,medication,MPlusDrugs
Tenofovir,medication,MPlusDrugs
Terazosin,medication,MPlusDrugs
Terbinafine,medication,MPlusDrugs
Terbutaline,medication,MPlusDrugs
Terbutaline Injection,medication,MPlusDrugs
"Terconazole Vaginal Cream, Vaginal Suppositories",medication,MPlusDrugs
Teriflunomide,medication,MPlusDrugs
Teriparatide (rDNA origin) Injection,medication,MPlusDrugs
Tesamorelin Injection,medication,MPlusDrugs
Testosterone Buccal,medication,MPlusDrugs
Testosterone Injection,medication,MPlusDrugs
Testosterone Nasal Gel,medication,MPlusDrugs
Testosterone Topical,medication,MPlusDrugs
Testosterone Transdermal Patch,medication,MPlusDrugs
"Tetanus, Diphtheria (Td) Vaccine",medication,MPlusDrugs
"Tetanus, Diphtheria, Pertussis (Tdap) Vaccine",medication,MPlusDrugs
Tetracycline,medication,MPlusDrugs
Tetrahydrozoline Ophthalmic,medication,MPlusDrugs
Thalidomide,medication,MPlusDrugs
Theophylline,medication,MPlusDrugs
Thiamine,medication,MPlusDrugs
Thioguanine,medication,MPlusDrugs
Thioridazine,medication,MPlusDrugs
Thiotepa Injection,medication,MPlusDrugs
Thiothixene,medication,MPlusDrugs
Thyroid,medication,MPlusDrugs
Tiagabine,medication,MPlusDrugs
Ticagrelor,medication,MPlusDrugs
Ticarcillin and Clavulanate Injection,medication,MPlusDrugs
Ticlopidine,medication,MPlusDrugs
Tigecycline Injection,medication,MPlusDrugs
Tiludronate,medication,MPlusDrugs
Timolol Ophthalmic,medication,MPlusDrugs
Timolol Oral,medication,MPlusDrugs
Tinidazole,medication,MPlusDrugs
Tiotropium Oral Inhalation,medication,MPlusDrugs
Tipranavir,medication,MPlusDrugs
Tizanidine,medication,MPlusDrugs
Tobramycin Injection,medication,MPlusDrugs
Tobramycin Ophthalmic,medication,MPlusDrugs
Tocilizumab Injection,medication,MPlusDrugs
Tofacitinib,medication,MPlusDrugs
Tolazamide,medication,MPlusDrugs
Tolbutamide,medication,MPlusDrugs
Tolcapone,medication,MPlusDrugs
Tolmetin,medication,MPlusDrugs
Tolnaftate,medication,MPlusDrugs
Tolterodine,medication,MPlusDrugs
Tolvaptan,medication,MPlusDrugs
Topiramate,medication,MPlusDrugs
Topotecan,medication,MPlusDrugs
Topotecan Injection,medication,MPlusDrugs
Toremifene,medication,MPlusDrugs
Torsemide Injection,medication,MPlusDrugs
Torsemide Oral,medication,MPlusDrugs
Tositumomab Injection,medication,MPlusDrugs
Trabectedin Injection,medication,MPlusDrugs
Tramadol,medication,MPlusDrugs
Trametinib,medication,MPlusDrugs
Trandolapril,medication,MPlusDrugs
Trandolapril and Verapamil,medication,MPlusDrugs
Tranexamic Acid,medication,MPlusDrugs
Tranylcypromine,medication,MPlusDrugs
Trastuzumab Injection,medication,MPlusDrugs
Travoprost Ophthalmic,medication,MPlusDrugs
Trazodone,medication,MPlusDrugs
Tretinoin,medication,MPlusDrugs
Tretinoin Topical,medication,MPlusDrugs
Triamcinolone,medication,MPlusDrugs
Triamcinolone Nasal Spray,medication,MPlusDrugs
Triamcinolone Topical,medication,MPlusDrugs
Triamterene,medication,MPlusDrugs
Triamterene and Hydrochlorothiazide,medication,MPlusDrugs
Triazolam,medication,MPlusDrugs
Trifluoperazine,medication,MPlusDrugs
Trifluridine and Tipiracil,medication,MPlusDrugs
Trihexyphenidyl,medication,MPlusDrugs
Trimethadione,medication,MPlusDrugs
Trimethobenzamide,medication,MPlusDrugs
Trimethoprim,medication,MPlusDrugs
Trimipramine,medication,MPlusDrugs
Triptorelin Injection,medication,MPlusDrugs
Trospium,medication,MPlusDrugs
Typhoid Vaccine,medication,MPlusDrugs
Ulipristal,medication,MPlusDrugs
Umeclidinium and Vilanterol Oral Inhalation,medication,MPlusDrugs
Umeclidinium Oral Inhalation,medication,MPlusDrugs
Unoprostone Ophthalmic,medication,MPlusDrugs
Ursodiol,medication,MPlusDrugs
Ustekinumab Injection,medication,MPlusDrugs
Valacyclovir,medication,MPlusDrugs
Valganciclovir,medication,MPlusDrugs
Valproic Acid,medication,MPlusDrugs
Valrubicin Intravesical,medication,MPlusDrugs
Valsartan,medication,MPlusDrugs
Valsartan and Hydrochlorothiazide,medication,MPlusDrugs
Valsartan and Sacubitril,medication,MPlusDrugs
Vancomycin,medication,MPlusDrugs
Vancomycin Hydrochloride Injection,medication,MPlusDrugs
Vandetanib,medication,MPlusDrugs
Vardenafil,medication,MPlusDrugs
Varenicline,medication,MPlusDrugs
Varicella (Chickenpox) Vaccine,medication,MPlusDrugs
Vedolizumab Injection,medication,MPlusDrugs
Vemurafenib,medication,MPlusDrugs
Venlafaxine,medication,MPlusDrugs
Verapamil,medication,MPlusDrugs
Verteporfin Injection,medication,MPlusDrugs
Vigabatrin,medication,MPlusDrugs
Vilazodone,medication,MPlusDrugs
Vinblastine,medication,MPlusDrugs
Vincristine Injection,medication,MPlusDrugs
Vincristine Lipid Complex Injection,medication,MPlusDrugs
Vinorelbine,medication,MPlusDrugs
Vismodegib,medication,MPlusDrugs
Vorapaxar,medication,MPlusDrugs
Voriconazole,medication,MPlusDrugs
Vorinostat,medication,MPlusDrugs
Vortioxetine,medication,MPlusDrugs
Warfarin,medication,MPlusDrugs
Yellow Fever Vaccine,medication,MPlusDrugs
Zafirlukast,medication,MPlusDrugs
Zaleplon,medication,MPlusDrugs
Zanamivir Oral Inhalation,medication,MPlusDrugs
Zidovudine Injection,medication,MPlusDrugs
Zidovudine Oral,medication,MPlusDrugs
Zileuton,medication,MPlusDrugs
Ziprasidone,medication,MPlusDrugs
Ziprasidone Injection,medication,MPlusDrugs
Ziv-aflibercept Injection,medication,MPlusDrugs
Zoledronic Acid Injection,medication,MPlusDrugs
Zolmitriptan,medication,MPlusDrugs
Zolmitriptan Nasal Spray,medication,MPlusDrugs
Zolpidem,medication,MPlusDrugs
Zonisamide,medication,MPlusDrugs
Activated Charcoal,herb_supplement,MPlusHerbsSupplements
Alfalfa,herb_supplement,MPlusHerbsSupplements
American ginseng,herb_supplement,MPlusHerbsSupplements
Arnica,herb_supplement,MPlusHerbsSupplements
Ashwagandha,herb_supplement,MPlusHerbsSupplements
Bacillus coagulans,herb_supplement,MPlusHerbsSupplements
Bee Pollen,herb_supplement,MPlusHerbsSupplements
Belladonna,herb_supplement,MPlusHerbsSupplements
Berberine,herb_supplement,MPlusHerbsSupplements
Beta-carotene,herb_supplement,MPlusHerbsSupplements
Bifidobacteria,herb_supplement,MPlusHerbsSupplements
Biotin,herb_supplement,MPlusHerbsSupplements
Bitter Melon,herb_supplement,MPlusHerbsSupplements
Black psyllium,herb_supplement,MPlusHerbsSupplements
Black tea,herb_supplement,MPlusHerbsSupplements
Bladderwrack,herb_supplement,MPlusHerbsSupplements
Blessed thistle,herb_supplement,MPlusHerbsSupplements
Blond psyllium,herb_supplement,MPlusHerbsSupplements
Blueberry,herb_supplement,MPlusHerbsSupplements
Blue-green algae,herb_supplement,MPlusHerbsSupplements
Boron,herb_supplement,MPlusHerbsSupplements
Calendula,herb_supplement,MPlusHerbsSupplements
Cannabidiol,herb_supplement,MPlusHerbsSupplements
Capsicum,herb_supplement,MPlusHerbsSupplements
Cascara,herb_supplement,MPlusHerbsSupplements
Chondroitin sulfate,herb_supplement,MPlusHerbsSupplements
Clove,herb_supplement,MPlusHerbsSupplements
Coconut Oil,herb_supplement,MPlusHerbsSupplements
Coconut Water,herb_supplement,MPlusHerbsSupplements
Cod Liver Oil,herb_supplement,MPlusHerbsSupplements
Creatine,herb_supplement,MPlusHerbsSupplements
Deer Velvet,herb_supplement,MPlusHerbsSupplements
Devil's claw,herb_supplement,MPlusHerbsSupplements
DHEA,herb_supplement,MPlusHerbsSupplements
Dong quai,herb_supplement,MPlusHerbsSupplements
Eucalyptus,herb_supplement,MPlusHerbsSupplements
Folic acid,herb_supplement,MPlusHerbsSupplements
Gelatin,herb_supplement,MPlusHerbsSupplements
"Ginseng, Siberian",herb_supplement,MPlusHerbsSupplements
Glucosamine hydrochloride,herb_supplement,MPlusHerbsSupplements
Glucosamine sulfate,herb_supplement,MPlusHerbsSupplements
Goji,herb_supplement,MPlusHerbsSupplements
Grape,herb_supplement,MPlusHerbsSupplements
Grapefruit,herb_supplement,MPlusHerbsSupplements
Green Coffee,herb_supplement,MPlusHerbsSupplements
Guarana,herb_supplement,MPlusHerbsSupplements
Gymnema,herb_supplement,MPlusHerbsSupplements
Hibiscus,herb_supplement,MPlusHerbsSupplements
Honey,herb_supplement,MPlusHerbsSupplements
Hops,herb_supplement,MPlusHerbsSupplements
Horny Goat Weed,herb_supplement,MPlusHerbsSupplements
Horsetail,herb_supplement,MPlusHerbsSupplements
Iodine,herb_supplement,MPlusHerbsSupplements
Lactobacillus,herb_supplement,MPlusHerbsSupplements
L-arginine,herb_supplement,MPlusHerbsSupplements
Lipase,herb_supplement,MPlusHerbsSupplements
L-tryptophan,herb_supplement,MPlusHerbsSupplements
Lutein,herb_supplement,MPlusHerbsSupplements
Lycopene,herb_supplement,MPlusHerbsSupplements
Maca,herb_supplement,MPlusHerbsSupplements
Manganese,herb_supplement,MPlusHerbsSupplements
Mangosteen,herb_supplement,MPlusHerbsSupplements
MSM (Methylsulfonylmethane),herb_supplement,MPlusHerbsSupplements
Niacin and niacinamide (Vitamin B3),herb_supplement,MPlusHerbsSupplements
Oats,herb_supplement,MPlusHerbsSupplements
Olive,herb_supplement,MPlusHerbsSupplements
Omega-6 Fatty Acids,herb_supplement,MPlusHerbsSupplements
Oregano,herb_supplement,MPlusHerbsSupplements
Oscillococcinum,herb_supplement,MPlusHerbsSupplements
Palm Oil,herb_supplement,MPlusHerbsSupplements
Pantothenic acid (Vitamin B5),herb_supplement,MPlusHerbsSupplements
Papaya,herb_supplement,MPlusHerbsSupplements
Pau D'arco,herb_supplement,MPlusHerbsSupplements
Peanut Oil,herb_supplement,MPlusHerbsSupplements
Pennyroyal,herb_supplement,MPlusHerbsSupplements
Phosphate salts,herb_supplement,MPlusHerbsSupplements
Propolis,herb_supplement,MPlusHerbsSupplements
Pycnogenol,herb_supplement,MPlusHerbsSupplements
Pyridoxine (Vitamin B6),herb_supplement,MPlusHerbsSupplements
Raspberry Ketone,herb_supplement,MPlusHerbsSupplements
Reishi Mushroom,herb_supplement,MPlusHerbsSupplements
Resveratrol,herb_supplement,MPlusHerbsSupplements
Riboflavin,herb_supplement,MPlusHerbsSupplements
Roman chamomile,herb_supplement,MPlusHerbsSupplements
Rose Hip,herb_supplement,MPlusHerbsSupplements
Saccharomyces boulardii,herb_supplement,MPlusHerbsSupplements
Senna,herb_supplement,MPlusHerbsSupplements
Shark cartilage,herb_supplement,MPlusHerbsSupplements
Slippery Elm,herb_supplement,MPlusHerbsSupplements
Spearmint,herb_supplement,MPlusHerbsSupplements
Stevia,herb_supplement,MPlusHerbsSupplements
Thiamine (Vitamin B1),herb_supplement,MPlusHerbsSupplements
Vitamin K,herb_supplement,MPlusHerbsSupplements
Whey Protein,herb_supplement,MPlusHerbsSupplements
Wild yam,herb_supplement,MPlusHerbsSupplements
Willow Bark,herb_supplement,MPlusHerbsSupplements
Yerba Mate,herb_supplement,MPlusHerbsSupplements
Zinc,herb_supplement,MPlusHerbsSupplements
5-HTP,herb_supplement,MPlusHerbsSupplements
Adult Acute Lymphoblastic Leukemia,disease,CancerGov
Adult Acute Myeloid Leukemia,disease,CancerGov
Chronic Lymphocytic Leukemia,disease,CancerGov
Chronic Myelogenous Leukemia,disease,CancerGov
Hairy Cell Leukemia,disease,CancerGov
Childhood Acute Lymphoblastic Leukemia,disease,CancerGov
Childhood Acute Myeloid Leukemia and Other Myeloid Malignancies,disease,CancerGov
Adult Soft Tissue Sarcoma,disease,CancerGov
Gastrointestinal Stromal Tumors,disease,CancerGov
Kaposi Sarcoma,disease,CancerGov
Childhood Rhabdomyosarcoma,disease,CancerGov
Childhood Soft Tissue Sarcoma,disease,CancerGov
Childhood Vascular Tumors,disease,CancerGov
Adult Hodgkin Lymphoma,disease,CancerGov
Adult Non-Hodgkin Lymphoma,disease,CancerGov
AIDS-Related Lymphoma,disease,CancerGov
Mycosis Fungoides and the Szary Syndrome,disease,CancerGov
Primary CNS Lymphoma,disease,CancerGov
Childhood Hodgkin Lymphoma,disease,CancerGov
Childhood Non-Hodgkin Lymphoma,disease,CancerGov
Anal Cancer,disease,CancerGov
Adult Central Nervous System Tumors,disease,CancerGov
Childhood Brain and Spinal Cord Tumors,disease,CancerGov
Childhood Astrocytomas,disease,CancerGov
Childhood Central Nervous System Atypical Teratoid/Rhabdoid Tumor,disease,CancerGov
Childhood Brain Stem Glioma,disease,CancerGov
Childhood Central Nervous System Embryonal Tumors,disease,CancerGov
Childhood Central Nervous System Germ Cell Tumors,disease,CancerGov
Childhood Craniopharyngioma,disease,CancerGov
Childhood Ependymoma,disease,CancerGov
Adult Primary Liver Cancer,disease,CancerGov
Bile Duct Cancer (Cholangiocarcinoma),disease,CancerGov
Childhood Liver Cancer,disease,CancerGov
Liver (Hepatocellular) Cancer,disease,CancerGov
Ewing Sarcoma,disease,CancerGov
Osteosarcoma and Malignant Fibrous Histiocytoma of Bone,disease,CancerGov
Gastrointestinal Carcinoid Tumors,disease,CancerGov
Myelodysplastic Syndromes,disease,CancerGov
Chronic Myeloproliferative Neoplasms,disease,CancerGov
Polycythemia Vera,disease,CancerGov
Primary Myelofibrosis,disease,CancerGov
Essential Thrombocythemia,disease,CancerGov
Chronic Neutrophilic Leukemia,disease,CancerGov
Chronic Eosinophilic Leukemia,disease,CancerGov
Myelodysplastic/ Myeloproliferative Neoplasms,disease,CancerGov
Chronic Myelomonocytic Leukemia,disease,CancerGov
Juvenile Myelomonocytic Leukemia,disease,CancerGov
Atypical Chronic Myelogenous Leukemia,disease,CancerGov
"Myelodysplastic/ Myeloproliferative Neoplasm, Unclassifiable",disease,CancerGov
Endometrial Cancer,disease,CancerGov
Uterine Sarcoma,disease,CancerGov
Childhood Extracranial Germ Cell Tumors,disease,CancerGov
Extragonadal Germ Cell Tumors,disease,CancerGov
Intraocular (Uveal) Melanoma,disease,CancerGov
"Ovarian Epithelial, Fallopian Tube, and Primary Peritoneal Cancer",disease,CancerGov
Ovarian Germ Cell Tumors,disease,CancerGov
Ovarian Low Malignant Potential Tumors,disease,CancerGov
"Ovarian, Fallopian Tube, and Primary Peritoneal Cancer",disease,CancerGov
Gallbladder Cancer,disease,CancerGov
Testicular Cancer,disease,CancerGov
Gestational Trophoblastic Disease,disease,CancerGov
Langerhans Cell Histiocytosis,disease,CancerGov
Hypopharyngeal Cancer,disease,CancerGov
Oral Cavity and Oropharyngeal Cancer,disease,CancerGov
Laryngeal Cancer,disease,CancerGov
Lip and Oral Cavity Cancer,disease,CancerGov
Metastatic Squamous Neck Cancer with Occult Primary,disease,CancerGov
Nasopharyngeal Cancer,disease,CancerGov
Oropharyngeal Cancer,disease,CancerGov
Paranasal Sinus and Nasal Cavity Cancer,disease,CancerGov
Salivary Gland Cancer,disease,CancerGov
Pancreatic Cancer,disease,CancerGov
Pancreatic Neuroendocrine Tumors (Islet Cell Tumors),disease,CancerGov
Renal Cell Cancer,disease,CancerGov
Transitional Cell Cancer of the Renal Pelvis and Ureter,disease,CancerGov
Wilms Tumor and Other Childhood Kidney Tumors,disease,CancerGov
Breast Cancer,disease,CancerGov
Male Breast Cancer,disease,CancerGov
Skin Cancer,disease,CancerGov
Merkel Cell Carcinoma,disease,CancerGov
Plasma Cell Neoplasms (Including Multiple Myeloma),disease,CancerGov
Non-Small Cell Lung Cancer,disease,CancerGov
Small Cell Lung Cancer,disease,CancerGov
Lung Cancer,disease,CancerGov
Parathyroid Cancer,disease,CancerGov
Penile Cancer,disease,CancerGov
Pituitary Tumors,disease,CancerGov
Prostate Cancer,disease,CancerGov
Colon Cancer,disease,CancerGov
Rectal Cancer,disease,CancerGov
Colorectal Cancer,disease,CancerGov
Small Intestine Cancer,disease,CancerGov
Thymoma and Thymic Carcinoma,disease,CancerGov
Urethral Cancer,disease,CancerGov
Vulvar Cancer,disease,CancerGov
ABCD syndrome,disease,GARD
Aberrant subclavian artery,disease,GARD
Abetalipoproteinemia,disease,GARD
Ablepharon macrostomia syndrome,disease,GARD
Abruzzo Erickson syndrome,disease,GARD
Absence of Tibia,disease,GARD
Absent patella,disease,GARD
Acanthoma,disease,GARD
Acanthosis nigricans muscle cramps acral enlargement,disease,GARD
Acatalasemia,disease,GARD
Accessory deep peroneal nerve,disease,GARD
Accessory navicular bone,disease,GARD
Aceruloplasminemia,disease,GARD
Achard syndrome,disease,GARD
Achondrogenesis type 1A,disease,GARD
Achondrogenesis type 2,disease,GARD
Achondroplasia and severe combined immunodeficiency,disease,GARD
Achondroplasia and Swiss type agammaglobulinemia,disease,GARD
Achromatopsia 3,disease,GARD
Acquired hemophilia,disease,GARD
Acquired hemophilia A,disease,GARD
Acquired pure red cell aplasia,disease,GARD
"Acrocallosal syndrome, Schinzel type",disease,GARD
Acrocapitofemoral dysplasia,disease,GARD
Acrocephalopolydactylous dysplasia,disease,GARD
Acrodermatitis enteropathica,disease,GARD
Acrodysplasia scoliosis,disease,GARD
Acrofacial dysostosis Catania type,disease,GARD
Acrokeratoelastoidosis of Costa,disease,GARD
"Acromegaloid changes, cutis verticis gyrata and corneal leukoma",disease,GARD
Acromegaloid facial appearance syndrome,disease,GARD
Acromesomelic dysplasia,disease,GARD
Acromesomelic dysplasia Hunter Thompson type,disease,GARD
Acromesomelic dysplasia Maroteaux type,disease,GARD
Acroosteolysis dominant type,disease,GARD
Acrorenal mandibular syndrome,disease,GARD
ACTH-independent macronodular adrenal hyperplasia,disease,GARD
Acute alcohol sensitivity,disease,GARD
Acute febrile neutrophilic dermatosis,disease,GARD
Acute intermittent porphyria,disease,GARD
Acute zonal occult outer retinopathy,disease,GARD
ADCY5-related dyskinesia,disease,GARD
Adenoameloblastoma,disease,GARD
Adenocarcinoma of the appendix,disease,GARD
Adenoid cystic carcinoma,disease,GARD
Adenylosuccinase deficiency,disease,GARD
Adiposis dolorosa,disease,GARD
ADNP syndrome,disease,GARD
Adolescent idiopathic scoliosis,disease,GARD
Adult neuronal ceroid lipofuscinosis,disease,GARD
ADULT syndrome,disease,GARD
Adult-onset Still's disease,disease,GARD
Adult-onset vitelliform macular dystrophy,disease,GARD
Afibrinogenemia,disease,GARD
"Agammaglobulinemia, non-Bruton type",disease,GARD
"Aganglionosis, total intestinal",disease,GARD
Agenesis of the dorsal pancreas,disease,GARD
Aicardi-Goutieres syndrome type 1,disease,GARD
Aicardi-Goutieres syndrome type 2,disease,GARD
Aicardi-Goutieres syndrome type 3,disease,GARD
Aicardi-Goutieres syndrome type 4,disease,GARD
Aicardi-Goutieres syndrome type 5,disease,GARD
Ainhum,disease,GARD
Akesson syndrome,disease,GARD
AL amyloidosis,disease,GARD
Al Gazali Sabrinathan Nair syndrome,disease,GARD
Alagille syndrome,disease,GARD
"Alaninuria with microcephaly, dwarfism, enamel hypoplasia and diabetes mellitus",disease,GARD
Albright's hereditary osteodystrophy,disease,GARD
Alopecia epilepsy oligophrenia syndrome of Moynahan,disease,GARD
Alopecia intellectual disability syndrome 2,disease,GARD
Alopecia macular degeneration growth retardation,disease,GARD
Alopecia totalis,disease,GARD
Alopecia universalis,disease,GARD
"Alopecia, epilepsy, pyorrhea, mental subnormality",disease,GARD
Alopecia-intellectual disability syndrome,disease,GARD
Alpha-ketoglutarate dehydrogenase deficiency,disease,GARD
Alpha-mannosidosis type 1,disease,GARD
Alpha-thalassemia,disease,GARD
Alpha-thalassemia x-linked intellectual disability syndrome,disease,GARD
Alveolar capillary dysplasia,disease,GARD
Amaurosis congenita cone-rod type with congenital hypertrichosis,disease,GARD
Ambras syndrome,disease,GARD
Amelogenesis imperfecta local hypoplastic,disease,GARD
Amelogenesis imperfecta nephrocalcinosis,disease,GARD
"Amelogenesis imperfecta, hypoplastic/hypomaturation, X-linked 2",disease,GARD
Ameloonychohypohidrotic syndrome,disease,GARD
"Amino aciduria with mental deficiency, dwarfism, muscular dystrophy, osteoporosis and acidosis",disease,GARD
Amish infantile epilepsy syndrome,disease,GARD
Amish lethal microcephaly,disease,GARD
Amniotic band syndrome,disease,GARD
Amyloidosis AA,disease,GARD
Amyloidosis corneal,disease,GARD
Amyloidosis familial visceral,disease,GARD
Amyopathic dermatomyositis,disease,GARD
Amyotonia congenita,disease,GARD
Amyotrophic lateral sclerosis type 6,disease,GARD
Amyotrophic lateral sclerosis-parkinsonism/dementia complex 1,disease,GARD
Anal sphincter dysplasia,disease,GARD
Anaplastic astrocytoma,disease,GARD
Anaplastic ganglioglioma,disease,GARD
Anauxetic dysplasia,disease,GARD
Andermann syndrome,disease,GARD
Andersen-Tawil syndrome,disease,GARD
Anemia due to Adenosine triphosphatase deficiency,disease,GARD
Anemia sideroblastic and spinocerebellar ataxia,disease,GARD
Anencephaly and spina bifida X-linked,disease,GARD
Angel shaped phalangoepiphyseal dysplasia,disease,GARD
"Angioma serpiginosum, autosomal dominant",disease,GARD
"Angiomatosis, diffuse corticomeningeal, of Divry and Van Bogaert",disease,GARD
Aniridia,disease,GARD
Aniridia absent patella,disease,GARD
Ankyloblepharon filiforme imperforate anus,disease,GARD
Ankylosis of teeth,disease,GARD
Annular atrophic lichen planus,disease,GARD
Anonychia congenita,disease,GARD
Anonychia-onychodystrophy with hypoplasia or absence of distal phalanges,disease,GARD
Anophthalmia plus syndrome,disease,GARD
Anophthalmos with limb anomalies,disease,GARD
Antecubital pterygium,disease,GARD
Anterior polar cataract 2,disease,GARD
Anterior segment mesenchymal dysgenesis,disease,GARD
"Anti-plasmin deficiency, congenital",disease,GARD
Antisynthetase syndrome,disease,GARD
Antley Bixler syndrome,disease,GARD
Aortic arch anomaly - peculiar facies - intellectual disability,disease,GARD
Aphalangia partial with syndactyly and duplication of metatarsal IV,disease,GARD
Aplasia cutis congenita,disease,GARD
Aplasia cutis congenita intestinal lymphangiectasia,disease,GARD
Aplasia cutis congenita of limbs recessive,disease,GARD
Apocrine carcinoma,disease,GARD
Apparent mineralocorticoid excess,disease,GARD
Aquagenic pruritus,disease,GARD
Arachnodactyly - intellectual disability - dysmorphism,disease,GARD
Arginase deficiency,disease,GARD
Aromatase excess syndrome,disease,GARD
Aromatic L-amino acid decarboxylase deficiency,disease,GARD
Arthrogryposis like disorder,disease,GARD
Arthrogryposis renal dysfunction cholestasis syndrome,disease,GARD
"Arthrogryposis, distal, type 2E",disease,GARD
"Arthrogryposis, distal, with hypopituitarism, intellectual disability and facial anomalies",disease,GARD
Arts syndrome,disease,GARD
Ascher Syndrome,disease,GARD
Ataxia - hypogonadism - choroidal dystrophy,disease,GARD
Ataxia telangiectasia,disease,GARD
Ataxia with Oculomotor Apraxia Type 2,disease,GARD
Atelosteogenesis type 1,disease,GARD
Athabaskan brainstem dysgenesis,disease,GARD
"Atrial myxoma, familial",disease,GARD
Atrial septal defect ostium primum,disease,GARD
Atypical hemolytic uremic syndrome,disease,GARD
Auriculo-condylar syndrome,disease,GARD
Ausems Wittebol-Post Hennekam syndrome,disease,GARD
Autoimmune atrophic gastritis,disease,GARD
Autoimmune autonomic ganglionopathy,disease,GARD
Autoimmune gastrointestinal dysmotility,disease,GARD
Autoimmune hemolytic anemia,disease,GARD
Autoimmune myocarditis,disease,GARD
Autoimmune pancreatitis,disease,GARD
Autoimmune polyglandular syndrome type 1,disease,GARD
Autosomal dominant caf au lait spots,disease,GARD
Autosomal dominant compelling helio ophthalmic outburst syndrome,disease,GARD
Autosomal dominant deafness-onychodystrophy syndrome,disease,GARD
Autosomal dominant intermediate Charcot-Marie-Tooth disease type A,disease,GARD
Autosomal dominant intermediate Charcot-Marie-Tooth disease type B,disease,GARD
Autosomal dominant intermediate Charcot-Marie-Tooth disease type C,disease,GARD
Autosomal dominant intermediate Charcot-Marie-Tooth disease type D,disease,GARD
Autosomal dominant intermediate Charcot-Marie-Tooth disease type E,disease,GARD
Autosomal dominant intermediate Charcot-Marie-Tooth disease type F,disease,GARD
Autosomal dominant neuronal ceroid lipofuscinosis 4B,disease,GARD
Autosomal dominant nocturnal frontal lobe epilepsy,disease,GARD
Autosomal dominant optic atrophy and cataract,disease,GARD
Autosomal dominant optic atrophy plus syndrome,disease,GARD
Autosomal dominant partial epilepsy with auditory features,disease,GARD
Autosomal recessive axonal neuropathy with neuromyotonia,disease,GARD
Autosomal recessive Charcot-Marie-Tooth disease with hoarseness,disease,GARD
Autosomal recessive hyper IgE syndrome,disease,GARD
Autosomal recessive nonsyndromic congenital nuclear cataract,disease,GARD
"Autosomal recessive optic atrophy, hearing loss, and peripheral neuropathy",disease,GARD
Autosomal recessive palmoplantar keratoderma and congenital alopecia,disease,GARD
Autosomal recessive polycystic kidney disease,disease,GARD
Autosomal recessive pseudohypoaldosteronism type 1,disease,GARD
Autosomal recessive spastic ataxia 4,disease,GARD
Axenfeld-Rieger syndrome type 1,disease,GARD
Axenfeld-Rieger syndrome type 2,disease,GARD
Axial osteomalacia,disease,GARD
Axial spondylometaphyseal dysplasia,disease,GARD
Baller-Gerold syndrome,disease,GARD
Bamforth syndrome,disease,GARD
Bangstad syndrome,disease,GARD
Banki syndrome,disease,GARD
Bantu siderosis,disease,GARD
Baraitser Brett Piesowicz syndrome,disease,GARD
Baraitser-Winter syndrome,disease,GARD
Barber Say syndrome,disease,GARD
Bardet-Biedl syndrome 10,disease,GARD
Bardet-Biedl syndrome 11,disease,GARD
Bardet-Biedl syndrome 12,disease,GARD
Bardet-Biedl syndrome 2,disease,GARD
Bardet-Biedl syndrome 5,disease,GARD
Bardet-Biedl syndrome 6,disease,GARD
Bardet-Biedl syndrome 7,disease,GARD
Bardet-Biedl syndrome 8,disease,GARD
Bardet-Biedl syndrome 9,disease,GARD
Bare lymphocyte syndrome,disease,GARD
Bare lymphocyte syndrome 2,disease,GARD
Barraquer-Simons syndrome,disease,GARD
Bartter syndrome antenatal type 1,disease,GARD
Bartter syndrome antenatal type 2,disease,GARD
Bartter syndrome type 3,disease,GARD
Basilar migraine,disease,GARD
Battaglia-Neri syndrome,disease,GARD
Baylisascaris infection,disease,GARD
Beardwell syndrome,disease,GARD
Beare-Stevenson cutis gyrata syndrome,disease,GARD
Bednar tumor,disease,GARD
Behcet's disease,disease,GARD
Behr syndrome,disease,GARD
Benign familial neonatal-infantile seizures,disease,GARD
Benign hereditary chorea,disease,GARD
Benign multicystic peritoneal mesothelioma,disease,GARD
Benign paroxysmal positional vertigo,disease,GARD
Benign recurrent intrahepatic cholestasis,disease,GARD
Benign rolandic epilepsy (BRE),disease,GARD
Benign schwannoma,disease,GARD
"Berry aneurysm, cirrhosis, pulmonary emphysema, and cerebral calcification",disease,GARD
Best vitelliform macular dystrophy,disease,GARD
Beta ketothiolase deficiency,disease,GARD
Beta-thalassemia,disease,GARD
Bethlem myopathy,disease,GARD
Beukes familial hip dysplasia,disease,GARD
Bietti crystalline corneoretinal dystrophy,disease,GARD
Bifid nose with or without anorectal and renal anomalies,disease,GARD
Bilateral frontal polymicrogyria,disease,GARD
Bilateral frontoparietal polymicrogyria,disease,GARD
Bilateral generalized polymicrogyria,disease,GARD
Bilateral perisylvian polymicrogyria,disease,GARD
"Bile acid synthesis defect, congenital, 4",disease,GARD
Binswanger's disease,disease,GARD
Biotinidase deficiency,disease,GARD
Biotin-thiamine-responsive basal ganglia disease,disease,GARD
Birdshot chorioretinopathy,disease,GARD
Birt-Hogg-Dube syndrome,disease,GARD
Bixler Christian Gorlin syndrome,disease,GARD
Bjornstad syndrome,disease,GARD
"Blepharophimosis with ptosis, syndactyly, and short stature",disease,GARD
"Blepharophimosis, ptosis, and epicanthus inversus syndrome type 1",disease,GARD
"Blepharophimosis, ptosis, and epicanthus inversus syndrome type 2",disease,GARD
Blepharoptosis myopia ectopia lentis,disease,GARD
Blepharospasm,disease,GARD
Blue cone monochromatism,disease,GARD
Blue rubber bleb nevus syndrome,disease,GARD
Bobble-head doll syndrome,disease,GARD
BOD syndrome,disease,GARD
Bone dysplasia lethal Holmgren type,disease,GARD
Book syndrome,disease,GARD
Boomerang dysplasia,disease,GARD
Borjeson-Forssman-Lehmann syndrome,disease,GARD
Bork Stender Schmidt syndrome,disease,GARD
Bowen syndrome,disease,GARD
Brachycephalofrontonasal dysplasia,disease,GARD
Brachydactyly Mononen type,disease,GARD
Brachydactyly type A1,disease,GARD
Brachydactyly type A2,disease,GARD
Brachydactyly type A4,disease,GARD
Brachydactyly type A5,disease,GARD
Brachydactyly type A6,disease,GARD
Brachydactyly type B,disease,GARD
Brachydactyly type C,disease,GARD
Brachydactyly types B and E combined,disease,GARD
Brachyolmia,disease,GARD
Brachyolmia type 3,disease,GARD
Branchial arch syndrome X-linked,disease,GARD
Branchiooculofacial syndrome,disease,GARD
Branchiootorenal syndrome,disease,GARD
BRCA1 hereditary breast and ovarian cancer syndrome,disease,GARD
BRCA2 hereditary breast and ovarian cancer syndrome,disease,GARD
Brittle cornea syndrome,disease,GARD
Brittle diabetes,disease,GARD
Brody myopathy,disease,GARD
Bronchiolitis obliterans,disease,GARD
Bronchiolitis obliterans organizing pneumonia,disease,GARD
Brooke-Spiegler syndrome,disease,GARD
Brooks Wisniewski Brown syndrome,disease,GARD
Brown syndrome,disease,GARD
Brown-Sequard syndrome,disease,GARD
Brugada syndrome 4,disease,GARD
Budd-Chiari syndrome,disease,GARD
Buerger disease,disease,GARD
Burn-Mckeown syndrome,disease,GARD
Buschke Lowenstein tumor,disease,GARD
Buschke Ollendorff syndrome,disease,GARD
C syndrome,disease,GARD
C1q deficiency,disease,GARD
C1q nephropathy,disease,GARD
CADASIL,disease,GARD
Calciphylaxis,disease,GARD
Campomelia Cumming type,disease,GARD
Camptobrachydactyly,disease,GARD
Camptocormism,disease,GARD
Camptodactyly arthropathy coxa vara pericarditis syndrome,disease,GARD
Camptodactyly syndrome Guadalajara type 1,disease,GARD
Camptodactyly syndrome Guadalajara type 3,disease,GARD
Camptodactyly taurinuria,disease,GARD
"Camurati Engelmann disease, type 2",disease,GARD
Camurati-Engelmann disease,disease,GARD
Cap myopathy,disease,GARD
Carbamoyl phosphate synthetase 1 deficiency,disease,GARD
Carbon baby syndrome,disease,GARD
"Cardiac valvular dysplasia, X-linked",disease,GARD
Cardioauditory syndrome of Sanchez Cascos,disease,GARD
Cardiocranial syndrome,disease,GARD
Cardiofaciocutaneous syndrome,disease,GARD
Cardiomyopathy dilated with woolly hair and keratoderma,disease,GARD
Cardioskeletal syndrome Kuwaiti type,disease,GARD
Carnevale syndrome,disease,GARD
Carney complex,disease,GARD
Carney triad,disease,GARD
Carnitine palmitoyltransferase 2 deficiency,disease,GARD
Carnitine-acylcarnitine translocase deficiency,disease,GARD
Carnosinemia,disease,GARD
Carpenter syndrome,disease,GARD
Carpotarsal osteochondromatosis,disease,GARD
Castleman disease,disease,GARD
Cat scratch disease,disease,GARD
Catamenial pneumothorax,disease,GARD
Cataract and cardiomyopathy,disease,GARD
Cataract anterior polar dominant,disease,GARD
Cataract congenital Volkmann type,disease,GARD
Cataract Hutterite type,disease,GARD
Cataract microcornea syndrome,disease,GARD
"Cataract, autosomal recessive congenital 2",disease,GARD
"Cataract, posterior polar, 1",disease,GARD
"Cataract, total congenital",disease,GARD
Cataract-microcephaly-failure to thrive-kyphoscoliosis,disease,GARD
"Cataracts, ataxia, short stature, and mental retardation",disease,GARD
Catecholaminergic polymorphic ventricular tachycardia,disease,GARD
Caudal appendage deafness,disease,GARD
CDKL5-related disorder,disease,GARD
Celiac artery compression syndrome,disease,GARD
Central core disease,disease,GARD
Central serous chorioretinopathy,disease,GARD
Centronuclear myopathy,disease,GARD
Cerebellar ataxia and hypogonadotropic hypogonadism,disease,GARD
Cerebellar degeneration,disease,GARD
Cerebellar hypoplasia tapetoretinal degeneration,disease,GARD
Cerebral autosomal recessive arteriopathy with subcortical infarcts and leukoencephalopathy,disease,GARD
Cerebral gigantism jaw cysts,disease,GARD
Cerebral palsy ataxic,disease,GARD
Cerebral sarcoma,disease,GARD
Cerebral sclerosis similar to Pelizaeus-Merzbacher disease,disease,GARD
Cerebrotendinous xanthomatosis,disease,GARD
Ceroid lipofuscinosis neuronal 1,disease,GARD
Cerulean cataract,disease,GARD
Cervical hypertrichosis peripheral neuropathy,disease,GARD
"Cervical ribs, Sprengel anomaly, anal atresia, and urethral obstruction",disease,GARD
Chanarin-Dorfman syndrome,disease,GARD
Chandler's syndrome,disease,GARD
Chang Davidson Carlson syndrome,disease,GARD
Char syndrome,disease,GARD
Charcot-Marie-Tooth disease type 1A,disease,GARD
Charcot-Marie-Tooth disease type 1B,disease,GARD
Charcot-Marie-Tooth disease type 1C,disease,GARD
Charcot-Marie-Tooth disease type 1D,disease,GARD
Charcot-Marie-Tooth disease type 1E,disease,GARD
Charcot-Marie-Tooth disease type 1F,disease,GARD
Charcot-Marie-Tooth disease type 2B,disease,GARD
Charcot-Marie-Tooth disease type 2B1,disease,GARD
Charcot-Marie-Tooth disease type 2B2,disease,GARD
Charcot-Marie-Tooth disease type 2D,disease,GARD
Charcot-Marie-Tooth disease type 2F,disease,GARD
Charcot-Marie-Tooth disease type 2G,disease,GARD
Charcot-Marie-Tooth disease type 2H,disease,GARD
Charcot-Marie-Tooth disease type 2J,disease,GARD
Charcot-Marie-Tooth disease type 2K,disease,GARD
Charcot-Marie-Tooth disease type 2L,disease,GARD
Charcot-Marie-Tooth disease type 2N,disease,GARD
Charcot-Marie-Tooth disease type 2O,disease,GARD
Charcot-Marie-Tooth disease type 4,disease,GARD
Charcot-Marie-Tooth disease type 4B2,disease,GARD
Charcot-Marie-Tooth disease with ptosis and parkinsonism,disease,GARD
Charcot-Marie-Tooth type 1 aplasia cutis congenita,disease,GARD
Charlie M syndrome,disease,GARD
Cheilitis glandularis,disease,GARD
Cherubism,disease,GARD
Chester porphyria,disease,GARD
Chiari malformation,disease,GARD
Chiari malformation type 1,disease,GARD
Chiari malformation type 2,disease,GARD
Chiari malformation type 3,disease,GARD
Chilaiditi syndrome,disease,GARD
CHILD syndrome,disease,GARD
Childhood hypophosphatasia,disease,GARD
Childhood ovarian cancer,disease,GARD
Childhood-onset cerebral X-linked adrenoleukodystrophy,disease,GARD
Children's interstitial lung disease,disease,GARD
Chitayat Meunier Hodgkinson syndrome,disease,GARD
"Cholestasis, progressive familial intrahepatic 4",disease,GARD
Chondrocalcinosis 1,disease,GARD
Chondrocalcinosis 2,disease,GARD
Chondrodysplasia acromesomelic with genital anomalies,disease,GARD
"Chondrodysplasia punctata 1, X-linked recessive",disease,GARD
Chondrodysplasia punctata 2 X-linked dominant,disease,GARD
"Chondrodysplasia with joint dislocations, GPAPP type",disease,GARD
"Chondrodysplasia, Grebe type",disease,GARD
Chondrosarcoma,disease,GARD
CHOPS syndrome,disease,GARD
Chordoma,disease,GARD
Chorea-acanthocytosis,disease,GARD
Choroidal dystrophy central areolar,disease,GARD
Choroideremia,disease,GARD
Chromoblastomycosis,disease,GARD
Chromosome 12q deletion,disease,GARD
Chromosome 14q deletion,disease,GARD
Chromosome 15q deletion,disease,GARD
Chromosome 16p13.3 deletion syndrome,disease,GARD
Chromosome 16q deletion,disease,GARD
Chromosome 17p13.1 deletion syndrome,disease,GARD
Chromosome 17q deletion,disease,GARD
Chromosome 17q11.2 deletion syndrome,disease,GARD
Chromosome 19p deletion,disease,GARD
Chromosome 19q13.11 deletion syndrome,disease,GARD
Chromosome 1p deletion,disease,GARD
Chromosome 1q41-q42 deletion syndrome,disease,GARD
Chromosome 2q deletion,disease,GARD
Chromosome 3p- syndrome,disease,GARD
Chromosome 4p deletion,disease,GARD
Chromosome 4q deletion,disease,GARD
Chromosome 5q deletion,disease,GARD
Chromosome 6p deletion,disease,GARD
Chromosome 6q deletion,disease,GARD
Chromosome 6q25 microdeletion syndrome,disease,GARD
Chromosome 7p deletion,disease,GARD
Chromosome 7q deletion,disease,GARD
Chromosome 8p deletion,disease,GARD
Chromosome 8p23.1 deletion,disease,GARD
Chromosome 8q deletion,disease,GARD
Chromosome 8q24.3 deletion syndrome,disease,GARD
Chromosome 9 inversion,disease,GARD
Chromosome Xp22 deletion syndrome,disease,GARD
Chronic active Epstein-Barr virus infection,disease,GARD
Chronic atypical neutrophilic dermatosis with lipodystrophy and elevated temperature,disease,GARD
Chronic hiccups,disease,GARD
Chronic inflammatory demyelinating polyneuropathy,disease,GARD
Chronic intestinal pseudoobstruction,disease,GARD
Chronic lymphocytic inflammation with pontine perivascular enhancement responsive to steroids,disease,GARD
Chronic myeloid leukemia,disease,GARD
Chronic progressive external ophthalmoplegia,disease,GARD
Chudley Rozdilsky syndrome,disease,GARD
Chudley-Mccullough syndrome,disease,GARD
Churg Strauss syndrome,disease,GARD
Chylomicron retention disease,disease,GARD
Cicatricial pemphigoid,disease,GARD
Citrullinemia type I,disease,GARD
Clear cell renal cell carcinoma,disease,GARD
Cleft hand absent tibia,disease,GARD
Cleft palate short stature vertebral anomalies,disease,GARD
Cleft palate stapes fixation oligodontia,disease,GARD
Cleft palate X-linked,disease,GARD
Cleidocranial dysplasia,disease,GARD
Cleidorhizomelic syndrome,disease,GARD
CLOVES syndrome,disease,GARD
Cluttering,disease,GARD
COACH syndrome,disease,GARD
COASY Protein-Associated Neurodegeneration,disease,GARD
Coats disease,disease,GARD
Cobb syndrome,disease,GARD
Coccygodynia,disease,GARD
Cockayne syndrome,disease,GARD
Cockayne syndrome type II,disease,GARD
Cockayne syndrome type III,disease,GARD
CODAS syndrome,disease,GARD
Coenzyme Q10 deficiency,disease,GARD
Coffin-Siris syndrome,disease,GARD
Cogan-Reese syndrome,disease,GARD
Cohen syndrome,disease,GARD
Cold agglutinin disease,disease,GARD
Cold urticaria,disease,GARD
Collagenous colitis,disease,GARD
"Coloboma, cleft lip/palate and mental retardation syndrome",disease,GARD
Colpocephaly,disease,GARD
Combined malonic and methylmalonic aciduria,disease,GARD
Combined oxidative phosphorylation deficiency 16,disease,GARD
Common variable immunodeficiency,disease,GARD
Complement component 2 deficiency,disease,GARD
Complete androgen insensitivity syndrome,disease,GARD
Conductive deafness with malformed external ear,disease,GARD
Cone dystrophy,disease,GARD
Cone dystrophy X-linked with tapetal-like sheen,disease,GARD
Cone-rod dystrophy,disease,GARD
Cone-rod dystrophy 2,disease,GARD
Cone-rod dystrophy 6,disease,GARD
Cone-rod dystrophy amelogenesis imperfecta,disease,GARD
Cone-rod dystrophy X-linked 2,disease,GARD
Congenital adrenal hyperplasia due to cytochrome P450 oxidoreductase deficiency,disease,GARD
Congenital alopecia X-linked,disease,GARD
Congenital anosmia,disease,GARD
Congenital bilateral absence of the vas deferens,disease,GARD
Congenital central hypoventilation syndrome,disease,GARD
Congenital chloride diarrhea,disease,GARD
Congenital contractural arachnodactyly,disease,GARD
Congenital deafness with vitiligo and achalasia,disease,GARD
Congenital diaphragmatic hernia,disease,GARD
Congenital disorder of glycosylation type I/IIX,disease,GARD
Congenital disorders of glycosylation,disease,GARD
Congenital dyserythropoietic anemia type 2,disease,GARD
Congenital dyserythropoietic anemia type 3,disease,GARD
Congenital ectodermal dysplasia with hearing loss,disease,GARD
Congenital generalized lipodystrophy type 1,disease,GARD
Congenital generalized lipodystrophy type 2,disease,GARD
Congenital generalized lipodystrophy type 4,disease,GARD
Congenital hepatic fibrosis,disease,GARD
Congenital hypothyroidism,disease,GARD
Congenital intrauterine infection-like syndrome,disease,GARD
Congenital laryngeal palsy,disease,GARD
Congenital lipoid adrenal hyperplasia,disease,GARD
Congenital lobar emphysema,disease,GARD
Congenital mirror movement disorder,disease,GARD
Congenital muscular dystrophy,disease,GARD
Congenital myasthenic syndrome,disease,GARD
Congenital myasthenic syndrome associated with acetylcholine receptor deficiency,disease,GARD
Congenital myasthenic syndrome with episodic apnea,disease,GARD
Congenital porphyria,disease,GARD
Congenital primary aphakia,disease,GARD
Congenital pulmonary alveolar proteinosis,disease,GARD
Congenital pulmonary lymphangiectasia,disease,GARD
Congenital radio-ulnar synostosis,disease,GARD
Congenital short femur,disease,GARD
Congenital sucrase-isomaltase deficiency,disease,GARD
Congenital torticollis,disease,GARD
Congenital varicella syndrome,disease,GARD
Congenitally corrected transposition of the great arteries,disease,GARD
Conotruncal heart malformations,disease,GARD
Convulsions benign familial neonatal dominant form,disease,GARD
"Copper deficiency, familial benign",disease,GARD
Cor triatriatum,disease,GARD
Cornea guttata with anterior polar cataract,disease,GARD
Corneal dystrophy and perceptive deafness,disease,GARD
Corneal dystrophy crystalline of Schnyder,disease,GARD
Corneal dystrophy of Bowman layer type 1,disease,GARD
Corneal dystrophy Thiel Behnke type,disease,GARD
Corneal endothelial dystrophy type 2,disease,GARD
"Corneal hypesthesia, familial",disease,GARD
Cornelia de Lange syndrome,disease,GARD
Corneodermatoosseous syndrome,disease,GARD
Corpus callosum agenesis double urinary collecting,disease,GARD
Cortisone reductase deficiency,disease,GARD
Costello syndrome,disease,GARD
Costocoracoid ligament congenitally short,disease,GARD
Cowden syndrome,disease,GARD
"Coxa vara, congenital",disease,GARD
Cramp-fasciculation syndrome,disease,GARD
Crandall syndrome,disease,GARD
Cranioacrofacial syndrome,disease,GARD
Craniodiaphyseal dysplasia,disease,GARD
Craniofacial dyssynostosis,disease,GARD
"Craniometaphyseal dysplasia, autosomal dominant",disease,GARD
"Craniometaphyseal dysplasia, autosomal recessive type",disease,GARD
"Craniosynostosis, anal anomalies, and porokeratosis",disease,GARD
Craniosynostosis-mental retardation syndrome of Lin and Gettig,disease,GARD
CREST syndrome,disease,GARD
"Crigler Najjar syndrome, type 1",disease,GARD
"Crigler Najjar syndrome, type 2",disease,GARD
Crisponi syndrome,disease,GARD
Crome syndrome,disease,GARD
Cronkhite-Canada disease,disease,GARD
Crusted scabies,disease,GARD
Cryptogenic organizing pneumonia,disease,GARD
Cryptomicrotia brachydactyly syndrome,disease,GARD
Crystal arthropathies,disease,GARD
Currarino triad,disease,GARD
Curry Jones syndrome,disease,GARD
Cushing's syndrome,disease,GARD
Cutaneous mastocytoma,disease,GARD
Cutaneous mastocytosis,disease,GARD
D-2-alpha hydroxyglutaric aciduria,disease,GARD
Dandy-Walker cyst with Renal-Hepatic-Pancreatic dysplasia,disease,GARD
Dandy-Walker like malformation with atrioventricular septal defect,disease,GARD
Dandy-Walker malformation with facial hemangioma,disease,GARD
"Dandy-Walker malformation with intellectual disability, basal ganglia disease and seizures",disease,GARD
Dandy-Walker malformation with postaxial polydactyly,disease,GARD
Dandy-Walker malformation with sagittal craniosynostosis and hydrocephalus,disease,GARD
Danon disease,disease,GARD
DCMA syndrome,disease,GARD
De Barsy syndrome,disease,GARD
De Sanctis-Cacchione syndrome,disease,GARD
Deafness and myopia syndrome,disease,GARD
Deafness conductive ptosis skeletal anomalies,disease,GARD
Deafness enamel hypoplasia nail defects,disease,GARD
Deafness nephritis anorectal malformation,disease,GARD
Deafness oligodontia syndrome,disease,GARD
Deafness with labyrinthine aplasia microtia and microdontia (LAMM),disease,GARD
"Deafness, autosomal dominant nonsyndromic sensorineural 17",disease,GARD
"Deafness, autosomal dominant nonsyndromic sensorineural 22",disease,GARD
"Deafness, autosomal dominant nonsyndromic sensorineural 23",disease,GARD
"Deafness, autosomal recessive 51",disease,GARD
"Deafness, dystonia, and cerebral hypomyelination",disease,GARD
"Deafness, epiphyseal dysplasia, short stature",disease,GARD
"Deafness, X-linked 2",disease,GARD
Deafness-infertility syndrome,disease,GARD
Dehydrated hereditary stomatocytosis,disease,GARD
Dementia familial British,disease,GARD
Dendritic cell tumor,disease,GARD
Dennis Fairhurst Moore syndrome,disease,GARD
Dens in dente and palatal invaginations,disease,GARD
Dent disease 1,disease,GARD
Dentatorubral-pallidoluysian atrophy,disease,GARD
"Dentin dysplasia, type 1",disease,GARD
Dentinogenesis imperfecta,disease,GARD
Dentinogenesis imperfecta type 2,disease,GARD
Denys-Drash syndrome,disease,GARD
Der Kaloustian Mcintosh Silver syndrome,disease,GARD
Dermal eccrine cylindroma,disease,GARD
Dermatofibrosarcoma protuberans,disease,GARD
Dermatoleukodystrophy,disease,GARD
Dermatoosteolysis Kirghizian type,disease,GARD
Dermochondrocorneal dystrophy of Franois,disease,GARD
Dermoids of cornea,disease,GARD
Desmoid tumor,disease,GARD
Desmoplastic infantile ganglioglioma,disease,GARD
Desmoplastic small round cell tumor,disease,GARD
Desmosterolosis,disease,GARD
Developmental dysphasia familial,disease,GARD
Dextrocardia with situs inversus,disease,GARD
Dextrocardia with unusual facies and microphthalmia,disease,GARD
D-glycericacidemia,disease,GARD
Diabetes insipidus nephrogenic mental retardation and intracerebral calcification,disease,GARD
Diabetes mellitus type 1,disease,GARD
Diabetic mastopathy,disease,GARD
Diamond-Blackfan anemia 3,disease,GARD
Dicarboxylic aminoaciduria,disease,GARD
DICER1-related pleuropulmonary blastoma cancer predisposition syndrome,disease,GARD
Diffuse cutaneous mastocytosis,disease,GARD
Diffuse cutaneous systemic sclerosis,disease,GARD
Diffuse gastric cancer,disease,GARD
Diffuse idiopathic pulmonary neuroendocrine cell hyperplasia,disease,GARD
Diffuse idiopathic skeletal hyperostosis,disease,GARD
Diffuse mesangial sclerosis,disease,GARD
"Diffuse palmoplantar keratoderma, Bothnian type",disease,GARD
Diffuse panbronchiolitis,disease,GARD
Dihydrolipoamide dehydrogenase deficiency,disease,GARD
Dihydropteridine reductase deficiency,disease,GARD
Dihydropyrimidinase deficiency,disease,GARD
Dihydropyrimidine dehydrogenase deficiency,disease,GARD
Disseminated peritoneal leiomyomatosis,disease,GARD
Disseminated superficial actinic porokeratosis,disease,GARD
Distal chromosome 18q deletion syndrome,disease,GARD
Distal myopathy with vocal cord weakness,disease,GARD
Dominant dystrophic epidermolysis bullosa,disease,GARD
Dominant optic atrophy,disease,GARD
Donnai-Barrow syndrome,disease,GARD
Dopamine beta hydroxylase deficiency,disease,GARD
Dopa-responsive dystonia,disease,GARD
Dowling-Degos disease,disease,GARD
Doyne honeycomb retinal dystrophy,disease,GARD
Dravet syndrome,disease,GARD
Duane syndrome type 1,disease,GARD
Duane syndrome type 2,disease,GARD
Duane syndrome type 3,disease,GARD
Duodenal ulcer due to antral G-cell hyperfunction,disease,GARD
Dwarfism,disease,GARD
Dwarfism Levi type,disease,GARD
Dwarfism stiff joint ocular abnormalities,disease,GARD
Dwarfism tall vertebrae,disease,GARD
"Dwarfism, low-birth-weight type with unresponsiveness to growth hormone",disease,GARD
"Dwarfism, mental retardation and eye abnormality",disease,GARD
"Dwarfism, proportionate with hip dislocation",disease,GARD
Dyggve-Melchior-Clausen syndrome,disease,GARD
Dykes Markes Harper syndrome,disease,GARD
Dysautonomia like disorder,disease,GARD
Dyschromatosis universalis hereditaria,disease,GARD
Dysequilibrium syndrome,disease,GARD
Dyskeratosis congenita autosomal dominant,disease,GARD
Dyskeratosis congenita autosomal recessive,disease,GARD
Dyssegmental dysplasia Silverman-Handmaker type,disease,GARD
Dyssynergia cerebellaris myoclonica,disease,GARD
Dystelephalangy,disease,GARD
Dystonia 1,disease,GARD
Dystonia 11,disease,GARD
Dystonia 16,disease,GARD
Dystonia 18,disease,GARD
Dystonia 19,disease,GARD
"Dystonia 2, torsion, autosomal recessive",disease,GARD
"Dystonia 3, torsion, X-linked",disease,GARD
"Dystonia 5, Dopa-responsive type",disease,GARD
"Dystonia 6, torsion",disease,GARD
"Dystonia 7, torsion",disease,GARD
Dystonia 8,disease,GARD
Dystrophic epidermolysis bullosa,disease,GARD
Eales disease,disease,GARD
Early Infantile Epileptic Encephalopathy,disease,GARD
Early infantile epileptic encephalopathy 25,disease,GARD
Early infantile epileptic encephalopathy 4,disease,GARD
"Early-onset myopathy, areflexia, respiratory distress and dysphagia",disease,GARD
"Early-onset, autosomal dominant Alzheimer disease",disease,GARD
Ebstein's anomaly,disease,GARD
Ectodermal dysplasia adrenal cyst,disease,GARD
Ectodermal dysplasia mental retardation syndactyly,disease,GARD
Ectodermal dysplasia skin fragility syndrome,disease,GARD
Ectodermal dysplasia with natal teeth Turnpenny type,disease,GARD
"Ectodermal dysplasia, hidrotic, Christianson-Fourie type",disease,GARD
Ectopia pupillae,disease,GARD
Ectrodactyly and ectodermal dysplasia without cleft lip/palate,disease,GARD
Ectrodactyly cleft palate syndrome,disease,GARD
Ectrodactyly polydactyly,disease,GARD
EEC syndrome,disease,GARD
Ehlers-Danlos syndrome with periventricular heterotopia,disease,GARD
"Ehlers-Danlos syndrome, dermatosparaxis type",disease,GARD
"Ehlers-Danlos syndrome, kyphoscoliosis type",disease,GARD
"Ehlers-Danlos syndrome, periodontitis type",disease,GARD
"Ehlers-Danlos syndrome, progeroid type",disease,GARD
"Ehlers-Danlos syndrome, spondylocheirodysplastic type",disease,GARD
"Ehlers-Danlos syndrome, vascular type",disease,GARD
Ehlers-Danlos-like syndrome due to tenascin-X deficiency,disease,GARD
Ellis Yale Winter syndrome,disease,GARD
Ellis-Van Creveld syndrome,disease,GARD
Emanuel syndrome,disease,GARD
Embryonal carcinoma,disease,GARD
"Emery-Dreifuss muscular dystrophy, dominant type",disease,GARD
"Emery-Dreifuss muscular dystrophy, X-linked",disease,GARD
Encephalitis lethargica,disease,GARD
Encephalocele,disease,GARD
Encephalocraniocutaneous lipomatosis,disease,GARD
Encephalomyopathy,disease,GARD
Endometrial stromal sarcoma,disease,GARD
Enthesitis-related juvenile idiopathic arthritis,disease,GARD
Eosinophilic enteropathy,disease,GARD
Epidermolysa bullosa simplex with muscular dystrophy,disease,GARD
Epidermolysis bullosa acquisita,disease,GARD
"Epidermolysis bullosa simplex, Dowling-Meara type",disease,GARD
"Epidermolysis bullosa simplex, generalized",disease,GARD
"Epidermolysis bullosa simplex, localized",disease,GARD
"Epidermolysis bullosa simplex, Ogna type",disease,GARD
"Epidermolysis bullosa, late-onset localized junctional, with mental retardation",disease,GARD
"Epidermolysis bullosa, lethal acantholytic",disease,GARD
Epidermolytic ichthyosis,disease,GARD
Epilepsy juvenile absence,disease,GARD
Epilepsy occipital calcifications,disease,GARD
Epilepsy progressive myoclonic type 3,disease,GARD
"Epilepsy, benign occipital",disease,GARD
Epiphyseal dysplasia hearing loss dysmorphism,disease,GARD
Epiphyseal dysplasia multiple with early-onset diabetes mellitus,disease,GARD
Episodic ataxia,disease,GARD
Episodic ataxia with nystagmus,disease,GARD
Epithelial basement membrane corneal dystrophy,disease,GARD
Epithelioid sarcoma,disease,GARD
Erdheim-Chester disease,disease,GARD
"Erythema nodosum, idiopathic",disease,GARD
Erythroderma lethal congenital,disease,GARD
Erythromelalgia,disease,GARD
Erythropoietic protoporphyria,disease,GARD
"Escobar syndrome, type B",disease,GARD
Esthesioneuroblastoma,disease,GARD
Ewing's family of tumors,disease,GARD
Exogenous ochronosis,disease,GARD
Exstrophy of the bladder,disease,GARD
Exstrophy-epispadias complex,disease,GARD
"Eyebrows duplication of, with stretchable skin and syndactyly",disease,GARD
Fabry disease,disease,GARD
Facial ectodermal dysplasia,disease,GARD
Facio thoraco genital syndrome,disease,GARD
Faciocardiorenal syndrome,disease,GARD
"Faciomandibular myoclonus, nocturnal",disease,GARD
Factor V Leiden thrombophilia,disease,GARD
Factor XI deficiency,disease,GARD
Factor XIII deficiency,disease,GARD
Fallopian tube cancer,disease,GARD
Fallot complex with severe mental and growth retardation,disease,GARD
"Familial amyloidosis, Finnish type",disease,GARD
Familial atrial fibrillation,disease,GARD
Familial avascular necrosis of the femoral head,disease,GARD
Familial colorectal cancer,disease,GARD
Familial congenital fourth cranial nerve palsy,disease,GARD
Familial dermographism,disease,GARD
Familial dilated cardiomyopathy,disease,GARD
Familial encephalopathy with neuroserpin inclusion bodies,disease,GARD
Familial eosinophilia,disease,GARD
Familial episodic pain syndrome,disease,GARD
Familial erythema nodosum,disease,GARD
"Familial erythrocytosis, 1",disease,GARD
Familial esophageal achalasia,disease,GARD
Familial exudative vitreoretinopathy,disease,GARD
Familial glucocorticoid deficiency,disease,GARD
Familial HDL deficiency,disease,GARD
Familial hemiplegic migraine,disease,GARD
Familial hemiplegic migraine type 1,disease,GARD
Familial hemiplegic migraine type 2,disease,GARD
Familial hemiplegic migraine type 3,disease,GARD
Familial hyperaldosteronism type III,disease,GARD
Familial hyperinsulinism,disease,GARD
Familial hyperlipo-proteinemia type 1,disease,GARD
Familial hyperthyroidism due to mutations in TSH receptor,disease,GARD
Familial hypertrophic cardiomyopathy,disease,GARD
Familial hypocalciuric hypercalcemia type 1,disease,GARD
Familial hypocalciuric hypercalcemia type 2,disease,GARD
Familial hypocalciuric hypercalcemia type 3,disease,GARD
Familial isolated hyperparathyroidism,disease,GARD
Familial joint instability syndrome,disease,GARD
Familial juvenile hyperuricaemic nephropathy,disease,GARD
Familial mixed cryoglobulinemia,disease,GARD
Familial multiple trichodiscomas,disease,GARD
Familial osteochondritis dissecans,disease,GARD
Familial partial lipodystrophy associated with PPARG mutations,disease,GARD
Familial pemphigus vulgaris,disease,GARD
Familial progressive cardiac conduction defect,disease,GARD
Familial prostate cancer,disease,GARD
Familial renal cell carcinoma,disease,GARD
Familial stomach cancer,disease,GARD
Familial tumoral calcinosis,disease,GARD
Familial ventricular tachycardia,disease,GARD
Familial visceral myopathy with external ophthalmoplegia,disease,GARD
Fanconi Bickel syndrome,disease,GARD
Fanconi like syndrome,disease,GARD
Fanconi renotubular syndrome,disease,GARD
Farber's disease,disease,GARD
Fatal familial insomnia,disease,GARD
Febrile infection-related epilepsy syndrome,disease,GARD
Febrile Ulceronecrotic Mucha-Habermann disease,disease,GARD
Feingold syndrome,disease,GARD
Felty's syndrome,disease,GARD
Femoral facial syndrome,disease,GARD
Femur fibula ulna syndrome,disease,GARD
Fetal akinesia syndrome X-linked,disease,GARD
Fetal and neonatal alloimmune thrombocytopenia,disease,GARD
Fetal cystic hygroma,disease,GARD
Fetal hydantoin syndrome,disease,GARD
Fetal retinoid syndrome,disease,GARD
FG syndrome,disease,GARD
FG syndrome 4,disease,GARD
Fibrodysplasia ossificans progressiva,disease,GARD
Fibrolamellar carcinoma,disease,GARD
Fibromuscular dysplasia,disease,GARD
"Fibular aplasia, tibial campomelia, and oligosyndactyly syndrome",disease,GARD
Fibular hypoplasia and complex brachydactyly,disease,GARD
Filippi syndrome,disease,GARD
Fine-Lubinsky syndrome,disease,GARD
Fingerprint body myopathy,disease,GARD
Fitz-Hugh-Curtis syndrome,disease,GARD
Fitzsimmons-Guilbert syndrome,disease,GARD
Floating-Harbor syndrome,disease,GARD
Florid cemento-osseous dysplasia,disease,GARD
Florid papillomatosis of the nipple,disease,GARD
Flynn Aird syndrome,disease,GARD
Focal dermal hypoplasia,disease,GARD
Focal dystonia,disease,GARD
Focal facial dermal dysplasia,disease,GARD
Focal palmoplantar and gingival keratoderma,disease,GARD
"Follicle-stimulating hormone deficiency, isolated",disease,GARD
Fountain syndrome,disease,GARD
Fournier gangrene,disease,GARD
Fowler's syndrome,disease,GARD
Frank Ter Haar syndrome,disease,GARD
Fraser like syndrome,disease,GARD
Freeman Sheldon syndrome,disease,GARD
Freiberg's disease,disease,GARD
Frias syndrome,disease,GARD
Froelich syndrome,disease,GARD
Frontal fibrosing alopecia,disease,GARD
Frontofacionasal dysplasia,disease,GARD
Frontometaphyseal dysplasia,disease,GARD
Frontonasal dysplasia,disease,GARD
Frontotemporal dementia,disease,GARD
"Frontotemporal dementia, ubiquitin-positive",disease,GARD
Fructosuria,disease,GARD
Fryns Hofkens Fabry syndrome,disease,GARD
Fryns syndrome,disease,GARD
Fuchs endothelial corneal dystrophy,disease,GARD
Fucosidosis type 1,disease,GARD
Fuhrmann syndrome,disease,GARD
Fukuyama type muscular dystrophy,disease,GARD
Fumarase deficiency,disease,GARD
Galactose epimerase deficiency,disease,GARD
Galactosialidosis,disease,GARD
Galloway-Mowat syndrome,disease,GARD
Game Friedman Paradice syndrome,disease,GARD
Gamma aminobutyric acid transaminase deficiency,disease,GARD
Gamma heavy chain disease,disease,GARD
Gamma-cystathionase deficiency,disease,GARD
Gangliocytoma,disease,GARD
Gardner syndrome,disease,GARD
Gardner-Diamond syndrome,disease,GARD
Gastric lymphoma,disease,GARD
Gastrocutaneous syndrome,disease,GARD
Geleophysic dwarfism,disease,GARD
Generalized pustular psoriasis,disease,GARD
Geniospasm,disease,GARD
Genitopatellar syndrome,disease,GARD
Genoa syndrome,disease,GARD
Genochondromatosis,disease,GARD
"Genu valgum, st Helena familial",disease,GARD
Geroderma osteodysplastica,disease,GARD
Gerstmann-Straussler-Scheinker disease,disease,GARD
Gestational trophoblastic tumor,disease,GARD
Ghosal hematodiaphyseal dysplasia syndrome,disease,GARD
Giant axonal neuropathy,disease,GARD
Giant platelet syndrome,disease,GARD
Gigantomastia,disease,GARD
Gilbert syndrome,disease,GARD
"Gingival fibromatosis, 1",disease,GARD
Glanzmann thrombasthenia,disease,GARD
Glass-Chapman-Hockley syndrome,disease,GARD
Glaucoma 3 primary infantile B,disease,GARD
Glaucoma sleep apnea,disease,GARD
Glioblastoma,disease,GARD
Glioma,disease,GARD
Gliomatosis cerebri,disease,GARD
Globozoospermia,disease,GARD
Glomerulonephritis with sparse hair and telangiectases,disease,GARD
Glomerulopathy with fibronectin deposits 1,disease,GARD
Glomerulopathy with fibronectin deposits 2,disease,GARD
Glomus tympanicum tumor,disease,GARD
Glucocorticoid-remediable aldosteronism,disease,GARD
Glucose transporter type 1 deficiency syndrome,disease,GARD
Glutamate formiminotransferase deficiency,disease,GARD
"Glutamine deficiency, congenital",disease,GARD
Glutaric acidemia type I,disease,GARD
Glutaric acidemia type II,disease,GARD
Glutaric acidemia type III,disease,GARD
Glutathione synthetase deficiency,disease,GARD
Glycogen storage disease type 12,disease,GARD
Glycogen storage disease type 13,disease,GARD
Glycogen storage disease type 1B,disease,GARD
Glycogen storage disease type 4,disease,GARD
Glycogen storage disease type 6,disease,GARD
Glycogen storage disease type 7,disease,GARD
Glycosylphosphatidylinositol deficiency,disease,GARD
GM1 gangliosidosis,disease,GARD
GM1 gangliosidosis type 1,disease,GARD
GM1 gangliosidosis type 2,disease,GARD
GM1 gangliosidosis type 3,disease,GARD
Goldberg-Shprintzen megacolon syndrome,disease,GARD
Goldenhar disease,disease,GARD
Gollop Coates syndrome,disease,GARD
GOMBO syndrome,disease,GARD
"Gonadal dysgenesis, XX type",disease,GARD
Good syndrome,disease,GARD
Gordon syndrome,disease,GARD
Gorham's disease,disease,GARD
Gorlin Bushkell Jensen syndrome,disease,GARD
Gorlin Chaudhry Moss syndrome,disease,GARD
GOSR2-related progressive myoclonus ataxia,disease,GARD
Gracile bone dysplasia,disease,GARD
GRACILE syndrome,disease,GARD
Graham Boyle Troxell syndrome,disease,GARD
Graham-Cox syndrome,disease,GARD
Granulomatous Amebic Encephalitis,disease,GARD
Graves' disease,disease,GARD
Gray platelet syndrome,disease,GARD
Gray zone lymphoma,disease,GARD
Greig cephalopolysyndactyly syndrome,disease,GARD
Griscelli syndrome,disease,GARD
Griscelli syndrome type 3,disease,GARD
Groenouw type I corneal dystrophy,disease,GARD
Growth hormone deficiency,disease,GARD
Growth hormone insensitivity with immunodeficiency,disease,GARD
Grubben de Cock Borghgraef syndrome,disease,GARD
GTP cyclohydrolase I deficiency,disease,GARD
Guanidinoacetate methyltransferase deficiency,disease,GARD
Guillain-Barre syndrome,disease,GARD
Gupta Patton syndrome,disease,GARD
Guttate psoriasis,disease,GARD
Hailey-Hailey disease,disease,GARD
Haim-Munk syndrome,disease,GARD
Hair defect with photosensitivity and mental retardation,disease,GARD
HAIR-AN syndrome,disease,GARD
Hairy elbows,disease,GARD
Hairy nose tip,disease,GARD
Hairy palms and soles,disease,GARD
Hairy tongue,disease,GARD
Hall Riggs mental retardation syndrome,disease,GARD
Hallermann-Streiff syndrome,disease,GARD
Hamanishi Ueba Tsuji syndrome,disease,GARD
Hand and foot deformity with flat facies,disease,GARD
Hanhart syndrome,disease,GARD
Hansen's disease,disease,GARD
Hantavirus pulmonary syndrome,disease,GARD
Hard skin syndrome Parana type,disease,GARD
Hardikar syndrome,disease,GARD
Harlequin ichthyosis,disease,GARD
Harrod Doman Keele syndrome,disease,GARD
Hartnup disease,disease,GARD
Hashimoto's encephalitis,disease,GARD
Hashimoto's syndrome,disease,GARD
Hawkinsinuria,disease,GARD
"Heart-hand syndrome, Slovenian type",disease,GARD
"Heart-hand syndrome, Spanish type",disease,GARD
Hemangioendothelioma,disease,GARD
Hemangioma thrombocytopenia syndrome,disease,GARD
"Hemangiomatosis, familial pulmonary capillary",disease,GARD
Hemangiopericytoma,disease,GARD
Hemifacial hyperplasia strabismus,disease,GARD
Hemifacial microsomia,disease,GARD
Hemifacial myohyperplasia,disease,GARD
Hemochromatosis type 1,disease,GARD
Hemochromatosis type 4,disease,GARD
Hemoglobin E disease,disease,GARD
Hemolytic anemia lethal congenital nonspherocytic with genital and other abnormalities,disease,GARD
Hemolytic uremic syndrome,disease,GARD
"Hemolytic uremic syndrome, atypical, childhood",disease,GARD
Hemophagocytic lymphohistiocytosis,disease,GARD
"Hemophagocytic lymphohistiocytosis, familial, 3",disease,GARD
"Hemophagocytic lymphohistiocytosis, familial, 4",disease,GARD
Hemorrhagic shock and encephalopathy syndrome,disease,GARD
Hennekam syndrome,disease,GARD
Henoch-Schonlein purpura,disease,GARD
Heparin-induced thrombocytopenia,disease,GARD
Hepatic encephalopathy,disease,GARD
Hepatic lipase deficiency,disease,GARD
Hepatic venoocclusive disease with immunodeficiency,disease,GARD
Hepatoblastoma,disease,GARD
"Hepatocellular carcinoma, childhood",disease,GARD
"Hereditary angiopathy with nephropathy, aneurysms, and muscle cramps syndrome",disease,GARD
Hereditary cerebral hemorrhage with amyloidosis,disease,GARD
Hereditary congenital facial paresis,disease,GARD
Hereditary diffuse leukoencephalopathy with spheroids,disease,GARD
"Hereditary endotheliopathy, retinopathy, nephropathy, and stroke",disease,GARD
Hereditary hemorrhagic telangiectasia,disease,GARD
Hereditary hemorrhagic telangiectasia type 4,disease,GARD
Hereditary leiomyomatosis and renal cell cancer,disease,GARD
Hereditary lymphedema type II,disease,GARD
Hereditary mucoepithelial dysplasia,disease,GARD
Hereditary multiple osteochondromas,disease,GARD
Hereditary neuralgic amyotrophy,disease,GARD
Hereditary sensory and autonomic neuropathy,disease,GARD
Hereditary sensory and autonomic neuropathy type V,disease,GARD
Hereditary sensory neuropathy type 1,disease,GARD
Hereditary sensory neuropathy type IE,disease,GARD
Hereditary spherocytosis,disease,GARD
Hereditary vascular retinopathy,disease,GARD
Hermansky Pudlak syndrome 2,disease,GARD
Hermansky-Pudlak syndrome,disease,GARD
Herpes simplex encephalitis,disease,GARD
Herpes zoster oticus,disease,GARD
Herrmann syndrome,disease,GARD
Hidradenocarcinoma,disease,GARD
High molecular weight kininogen deficiency,disease,GARD
Hirschsprung disease polydactyly heart disease,disease,GARD
Hirschsprung disease type 3,disease,GARD
Hirschsprung disease type d brachydactyly,disease,GARD
His bundle tachycardia,disease,GARD
Histidinemia,disease,GARD
Histidinuria renal tubular defect,disease,GARD
Histiocytosis-lymphadenopathy plus syndrome,disease,GARD
Holocarboxylase synthetase deficiency,disease,GARD
"Holoprosencephaly, recurrent infections, and monocytosis",disease,GARD
Holt-Oram syndrome,disease,GARD
Holzgreve syndrome,disease,GARD
Homocarnosinosis,disease,GARD
Hooft disease,disease,GARD
Horizontal gaze palsy with progressive scoliosis,disease,GARD
Hoyeraal Hreidarsson syndrome,disease,GARD
HTLV-1 associated myelopathy/tropical spastic paraparesis,disease,GARD
Human T-cell leukemia virus type 1,disease,GARD
Human T-cell leukemia virus type 2,disease,GARD
Hunter Rudd Hoffmann syndrome,disease,GARD
HurlerScheie syndrome,disease,GARD
Hyde Forster Mccarthy Berry syndrome,disease,GARD
Hydranencephaly,disease,GARD
Hydrocephalus due to congenital stenosis of aqueduct of sylvius,disease,GARD
Hydrocephalus obesity hypogonadism,disease,GARD
"Hydrocephalus, costovertebral dysplasia, and Sprengel anomaly",disease,GARD
Hydrolethalus syndrome,disease,GARD
"Hydrops, Ectopic calcification, Moth-eaten skeletal dysplasia",disease,GARD
"Hypercholesterolemia, autosomal dominant",disease,GARD
Hyperglycerolemia,disease,GARD
Hyper-IgD syndrome,disease,GARD
Hyperinsulinemic hypoglycemia familial 2,disease,GARD
Hyperinsulinemic hypoglycemia familial 3,disease,GARD
Hyperlipidemia type 3,disease,GARD
Hyperlipoproteinemia type 4,disease,GARD
Hyperlipoproteinemia type 5,disease,GARD
Hypermanganesemia with dystonia polycythemia and cirrhosis,disease,GARD
"Hyperostosis corticalis generalisata, benign form of Worth with torus palatinus",disease,GARD
Hyperparathyroidism-jaw tumor syndrome,disease,GARD
Hyperprolinemia type 2,disease,GARD
Hypertelorism and tetralogy of Fallot,disease,GARD
Hyperthermia induced defects,disease,GARD
Hypertrichosis congenital generalized X-linked,disease,GARD
Hypertrichosis lanuginosa congenita,disease,GARD
"Hypertrichosis lanuginosa, acquired",disease,GARD
"Hypertrichosis, hyperkeratosis, mental retardation, and distinctive facial features",disease,GARD
Hypertrophic neuropathy of Dejerine-Sottas,disease,GARD
Hypertryptophanemia,disease,GARD
Hypoaldosteronism,disease,GARD
"Hypocalcemia, autosomal dominant",disease,GARD
Hypochondroplasia,disease,GARD
Hypochromic microcytic anemia with iron overload,disease,GARD
Hypocomplementemic urticarial vasculitis syndrome,disease,GARD
Hypohidrotic ectodermal dysplasia,disease,GARD
Hypohidrotic ectodermal dysplasia with hypothyroidism and ciliary dyskinesia,disease,GARD
Hypohidrotic ectodermal dysplasia with immune deficiency,disease,GARD
Hypolipoproteinemia,disease,GARD
"Hypomagnesemia 2, renal",disease,GARD
Hypomagnesemia 6,disease,GARD
Hypomagnesemia primary,disease,GARD
Hypomandibular faciocranial dysostosis,disease,GARD
Hypomelia mullerian duct anomalies,disease,GARD
Hypomyelination with atrophy of basal ganglia and cerebellum,disease,GARD
Hypoparathyroidism-retardation-dysmorphism syndrome,disease,GARD
Hypophosphatasia,disease,GARD
Hypophosphatemic rickets,disease,GARD
Hypoplastic right heart syndrome,disease,GARD
Hypothalamic hamartomas,disease,GARD
Hypotrichosis simplex,disease,GARD
Hypotrichosis-lymphedema-telangiectasia syndrome,disease,GARD
I cell disease,disease,GARD
IBIDS syndrome,disease,GARD
ICF syndrome,disease,GARD
"Ichthyosiform erythroderma, corneal involvement, deafness",disease,GARD
Ichthyosis alopecia eclabion ectropion mental retardation,disease,GARD
Ichthyosis and male hypogonadism,disease,GARD
Ichthyosis bullosa of Siemens,disease,GARD
Ichthyosis cheek eyebrow syndrome,disease,GARD
Ichthyosis follicularis atrichia photophobia syndrome,disease,GARD
Ichthyosis hystrix gravior,disease,GARD
"Ichthyosis hystrix, Curth Macklin type",disease,GARD
Ichthyosis prematurity syndrome,disease,GARD
"Ichthyosis, acquired",disease,GARD
"Ichthyosis, leukocyte vacuoles, alopecia, and sclerosing cholangitis",disease,GARD
Ichthyosis-mental retardation syndrome with large keratohyalin granules in the skin,disease,GARD
Idiopathic acute eosinophilic pneumonia,disease,GARD
Idiopathic basal ganglia calcification childhood-onset,disease,GARD
Idiopathic CD4 positive T-lymphocytopenia,disease,GARD
Idiopathic inflammatory myopathy,disease,GARD
Idiopathic juxtafoveal retinal telangiectasia,disease,GARD
Idiopathic neutropenia,disease,GARD
Idiopathic thrombocytopenic purpura,disease,GARD
IMAGe syndrome,disease,GARD
Imerslund-Grasbeck syndrome,disease,GARD
Iminoglycinuria,disease,GARD
"Immotile cilia syndrome, due to defective radial spokes",disease,GARD
Immune defect due to absence of thymus,disease,GARD
Immune dysfunction with T-cell inactivation due to calcium entry defect 1,disease,GARD
Immune dysfunction with T-cell inactivation due to calcium entry defect 2,disease,GARD
Immunodeficiency with hyper IgM type 1,disease,GARD
Immunodeficiency with hyper IgM type 2,disease,GARD
Immunodeficiency with hyper IgM type 5,disease,GARD
Immunodeficiency without anhidrotic ectodermal dysplasia,disease,GARD
Immunoglobulin A deficiency 2,disease,GARD
Immunotactoid glomerulopathy,disease,GARD
Immunotactoid or fibrillary glomerulopathy,disease,GARD
Impairment of oral perception,disease,GARD
Imperforate oropharynx-costo vetebral anomalies,disease,GARD
Inclusion body myopathy 2,disease,GARD
Inclusion body myopathy with early-onset Paget disease and frontotemporal dementia,disease,GARD
Inclusion body myositis,disease,GARD
Infantile axonal neuropathy,disease,GARD
"Infantile convulsions and paroxysmal choreoathetosis, familial",disease,GARD
Infantile myofibromatosis,disease,GARD
Infantile Parkinsonism-dystonia,disease,GARD
Infantile spasms broad thumbs,disease,GARD
Infantile-onset ascending hereditary spastic paralysis,disease,GARD
Infectious arthritis,disease,GARD
Inflammatory breast cancer,disease,GARD
Inflammatory linear verrucous epidermal nevus,disease,GARD
Inflammatory myofibroblastic tumor,disease,GARD
Infundibulopelvic dysgenesis,disease,GARD
Insulin-like growth factor I deficiency,disease,GARD
Intellectual deficit - short stature - hypertelorism,disease,GARD
Intellectual disability - athetosis - microphthalmia,disease,GARD
"Intellectual disability, epileptic seizures, hypogonadism and hypogenitalism, microcephaly, and obesity",disease,GARD
Intellectual disability-developmental delay-contractures syndrome,disease,GARD
Intervertebral disc disease,disease,GARD
Intestinal pseudoobstruction neuronal chronic idiopathic X-linked,disease,GARD
Intracranial arteriovenous malformation,disease,GARD
Intrahepatic cholangiocarcinoma,disease,GARD
Intrahepatic cholestasis of pregnancy,disease,GARD
Intrauterine growth retardation with increased mitomycin C sensitivity,disease,GARD
Intravenous leiomyomatosis,disease,GARD
Iridocorneal endothelial syndrome,disease,GARD
Irons Bhan syndrome,disease,GARD
Isobutyryl-CoA dehydrogenase deficiency,disease,GARD
Isodicentric chromosome 15 syndrome,disease,GARD
Isolated ACTH deficiency,disease,GARD
Isolated anterior cervical hypertrichosis,disease,GARD
Isolated corpus callosum agenesis,disease,GARD
Isolated ectopia lentis,disease,GARD
Isolated growth hormone deficiency type 3,disease,GARD
Isolated levocardia,disease,GARD
Isotretinoin embryopathy like syndrome,disease,GARD
Isovaleric acidemia,disease,GARD
ITCH E3 ubiquitin ligase deficiency,disease,GARD
IVIC syndrome,disease,GARD
Jansen type metaphyseal chondrodysplasia,disease,GARD
Jejunal atresia,disease,GARD
Jensen syndrome,disease,GARD
Jervell and Lange-Nielsen syndrome 2,disease,GARD
Jervell Lange-Nielsen syndrome,disease,GARD
Johnson Munson syndrome,disease,GARD
Johnson neuroectodermal syndrome,disease,GARD
Johnston Aarons Schelley syndrome,disease,GARD
Jones syndrome,disease,GARD
Joubert syndrome,disease,GARD
Joubert syndrome 2,disease,GARD
Joubert syndrome with oculorenal anomalies,disease,GARD
Juberg Marsidi syndrome,disease,GARD
Junctional epidermolysis bullosa,disease,GARD
Jung Wolff Back Stahl syndrome,disease,GARD
Juvenile amyotrophic lateral sclerosis,disease,GARD
Juvenile dermatomyositis,disease,GARD
Juvenile Huntington disease,disease,GARD
Juvenile myelomonocytic leukemia,disease,GARD
Juvenile myoclonic epilepsy,disease,GARD
Juvenile ossifying fibroma,disease,GARD
Juvenile osteoporosis,disease,GARD
Juvenile primary lateral sclerosis,disease,GARD
Juvenile retinoschisis,disease,GARD
Juvenile spondyloarthropathy,disease,GARD
Juvenile temporal arteritis,disease,GARD
Juvenile-onset dystonia,disease,GARD
Kallmann syndrome,disease,GARD
Kallmann syndrome 3,disease,GARD
Kallmann syndrome 5,disease,GARD
Kallmann syndrome 6,disease,GARD
Kaplan Plauchu Fitch syndrome,disease,GARD
Kapur Toriello syndrome,disease,GARD
Karak syndrome,disease,GARD
Kasznica Carlson Coppedge syndrome,disease,GARD
Kaufman oculocerebrofacial syndrome,disease,GARD
Kawasaki syndrome,disease,GARD
KBG syndrome,disease,GARD
Kenny-Caffey syndrome type 1,disease,GARD
"Keratitis, hereditary",disease,GARD
Keratoconus posticus circumscriptus,disease,GARD
Keratoderma palmoplantar deafness,disease,GARD
Keratoderma palmoplantar spastic paralysis,disease,GARD
Keratolytic winter erythema,disease,GARD
Keratosis follicularis dwarfism and cerebral atrophy,disease,GARD
Keratosis follicularis spinulosa decalvans,disease,GARD
Keratosis palmoplantaris striata 1,disease,GARD
"Keratosis, seborrheic",disease,GARD
Kerion celsi,disease,GARD
Kernicterus,disease,GARD
Keutel syndrome,disease,GARD
Kienbock's disease,disease,GARD
Kimura disease,disease,GARD
Klatskin tumor,disease,GARD
Klebsiella infection,disease,GARD
Kleefstra syndrome,disease,GARD
Kleiner Holmes syndrome,disease,GARD
Klippel Feil syndrome,disease,GARD
Klumpke paralysis,disease,GARD
Kluver Bucy syndrome,disease,GARD
Kniest like dysplasia lethal,disease,GARD
Kohlschutter Tonz syndrome,disease,GARD
Konigsmark Knox Hussels syndrome,disease,GARD
Koolen de Vries syndrome,disease,GARD
Kosztolanyi syndrome,disease,GARD
Kowarski syndrome,disease,GARD
Kozlowski Celermajer Tink syndrome,disease,GARD
Krabbe disease atypical due to Saposin A deficiency,disease,GARD
Kuskokwim disease,disease,GARD
Kuster Majewski Hammerstein syndrome,disease,GARD
Kyrle disease,disease,GARD
L1 syndrome,disease,GARD
L-2-hydroxyglutaric aciduria,disease,GARD
La Crosse encephalitis,disease,GARD
Lactate dehydrogenase deficiency,disease,GARD
Lafora disease,disease,GARD
Laing distal myopathy,disease,GARD
Lambdoid synostosis,disease,GARD
Lambert Eaton myasthenic syndrome,disease,GARD
Landau-Kleffner syndrome,disease,GARD
Langer mesomelic dysplasia,disease,GARD
Langerhans cell histiocytosis,disease,GARD
Large granular lymphocyte leukemia,disease,GARD
L-arginine:glycine amidinotransferase deficiency,disease,GARD
Laron syndrome,disease,GARD
Larsen syndrome,disease,GARD
Larsen-like syndrome,disease,GARD
Laryngeal cleft,disease,GARD
Laryngomalacia,disease,GARD
"Larynx, congenital partial atresia of",disease,GARD
Lassueur-Graham-Little syndrome,disease,GARD
Late-Onset Familial Alzheimer Disease,disease,GARD
Late-onset retinal degeneration,disease,GARD
Lateral meningocele syndrome,disease,GARD
Lattice corneal dystrophy type 1,disease,GARD
Lattice corneal dystrophy type 3A,disease,GARD
Laurence Prosser Rocker syndrome,disease,GARD
Laurin-Sandrow syndrome,disease,GARD
LCHAD deficiency,disease,GARD
Leber congenital amaurosis 1,disease,GARD
Leber congenital amaurosis 10,disease,GARD
Leber congenital amaurosis 15,disease,GARD
Leber congenital amaurosis 16,disease,GARD
Leber congenital amaurosis 2,disease,GARD
Leber congenital amaurosis 4,disease,GARD
Leber congenital amaurosis 5,disease,GARD
Leber hereditary optic neuropathy,disease,GARD
Leber hereditary optic neuropathy with dystonia,disease,GARD
Ledderhose disease,disease,GARD
Left ventricular noncompaction,disease,GARD
Legius syndrome,disease,GARD
"Leigh syndrome, French Canadian type",disease,GARD
Leiner disease,disease,GARD
Leiomyoma of vulva and esophagus,disease,GARD
Lemierre syndrome,disease,GARD
Lennox-Gastaut syndrome,disease,GARD
Lentigo maligna melanoma,disease,GARD
Lenz Majewski hyperostotic dwarfism,disease,GARD
Lenz microphthalmia syndrome,disease,GARD
Leprechaunism,disease,GARD
Leri pleonosteosis,disease,GARD
Leri Weill dyschondrosteosis,disease,GARD
Lesch Nyhan syndrome,disease,GARD
Lethal chondrodysplasia Moerman type,disease,GARD
Lethal congenital contracture syndrome 1,disease,GARD
Lethal congenital contracture syndrome 2,disease,GARD
Lethal short limb skeletal dysplasia Al Gazali type,disease,GARD
Leucine-sensitive hypoglycemia of infancy,disease,GARD
Leukodystrophy,disease,GARD
Leukoencephalopathy - dystonia - motor neuropathy,disease,GARD
Leukoencephalopathy with brain stem and spinal cord involvement and lactate elevation,disease,GARD
Leukoencephalopathy with vanishing white matter,disease,GARD
"Leukoencephalopathy, arthritis, colitis, and hypogammaglobulinema",disease,GARD
Leukonychia totalis,disease,GARD
Levator syndrome,disease,GARD
Lichen planus pigmentosus,disease,GARD
Lichen sclerosus,disease,GARD
Liddle syndrome,disease,GARD
Light chain deposition disease,disease,GARD
Ligneous conjunctivitis,disease,GARD
Limb deficiencies distal with micrognathia,disease,GARD
Limb dystonia,disease,GARD
Limb-girdle muscular dystrophy,disease,GARD
Limb-girdle muscular dystrophy type 1A,disease,GARD
Limb-girdle muscular dystrophy type 2A,disease,GARD
Limb-girdle muscular dystrophy type 2E,disease,GARD
Limb-girdle muscular dystrophy type 2H,disease,GARD
Limb-girdle muscular dystrophy type 2I,disease,GARD
"Limb-girdle muscular dystrophy, type 2C",disease,GARD
"Limb-girdle muscular dystrophy, type 2G",disease,GARD
Limbic encephalitis,disease,GARD
Limited cutaneous systemic sclerosis,disease,GARD
Limited systemic sclerosis,disease,GARD
Linear porokeratosis,disease,GARD
Linear scleroderma,disease,GARD
Lipase deficiency combined,disease,GARD
Lipedema,disease,GARD
Lipidosis with triglycerid storage disease,disease,GARD
Lipodermatosclerosis,disease,GARD
"Lipodystrophy, familial partial, type 2",disease,GARD
Lipoic acid synthetase deficiency,disease,GARD
Lipoid proteinosis of Urbach and Wiethe,disease,GARD
Liposarcoma,disease,GARD
Lissencephaly 1,disease,GARD
Lissencephaly X-linked,disease,GARD
Littoral cell angioma of the spleen,disease,GARD
Livedoid vasculopathy,disease,GARD
Liver failure acute infantile,disease,GARD
Localized lipodystrophy,disease,GARD
Localized scleroderma,disease,GARD
Loeys-Dietz syndrome,disease,GARD
Loeys-Dietz syndrome type 2,disease,GARD
Loeys-Dietz syndrome type 4,disease,GARD
Logopenic progressive aphasia,disease,GARD
Loin pain hematuria syndrome,disease,GARD
Long QT syndrome,disease,GARD
Long QT syndrome 1,disease,GARD
Long QT syndrome 3,disease,GARD
Long QT syndrome 8,disease,GARD
Loose anagen hair syndrome,disease,GARD
Lopes Gorlin syndrome,disease,GARD
Lowry Wood syndrome,disease,GARD
Lubinsky syndrome,disease,GARD
Lucey-Driscoll syndrome,disease,GARD
Lujan syndrome,disease,GARD
Lung adenocarcinoma,disease,GARD
Lung agenesis,disease,GARD
Lupus,disease,GARD
Lymphatic filariasis,disease,GARD
Lymphedema and cerebral arteriovenous anomaly,disease,GARD
Lymphedema-distichiasis syndrome,disease,GARD
Lymphocytic colitis,disease,GARD
Lymphocytic infiltrate of Jessner,disease,GARD
Lymphocytic vasculitis,disease,GARD
Lymphomatoid papulosis,disease,GARD
Lynch syndrome,disease,GARD
Lysinuric protein intolerance,disease,GARD
Mac Dermot Winter syndrome,disease,GARD
Macrocephaly mesodermal hamartoma spectrum,disease,GARD
Macrocephaly-capillary malformation,disease,GARD
Macrodactyly of the hand,disease,GARD
Macrothrombocytopenia progressive deafness,disease,GARD
Macular degeneration,disease,GARD
"Macular dystrophy, atypical vitelliform",disease,GARD
"Macular dystrophy, concentric annular",disease,GARD
"Macular dystrophy, corneal type 1",disease,GARD
Madelung disease,disease,GARD
Madokoro Ohdo Sonoda syndrome,disease,GARD
Maffucci syndrome,disease,GARD
Majeed syndrome,disease,GARD
Mal de debarquement,disease,GARD
Malakoplakia,disease,GARD
Male pseudohermaphroditism due to defective LH molecule,disease,GARD
"Male pseudohermaphroditism intellectual disability syndrome, Verloes type",disease,GARD
Malignant eccrine spiradenoma,disease,GARD
Malignant hyperthermia arthrogryposis torticollis,disease,GARD
Malignant hyperthermia susceptibility type 3,disease,GARD
Malignant peripheral nerve sheath tumor,disease,GARD
Malonyl-CoA decarboxylase deficiency,disease,GARD
Mandibuloacral dysplasia,disease,GARD
Mandibuloacral dysplasia with type A lipodystrophy,disease,GARD
Mandibulofacial dysostosis with microcephaly,disease,GARD
"Mannosidosis, beta A, lysosomal",disease,GARD
Mantle cell lymphoma,disease,GARD
Maple syrup urine disease type 1A,disease,GARD
Maple syrup urine disease type 1B,disease,GARD
Marden Walker like syndrome,disease,GARD
Marden-Walker syndrome,disease,GARD
Marfanoid hypermobility syndrome,disease,GARD
Marie Unna congenital hypotrichosis,disease,GARD
Marinesco-Sjogren syndrome,disease,GARD
Marshall syndrome,disease,GARD
Marshall-Smith syndrome,disease,GARD
Martinez Monasterio Pinheiro syndrome,disease,GARD
Martsolf syndrome,disease,GARD
Mastocytic enterocolitis,disease,GARD
Mastocytosis cutaneous with short stature conductive hearing loss and microtia,disease,GARD
Maternal hyperphenylalaninemia,disease,GARD
Maternally inherited diabetes and deafness,disease,GARD
"Maturity-onset diabetes of the young, type 1",disease,GARD
"Maturity-onset diabetes of the young, type 3",disease,GARD
"Maturity-onset diabetes of the young, type 5",disease,GARD
"Maturity-onset diabetes of the young, type 6",disease,GARD
"Maturity-onset diabetes of the young, type 7",disease,GARD
"Maturity-onset diabetes of the young, type 8",disease,GARD
McCune Albright syndrome,disease,GARD
McDonough syndrome,disease,GARD
McKusick Kaufman syndrome,disease,GARD
Meckel syndrome type 2,disease,GARD
Meckel syndrome type 3,disease,GARD
MECP2 duplication syndrome,disease,GARD
Medium-chain 3-ketoacyl-coa thiolase deficiency,disease,GARD
Medium-chain acyl-coenzyme A dehydrogenase deficiency,disease,GARD
Medullary cystic kidney disease 1,disease,GARD
Medulloblastoma,disease,GARD
Meesmann corneal dystrophy,disease,GARD
"Megalencephaly, polymicrogyria, and hydrocephalus (MPPH) syndrome",disease,GARD
Megalocornea-intellectual disability syndrome,disease,GARD
Megalocytic interstitial nephritis,disease,GARD
Mehes syndrome,disease,GARD
Melanoma astrocytoma syndrome,disease,GARD
Meleda disease,disease,GARD
Melioidosis,disease,GARD
Menetrier disease,disease,GARD
Mnire's disease,disease,GARD
Meningioma,disease,GARD
Meningoencephalocele,disease,GARD
Menkes disease,disease,GARD
Mental retardation Smith Fineman Myers type,disease,GARD
"Mental retardation syndrome, Belgian type",disease,GARD
Mental retardation X-linked syndromic 11,disease,GARD
Mental retardation X-linked syndromic 7,disease,GARD
Mental retardation x-linked with cerebellar hypoplasia and distinctive facial appearance,disease,GARD
"Mental retardation X-linked, South African type",disease,GARD
"Mental retardation, macrocephaly, short stature and craniofacial dysmorphism",disease,GARD
"Mental retardation, X-linked, nonspecific",disease,GARD
"Mental retardation-hypotonic facies syndrome X-linked, 1",disease,GARD
Mercury poisoning,disease,GARD
Merkel cell carcinoma,disease,GARD
Merlob Grunebaum Reisner syndrome,disease,GARD
Mesomelia-synostoses syndrome,disease,GARD
Mesomelic dwarfism cleft palate camptodactyly,disease,GARD
Mesomelic dwarfism of hypoplastic tibia and radius type,disease,GARD
Mesomelic dysplasia Kantaputra type,disease,GARD
Mesomelic dysplasia Savarirayan type,disease,GARD
Metachondromatosis,disease,GARD
Metachromatic leukodystrophy due to saposin B deficiency,disease,GARD
Metaphyseal acroscyphodysplasia,disease,GARD
Metaphyseal chondrodysplasia Spahr type,disease,GARD
Metaphyseal dysplasia maxillary hypoplasia brachydactyly,disease,GARD
Metaplastic carcinoma of the breast,disease,GARD
Methionine adenosyltransferase deficiency,disease,GARD
Methylcobalamin deficiency cbl G type,disease,GARD
Methylmalonic acidemia with homocystinuria,disease,GARD
"Methylmalonic acidemia with homocystinuria, type cblC",disease,GARD
"Methylmalonic acidemia with homocystinuria, type cblJ",disease,GARD
Mevalonic aciduria,disease,GARD
Michelin tire baby syndrome,disease,GARD
Michels syndrome,disease,GARD
Microcephalic osteodysplastic primordial dwarfism type 1,disease,GARD
Microcephalic osteodysplastic primordial dwarfism type 2,disease,GARD
"Microcephalic primordial dwarfism, Montreal type",disease,GARD
Microcephaly brain defect spasticity hypernatremia,disease,GARD
Microcephaly cervical spine fusion anomalies,disease,GARD
Microcephaly deafness syndrome,disease,GARD
Microcephaly pontocerebellar hypoplasia dyskinesia,disease,GARD
"Microcephaly, corpus callosum dysgenesis and cleft lip-palate",disease,GARD
"Microcephaly, holoprosencephaly, and intrauterine growth retardation",disease,GARD
Microcephaly-albinism-digital anomalies syndrome,disease,GARD
Microcystic adnexal carcinoma,disease,GARD
Microduplication Xp11.22-p11.23 syndrome,disease,GARD
Microgastria limb reduction defect,disease,GARD
Microhydranencephaly,disease,GARD
Microphthalmia associated with colobomatous cyst,disease,GARD
Microphthalmia mental deficiency,disease,GARD
Microphthalmia microtia fetal akinesia,disease,GARD
Microphthalmia syndromic 5,disease,GARD
Microphthalmia syndromic 6,disease,GARD
Microphthalmia syndromic 7,disease,GARD
Microphthalmia syndromic 8,disease,GARD
Microphthalmia syndromic 9,disease,GARD
Microscopic polyangiitis,disease,GARD
Microsomia hemifacial radial defects,disease,GARD
Microtia-Anotia,disease,GARD
Midphalangeal hair,disease,GARD
Mikulicz disease,disease,GARD
Miles-Carpenter x-linked mental retardation syndrome,disease,GARD
Miller syndrome,disease,GARD
Miller-Dieker syndrome,disease,GARD
Milroy disease,disease,GARD
Minicore myopathy with external ophthalmoplegia,disease,GARD
Mitochondrial complex II deficiency,disease,GARD
Mitochondrial complex IV deficiency,disease,GARD
Mitochondrial DNA-associated Leigh syndrome,disease,GARD
Mitochondrial encephalomyopathy lactic acidosis and stroke-like episodes,disease,GARD
Mitochondrial genetic disorders,disease,GARD
Mitochondrial Membrane Protein-Associated Neurodegeneration,disease,GARD
Mitochondrial neurogastrointestinal encephalopathy syndrome,disease,GARD
Mitochondrial trifunctional protein deficiency,disease,GARD
"Mitral valve prolapse, familial, X-linked",disease,GARD
Mixed connective tissue disease,disease,GARD
Moebius syndrome,disease,GARD
Mollaret meningitis,disease,GARD
Mondini dysplasia,disease,GARD
Mondor disease,disease,GARD
Monoclonal gammopathy of undetermined significance,disease,GARD
Monoclonal mast cell activation syndrome,disease,GARD
Monomelic amyotrophy,disease,GARD
MORM syndrome,disease,GARD
Morquio syndrome B,disease,GARD
Mosaic trisomy 14,disease,GARD
Mosaic trisomy 8,disease,GARD
Mosaic trisomy 9,disease,GARD
Mousa Al din Al Nassar syndrome,disease,GARD
Mowat-Wilson syndrome,disease,GARD
Moyamoya disease,disease,GARD
MTHFR gene mutation,disease,GARD
Muckle-Wells syndrome,disease,GARD
Mucoepidermoid carcinoma,disease,GARD
Mucolipidosis III alpha/beta,disease,GARD
Mucolipidosis type 4,disease,GARD
Mucopolysaccharidosis type I,disease,GARD
Mucopolysaccharidosis type IIIB,disease,GARD
Mucopolysaccharidosis type IIIC,disease,GARD
Mucopolysaccharidosis type IIID,disease,GARD
Mucopolysaccharidosis type IV,disease,GARD
Mucopolysaccharidosis type IVA,disease,GARD
Mucopolysaccharidosis type VI,disease,GARD
Mucopolysaccharidosis type VII,disease,GARD
Muir-Torre syndrome,disease,GARD
Mulibrey Nanism,disease,GARD
Multicentric Castleman Disease,disease,GARD
Multicentric osteolysis nephropathy,disease,GARD
Multicentric reticulohistiocytosis,disease,GARD
Multifocal choroiditis,disease,GARD
Multifocal motor neuropathy,disease,GARD
Multiple endocrine neoplasia type 1,disease,GARD
Multiple endocrine neoplasia type 2A,disease,GARD
Multiple endocrine neoplasia type 2B,disease,GARD
Multiple epiphyseal dysplasia,disease,GARD
Multiple epiphyseal dysplasia 1,disease,GARD
Multiple epiphyseal dysplasia 2,disease,GARD
Multiple epiphyseal dysplasia 3,disease,GARD
Multiple epiphyseal dysplasia 4,disease,GARD
Multiple familial trichoepithelioma,disease,GARD
Multiple mitochondrial dysfunctions syndrome,disease,GARD
Multiple pterygium syndrome Escobar type,disease,GARD
Multiple pterygium syndrome lethal type,disease,GARD
Multiple pterygium syndrome X-linked,disease,GARD
Multiple self healing squamous epithelioma,disease,GARD
Multisystemic smooth muscle dysfunction syndrome,disease,GARD
Muscle eye brain disease,disease,GARD
Muscular atrophy ataxia retinitis pigmentosa and diabetes mellitus,disease,GARD
Muscular dystrophy white matter spongiosis,disease,GARD
"Muscular dystrophy, congenital, infantile with cataract and hypogonadism",disease,GARD
"Muscular dystrophy, congenital, megaconial type",disease,GARD
"Muscular dystrophy, congenital, merosin-positive",disease,GARD
Muscular fibrosis multifocal obstructed vessels,disease,GARD
Mutiple parosteal osteochondromatous proliferations,disease,GARD
"Myasthenia gravis, limb-girdle",disease,GARD
Mycetoma,disease,GARD
Mycobacterium Malmoense,disease,GARD
Myelocerebellar disorder,disease,GARD
"Myelocytic leukemia-like syndrome, familial, chronic",disease,GARD
Myelodysplastic syndromes,disease,GARD
Myelodysplastic/myeloproliferative disease,disease,GARD
Myeloperoxidase deficiency,disease,GARD
MYH7-related scapuloperoneal myopathy,disease,GARD
MYH-associated polyposis,disease,GARD
Myhre syndrome,disease,GARD
Myoclonic epilepsy with ragged red fibers,disease,GARD
Myoepithelial carcinoma,disease,GARD
Myofibrillar myopathy,disease,GARD
Myopathy congenital,disease,GARD
Myotonia congenita autosomal dominant,disease,GARD
Myotonic dystrophy,disease,GARD
Myotonic dystrophy type 1,disease,GARD
Myxopapillary ependymoma,disease,GARD
N syndrome,disease,GARD
Nablus mask-like facial syndrome,disease,GARD
N-acetylglutamate synthetase deficiency,disease,GARD
NADH cytochrome B5 reductase deficiency,disease,GARD
Naegeli syndrome,disease,GARD
"Nail dysplasia, isolated congenital",disease,GARD
Nail-patella syndrome,disease,GARD
Nance-Horan syndrome,disease,GARD
Nasodigitoacoustic syndrome,disease,GARD
Nasopharyngeal carcinoma,disease,GARD
"Natal teeth, intestinal pseudoobstruction and patent ductus",disease,GARD
Necrotizing fasciitis,disease,GARD
Negative rheumatoid factor polyarthritis,disease,GARD
Nelson syndrome,disease,GARD
Nemaline myopathy,disease,GARD
Neonatal adrenoleukodystrophy,disease,GARD
Neonatal hemochromatosis,disease,GARD
Neonatal intrahepatic cholestasis caused by citrin deficiency,disease,GARD
Neonatal progeroid syndrome,disease,GARD
Nephrogenic diabetes insipidus,disease,GARD
Nephropathic cystinosis,disease,GARD
"Nephropathy, deafness, and hyperparathyroidism",disease,GARD
Nephrosis deafness urinary tract digital malformation,disease,GARD
Nephrotic syndrome ocular anomalies,disease,GARD
"Nephrotic syndrome, idiopathic, steroid-resistant",disease,GARD
Nestor-guillermo progeria syndrome,disease,GARD
Neuhauser Daly Magnelli syndrome,disease,GARD
Neuhauser Eichner Opitz syndrome,disease,GARD
Neuroacanthocytosis,disease,GARD
Neurocutaneous melanosis,disease,GARD
Neurofaciodigitorenal syndrome,disease,GARD
Neuroferritinopathy,disease,GARD
Neurofibroma,disease,GARD
Neurofibromatosis,disease,GARD
Neurofibromatosis type 1,disease,GARD
Neurofibromatosis-Noonan syndrome,disease,GARD
Neurogenic diabetes insipidus,disease,GARD
Neuroleptic malignant syndrome,disease,GARD
Neuronal ceroid lipofuscinosis,disease,GARD
Neuronal ceroid lipofuscinosis 10,disease,GARD
Neuronal ceroid lipofuscinosis 5,disease,GARD
Neuronal ceroid lipofuscinosis 7,disease,GARD
Neuronal ceroid lipofuscinosis 9,disease,GARD
Neuropathy ataxia retinitis pigmentosa syndrome,disease,GARD
"Neuropathy, congenital, with arthrogryposis multiplex",disease,GARD
"Neuropathy, distal hereditary motor, Jerash type",disease,GARD
"Neuropathy, hereditary motor and sensory, Okinawa type",disease,GARD
Neutral lipid storage disease with myopathy,disease,GARD
Neutropenia chronic familial,disease,GARD
Neutropenia lethal congenital with eosinophilia,disease,GARD
Neutrophil-specific granule deficiency,disease,GARD
"Nevi flammei, familial multiple",disease,GARD
Nicolaides-Baraitser syndrome,disease,GARD
Niemann-Pick disease type A,disease,GARD
Nievergelt syndrome,disease,GARD
Nijmegen breakage syndrome,disease,GARD
Nocardiosis,disease,GARD
Nodular nonsuppurative panniculitis,disease,GARD
Nodular regenerative hyperplasia,disease,GARD
Non 24 hour sleep wake disorder,disease,GARD
Non-A-E hepatitis,disease,GARD
Nonalcoholic steatohepatitis,disease,GARD
Nonbullous congenital ichthyosiform erythroderma,disease,GARD
Non-classic congenital adrenal hyperplasia due to 21-hydroxylase deficiency,disease,GARD
Non-involuting congenital hemangioma,disease,GARD
Nonseminomatous germ cell tumor,disease,GARD
Nonspherocytic hemolytic anemia due to hexokinase deficiency,disease,GARD
Noonan syndrome 1,disease,GARD
Noonan syndrome 2,disease,GARD
Noonan syndrome 3,disease,GARD
Noonan syndrome 4,disease,GARD
Noonan syndrome 6,disease,GARD
Noonan-like syndrome with loose anagen hair,disease,GARD
Normophosphatemic familial tumoral calcinosis,disease,GARD
Norrie disease,disease,GARD
Northern epilepsy,disease,GARD
Norum disease,disease,GARD
Notalgia paresthetica,disease,GARD
Nuclear Gene-Encoded Leigh Syndrome,disease,GARD
"Nystagmus 1, congenital, X- linked",disease,GARD
"Nystagmus 3, congenital, autosomal dominant",disease,GARD
"Nystagmus, congenital motor, autosomal recessive",disease,GARD
Occipital horn syndrome,disease,GARD
Ocular cicatricial pemphigoid,disease,GARD
Oculo skeletal renal syndrome,disease,GARD
Oculo-cerebral dysplasia,disease,GARD
Oculocutaneous albinism,disease,GARD
Oculocutaneous albinism type 1B,disease,GARD
Oculocutaneous albinism type 2,disease,GARD
Oculocutaneous albinism type 3,disease,GARD
Oculodentodigital dysplasia,disease,GARD
Oculodentoosseous dysplasia recessive,disease,GARD
Oculoectodermal syndrome,disease,GARD
Oculofaciocardiodental syndrome,disease,GARD
Oculomaxillofacial dysostosis,disease,GARD
Oculopharyngeal muscular dystrophy,disease,GARD
Odonto onycho dysplasia with alopecia,disease,GARD
Odontoma dysphagia syndrome,disease,GARD
Odontomicronychial dysplasia,disease,GARD
Okamoto syndrome,disease,GARD
Oligoastrocytoma,disease,GARD
Olivopontocerebellar atrophy deafness,disease,GARD
Ollier disease,disease,GARD
Olmsted syndrome,disease,GARD
Omenn syndrome,disease,GARD
Omodysplasia 2,disease,GARD
Omphalocele cleft palate syndrome lethal,disease,GARD
Onychodystrophy-anonychia,disease,GARD
Onychotrichodysplasia and neutropenia,disease,GARD
Opitz G/BBB syndrome,disease,GARD
Opsismodysplasia,disease,GARD
Optic atrophy 1,disease,GARD
Optic atrophy 1 and deafness,disease,GARD
Optic atrophy 2,disease,GARD
Optic atrophy 5,disease,GARD
Optic atrophy 6,disease,GARD
Optic atrophy polyneuropathy deafness,disease,GARD
Oral leukoplakia,disease,GARD
Oral lichen planus,disease,GARD
Oral submucous fibrosis,disease,GARD
Ornithine transcarbamylase deficiency,disease,GARD
Ornithine translocase deficiency syndrome,disease,GARD
Orofaciodigital syndrome 1,disease,GARD
Orofaciodigital syndrome 11,disease,GARD
Orofaciodigital syndrome 2,disease,GARD
Orofaciodigital syndrome 3,disease,GARD
Orofaciodigital syndrome 5,disease,GARD
Orofaciodigital syndrome 8,disease,GARD
"Ossicular Malformations, familial",disease,GARD
Osteoarthropathy of fingers familial,disease,GARD
Osteochondritis dissecans,disease,GARD
Osteodysplasia familial Anderson type,disease,GARD
Osteodysplasty precocious of Danks Mayne and Kozlowski,disease,GARD
Osteogenesis imperfecta Levin type,disease,GARD
Osteogenesis imperfecta type I,disease,GARD
Osteogenesis imperfecta type II,disease,GARD
Osteogenesis imperfecta type III,disease,GARD
Osteogenesis imperfecta type V,disease,GARD
Osteogenesis imperfecta type VI,disease,GARD
Osteogenesis imperfecta type VII,disease,GARD
Osteoglophonic dysplasia,disease,GARD
Osteomesopyknosis,disease,GARD
Osteopathia striata cranial sclerosis,disease,GARD
Osteopenia and sparse hair,disease,GARD
Osteopetrosis autosomal dominant type 1,disease,GARD
Osteopetrosis autosomal dominant type 2,disease,GARD
Osteopetrosis autosomal recessive 2,disease,GARD
Osteopetrosis autosomal recessive 3,disease,GARD
Osteopetrosis autosomal recessive 4,disease,GARD
Osteopetrosis autosomal recessive 5,disease,GARD
Osteopetrosis autosomal recessive 7,disease,GARD
Osteopoikilosis and dacryocystitis,disease,GARD
Osteoporosis oculocutaneous hypopigmentation syndrome,disease,GARD
Osteoporosis-pseudoglioma syndrome,disease,GARD
Osteosclerosis with ichthyosis and premature ovarian failure,disease,GARD
Otodental dysplasia,disease,GARD
Otofaciocervical syndrome,disease,GARD
Oto-palato-digital syndrome type 1,disease,GARD
Ovarian carcinosarcoma,disease,GARD
Ovarian sex cord tumor with annular tubules,disease,GARD
Ovarian small cell carcinoma,disease,GARD
Pachydermoperiostosis,disease,GARD
Pachygyria,disease,GARD
Pachygyria with mental retardation and seizures,disease,GARD
"Pachygyria, frontotemporal",disease,GARD
Pachyonychia congenita,disease,GARD
Paget disease of bone,disease,GARD
"Paget disease of bone, familial",disease,GARD
PAGOD syndrome,disease,GARD
Paine syndrome,disease,GARD
Palant cleft palate syndrome,disease,GARD
Pallister W syndrome,disease,GARD
Pallister-Killian mosaic syndrome,disease,GARD
Palmer Pagon syndrome,disease,GARD
Palmoplantar keratoderma,disease,GARD
"Palmoplantar keratoderma, epidermolytic",disease,GARD
"Pancreatic cancer, childhood",disease,GARD
Panhypopituitarism X-linked,disease,GARD
Pantothenate kinase-associated neurodegeneration,disease,GARD
Papillary renal cell carcinoma,disease,GARD
Papillary thyroid carcinoma,disease,GARD
Papillon Lefevre syndrome,disease,GARD
Paragangliomas 1,disease,GARD
Paragangliomas 4,disease,GARD
"Paralysis agitans, juvenile, of Hunt",disease,GARD
Paramyotonia congenita,disease,GARD
Paraneoplastic cerebellar degeneration,disease,GARD
Parapsoriasis,disease,GARD
Paris-Trousseau thrombocytopenia,disease,GARD
Parkes Weber syndrome,disease,GARD
Parkinson disease type 9,disease,GARD
Paroxysmal cold hemoglobinuria,disease,GARD
Paroxysmal extreme pain disorder,disease,GARD
Paroxysmal nocturnal hemoglobinuria,disease,GARD
Paroxysmal ventricular fibrillation,disease,GARD
Pars planitis,disease,GARD
Parsonage Turner syndrome,disease,GARD
Partial agenesis of corpus callosum,disease,GARD
Partial atrioventricular canal,disease,GARD
Partington syndrome,disease,GARD
Passos-Bueno syndrome,disease,GARD
Patent ductus venosus,disease,GARD
Patterned dystrophy of retinal pigment epithelium,disease,GARD
Patterson pseudoleprechaunism syndrome,disease,GARD
Patulous Eustachian Tube,disease,GARD
PCDH19-related female-limited epilepsy,disease,GARD
Pearson syndrome,disease,GARD
Pediatric Crohn's disease,disease,GARD
Pediatric ulcerative colitis,disease,GARD
PEHO syndrome,disease,GARD
Pelizaeus-Merzbacher disease,disease,GARD
Pelizaeus-Merzbacher-like disease,disease,GARD
Pellagra like syndrome,disease,GARD
Pelvic dysplasia arthrogryposis of lower limbs,disease,GARD
Pendred syndrome,disease,GARD
Penoscrotal transposition,disease,GARD
Penttinen-Aula syndrome,disease,GARD
Peptidic growth factors deficiency,disease,GARD
"Periodic fever, aphthous stomatitis, pharyngitis and adenitis",disease,GARD
Periventricular heterotopia,disease,GARD
Permanent neonatal diabetes mellitus,disease,GARD
Perniosis,disease,GARD
Perry syndrome,disease,GARD
Persistence of mullerian derivatives with lymphangiectasia and postaxial polydactyly,disease,GARD
Persistent genital arousal disorder,disease,GARD
Peters plus syndrome,disease,GARD
Peyronie disease,disease,GARD
Pfeiffer Mayer syndrome,disease,GARD
Phacomatosis pigmentovascularis,disease,GARD
Phaeohyphomycosis,disease,GARD
PHAVER syndrome,disease,GARD
"Pheochromocytoma, childhood",disease,GARD
Pheochromocytoma-islet cell tumor syndrome,disease,GARD
Phosphoglycerate kinase deficiency,disease,GARD
Phosphoglycerate mutase deficiency,disease,GARD
Pierson syndrome,disease,GARD
Pigment-dispersion syndrome,disease,GARD
Pigmented purpuric eruption,disease,GARD
Pigmented villonodular synovitis,disease,GARD
Pili annulati,disease,GARD
Pili torti,disease,GARD
Pili torti developmental delay neurological abnormalities,disease,GARD
Pili torti onychodysplasia,disease,GARD
Pillay syndrome,disease,GARD
Pilocytic astrocytoma,disease,GARD
Pilodental dysplasia with refractive errors,disease,GARD
Pilomatrixoma,disease,GARD
Pineal cyst,disease,GARD
Pineocytoma,disease,GARD
Pinheiro Freire-Maia Miranda syndrome,disease,GARD
Pitt-Hopkins-like syndrome,disease,GARD
"Pituitary hormone deficiency, combined 2",disease,GARD
"Pituitary hormone deficiency, combined 3",disease,GARD
"Pituitary hormone deficiency, combined 4",disease,GARD
Pityriasis lichenoides,disease,GARD
Pityriasis lichenoides chronica,disease,GARD
Pityriasis lichenoides et varioliformis acuta,disease,GARD
Plasma cell leukemia,disease,GARD
Plasmablastic lymphoma,disease,GARD
Plasminogen activator inhibitor type 1 deficiency,disease,GARD
Platelet storage pool deficiency,disease,GARD
Platyspondylic lethal skeletal dysplasia Torrance type,disease,GARD
Poikiloderma with neutropenia,disease,GARD
Poland syndrome,disease,GARD
Polycystic lipomembranous osteodysplasia with sclerosing leukoencephalopathy,disease,GARD
Polycystic liver disease,disease,GARD
Polycystic ovarian syndrome,disease,GARD
Polyembryoma,disease,GARD
"Polyglucosan body disease, adult",disease,GARD
"Polyhydramnios, megalencephaly, and symptomatic epilepsy syndrome",disease,GARD
Polymicrogyria,disease,GARD
Polymyositis,disease,GARD
Polyneuropathy mental retardation acromicria premature menopause,disease,GARD
Pontocerebellar hypoplasia type 1,disease,GARD
Pontocerebellar hypoplasia type 2,disease,GARD
Pontocerebellar hypoplasia type 3,disease,GARD
Pontocerebellar hypoplasia type 5,disease,GARD
Pontocerebellar hypoplasia type 6,disease,GARD
Popliteal pterygium syndrome,disease,GARD
Popliteal pterygium syndrome lethal type,disease,GARD
Porencephaly,disease,GARD
Porencephaly cerebellar hypoplasia internal malformations,disease,GARD
Porokeratosis of Mibelli,disease,GARD
"Porokeratosis, disseminated superficial actinic 1",disease,GARD
"Porokeratosis, disseminated superficial actinic 2",disease,GARD
Porphyria cutanea tarda,disease,GARD
Portal hypertension,disease,GARD
Postural orthostatic tachycardia syndrome,disease,GARD
Potassium aggravated myotonia,disease,GARD
Potato nose,disease,GARD
Potocki-Lupski syndrome,disease,GARD
Potocki-Shaffer syndrome,disease,GARD
PPM-X syndrome,disease,GARD
"Prader-Willi habitus, osteopenia, and camptodactyly",disease,GARD
Preauricular sinus,disease,GARD
"Preaxial deficiency, postaxial polydactyly and hypospadias",disease,GARD
Preaxial polydactyly type 1,disease,GARD
Preaxial polydactyly type 2,disease,GARD
Preaxial polydactyly type 4,disease,GARD
"Prekallikrein deficiency, congenital",disease,GARD
Premature aging Okamoto type,disease,GARD
"Premature ovarian failure, familial",disease,GARD
"Presenile dementia, Kraepelin type",disease,GARD
Pretibial epidermolysis bullosa,disease,GARD
Priapism,disease,GARD
Prieto X-linked mental retardation syndrome,disease,GARD
Primary angiitis of the central nervous system,disease,GARD
Primary carnitine deficiency,disease,GARD
Primary central nervous system lymphoma,disease,GARD
Primary Familial Brain Calcification,disease,GARD
Primary gastrointestinal melanoma,disease,GARD
Primary hyperoxaluria type 2,disease,GARD
Primary hyperparathyroidism,disease,GARD
Primary lateral sclerosis,disease,GARD
Primary melanoma of the central nervous system,disease,GARD
Primary orthostatic hypotension,disease,GARD
Primary orthostatic tremor,disease,GARD
Primary spontaneous pneumothorax,disease,GARD
Primrose syndrome,disease,GARD
Prinzmetal's variant angina,disease,GARD
Progeroid syndrome Petty type,disease,GARD
"Progeroid syndrome, Penttinen type",disease,GARD
Progressive bulbar palsy,disease,GARD
Progressive deafness with stapes fixation,disease,GARD
"Progressive external ophthalmoplegia, autosomal recessive 1",disease,GARD
Progressive familial heart block type 1A,disease,GARD
Progressive familial intrahepatic cholestasis type 2,disease,GARD
Progressive hemifacial atrophy,disease,GARD
Progressive myoclonic epilepsy,disease,GARD
Progressive pseudorheumatoid arthropathy of childhood,disease,GARD
Progressive supranuclear palsy atypical,disease,GARD
Progressive transformation of germinal centers,disease,GARD
"Prolactinoma, familial",disease,GARD
"Prosopagnosia, hereditary",disease,GARD
Prosthetic joint infection,disease,GARD
Protein C deficiency,disease,GARD
Proteus syndrome,disease,GARD
Proteus-like syndrome,disease,GARD
Prothrombin thrombophilia,disease,GARD
Proud syndrome,disease,GARD
Proximal chromosome 18q deletion syndrome,disease,GARD
Proximal symphalangism,disease,GARD
Prurigo nodularis,disease,GARD
Pseudoachondroplasia,disease,GARD
Pseudoainhum,disease,GARD
Pseudoaminopterin syndrome,disease,GARD
Pseudoangiomatous stromal hyperplasia,disease,GARD
Pseudodiastrophic dysplasia,disease,GARD
Pseudohypoaldosteronism type 2,disease,GARD
Pseudohypoparathyroidism type 1A,disease,GARD
Pseudohypoparathyroidism type 1C,disease,GARD
Pseudohypoparathyroidism type 2,disease,GARD
Pseudopelade of Brocq,disease,GARD
Pseudoprogeria syndrome,disease,GARD
Pseudopseudohypoparathyroidism,disease,GARD
Pseudoxanthoma elasticum,disease,GARD
Psoriatic juvenile idiopathic arthritis,disease,GARD
Pterygium colli mental retardation digital anomalies,disease,GARD
Pterygium of the conjunctiva and cornea,disease,GARD
Pudendal Neuralgia,disease,GARD
Pulmonary alveolar microlithiasis,disease,GARD
Pulmonary alveolar proteinosis acquired,disease,GARD
Pulmonary arterial hypertension,disease,GARD
Pulmonary edema of mountaineers,disease,GARD
Pulmonary vein stenosis,disease,GARD
Pulmonary venous return anomaly,disease,GARD
Pulmonic stenosis,disease,GARD
Punctate inner choroidopathy,disease,GARD
Punctate palmoplantar keratoderma type 2,disease,GARD
Punctate palmoplantar keratoderma type I,disease,GARD
PURA syndrome,disease,GARD
Pure autonomic failure,disease,GARD
Purpura simplex,disease,GARD
Pustular psoriasis,disease,GARD
Pycnodysostosis,disease,GARD
Pyknoachondrogenesis,disease,GARD
Pyle disease,disease,GARD
Pyoderma gangrenosum,disease,GARD
Pyomyositis,disease,GARD
Pyridoxal 5'-phosphate-dependent epilepsy,disease,GARD
Pyridoxine-dependent epilepsy,disease,GARD
Pyruvate carboxylase deficiency,disease,GARD
Pyruvate decarboxylase deficiency,disease,GARD
Pyruvate dehydrogenase deficiency,disease,GARD
Quebec platelet disorder,disease,GARD
Quinquaud's decalvans folliculitis,disease,GARD
Rabson-Mendenhall syndrome,disease,GARD
"Radial hypoplasia, triphalangeal thumbs and hypospadias",disease,GARD
Radial ray hypoplasia choanal atresia,disease,GARD
Radio renal syndrome,disease,GARD
Radio-ulnar synostosis type 1,disease,GARD
Radio-ulnar synostosis type 2,disease,GARD
Radius absent anogenital anomalies,disease,GARD
Raine syndrome,disease,GARD
Ramos Arroyo Clark syndrome,disease,GARD
Reardon Wilson Cavanagh syndrome,disease,GARD
Recurrent hydatidiform mole,disease,GARD
Red cell phospholipid defect with hemolysis,disease,GARD
Reducing body myopathy,disease,GARD
"Refsum disease, infantile form",disease,GARD
Relapsing polychondritis,disease,GARD
Renal dysplasia diffuse cystic,disease,GARD
Renal dysplasia megalocystis sirenomelia,disease,GARD
Renal dysplasia-limb defects syndrome,disease,GARD
Renal hamartomas nephroblastomatosis and fetal gigantism,disease,GARD
Renal hypouricemia,disease,GARD
Renal nutcracker syndrome,disease,GARD
Renal oncocytoma,disease,GARD
Renal tubular acidosis with deafness,disease,GARD
"Renal tubular acidosis, distal, autosomal dominant",disease,GARD
"Renal tubular acidosis, distal, type 3",disease,GARD
Renal tubular dysgenesis,disease,GARD
"Renal tubulopathy, diabetes mellitus, and cerebellar ataxia due to duplication of mitochondrial DNA",disease,GARD
Reticular dysgenesis,disease,GARD
Reticuloendotheliosis,disease,GARD
Reticulohistiocytoma,disease,GARD
Retinal arterial macroaneurysm with supravalvular pulmonic stenosis,disease,GARD
Retinal cone dystrophy 1,disease,GARD
Retinal cone dystrophy 3A,disease,GARD
Retinal cone dystrophy 4,disease,GARD
"Retinal degeneration with nanophthalmos, cystic macular degeneration, and angle closure glaucoma",disease,GARD
Retinal vasculopathy with cerebral leukodystrophy,disease,GARD
"Retinitis pigmentosa, deafness, mental retardation, and hypogonadism",disease,GARD
Retinochoroidal coloboma,disease,GARD
Retinopathy pigmentary mental retardation,disease,GARD
Retinoschisis autosomal dominant,disease,GARD
Retinoschisis of Fovea,disease,GARD
Revesz syndrome,disease,GARD
Reynolds syndrome,disease,GARD
Rh deficiency syndrome,disease,GARD
Rhabdoid tumor,disease,GARD
Rhabdomyosarcoma alveolar,disease,GARD
Rheumatic Fever,disease,GARD
Rheumatoid nodulosis,disease,GARD
Rhizomelic chondrodysplasia punctata type 3,disease,GARD
Rhizomelic dysplasia Patterson Lowry type,disease,GARD
"Rhizomelic dysplasia, scoliosis, and retinitis pigmentosa",disease,GARD
Rhizomelic syndrome,disease,GARD
RHYNS syndrome,disease,GARD
Ribbing disease,disease,GARD
Richieri Costa Da Silva syndrome,disease,GARD
Richter syndrome,disease,GARD
Rienhoff syndrome,disease,GARD
Ring chromosome 10,disease,GARD
Ring chromosome 20,disease,GARD
Ring chromosome 8,disease,GARD
"Rippling muscle disease, 1",disease,GARD
Roberts syndrome,disease,GARD
Robinow Sorauf syndrome,disease,GARD
Robinow syndrome,disease,GARD
Roch-Leri mesosomatous lipomatosis,disease,GARD
Roifman syndrome,disease,GARD
Rommen Mueller Sybert syndrome,disease,GARD
Rotor syndrome,disease,GARD
Rowley-Rosenberg syndrome,disease,GARD
Rutherfurd syndrome,disease,GARD
Ruvalcaba syndrome,disease,GARD
Sabinas brittle hair syndrome,disease,GARD
Saccharopinuria,disease,GARD
Sacrococcygeal Teratoma,disease,GARD
Sakati syndrome,disease,GARD
Salcedo syndrome,disease,GARD
"Salivary gland cancer, adult",disease,GARD
Santos Mateus Leal syndrome,disease,GARD
SAPHO syndrome,disease,GARD
Sarcosinemia,disease,GARD
Satoyoshi syndrome,disease,GARD
Say-Field-Coldwell syndrome,disease,GARD
Scalp defects postaxial polydactyly,disease,GARD
Scalp ear nipple syndrome,disease,GARD
"Scapuloperoneal syndrome, neurogenic, Kaeser type",disease,GARD
SCARF syndrome,disease,GARD
Schimke immunoosseous dysplasia,disease,GARD
Schimke X-linked mental retardation syndrome,disease,GARD
Schindler disease type 1,disease,GARD
Schisis association,disease,GARD
Schizencephaly,disease,GARD
Schneckenbecken dysplasia,disease,GARD
Schnitzler syndrome,disease,GARD
Scholte syndrome,disease,GARD
Schwannomatosis,disease,GARD
Schwartz Jampel syndrome type 1,disease,GARD
Sclerosing mesenteritis,disease,GARD
Sclerosing mucoepidermoid carcinoma with eosinophilia,disease,GARD
SCOT deficiency,disease,GARD
Scott Bryant Graham syndrome,disease,GARD
Sea-Blue histiocytosis,disease,GARD
Secondary adrenal insufficiency,disease,GARD
Selective IgM deficiency,disease,GARD
Selig Benacerraf Greene syndrome,disease,GARD
Seminoma,disease,GARD
Sener syndrome,disease,GARD
Senior Loken Syndrome,disease,GARD
"Sensory ataxic neuropathy, dysarthria, and ophthalmoparesis",disease,GARD
Seow Najjar syndrome,disease,GARD
Septo-optic dysplasia,disease,GARD
Seres-Santamaria Arimany Muniz syndrome,disease,GARD
Serpiginous choroiditis,disease,GARD
Sertoli cell-only syndrome,disease,GARD
SeSAME syndrome,disease,GARD
Severe achondroplasia with developmental delay and acanthosis nigricans,disease,GARD
Severe combined immunodeficiency,disease,GARD
"Severe combined immunodeficiency, atypical",disease,GARD
Severe congenital neutropenia autosomal dominant,disease,GARD
Severe congenital neutropenia autosomal recessive 3,disease,GARD
Severe congenital neutropenia X-linked,disease,GARD
"Severe immunodeficiency, autosomal recessive, T-cell negative, B-cell negative, NK cell-positive",disease,GARD
Severe intellectual disability-progressive spastic diplegia syndrome,disease,GARD
Shapiro syndrome,disease,GARD
Short limb dwarf lethal Colavita Kozlowski type,disease,GARD
Short rib-polydactyly syndrome type 3,disease,GARD
Short rib-polydactyly syndrome type 4,disease,GARD
"Short stature syndrome, Brussels type",disease,GARD
SHORT syndrome,disease,GARD
Sialadenitis,disease,GARD
Sialidosis type I,disease,GARD
Sideroblastic anemia,disease,GARD
Sideroblastic anemia pyridoxine-refractory autosomal recessive,disease,GARD
Sillence syndrome,disease,GARD
Simosa cranio facial syndrome,disease,GARD
Single upper central incisor,disease,GARD
Singleton Merten syndrome,disease,GARD
Situs inversus,disease,GARD
Sjogren syndrome,disease,GARD
Sjogren-Larsson-like syndrome,disease,GARD
Skin fragility-woolly hair-palmoplantar keratoderma syndrome,disease,GARD
SLC4A1-associated distal renal tubular acidosis,disease,GARD
Small cell carcinoma of the bladder,disease,GARD
Small patella syndrome,disease,GARD
Smith McCort dysplasia,disease,GARD
Sneddon syndrome,disease,GARD
Snowflake vitreoretinal degeneration,disease,GARD
Snyder-Robinson syndrome,disease,GARD
Sonoda syndrome,disease,GARD
Sotos syndrome,disease,GARD
Spastic ataxia Charlevoix-Saguenay type,disease,GARD
Spastic diplegia cerebral palsy,disease,GARD
Spastic diplegia infantile type,disease,GARD
Spastic paraplegia 10,disease,GARD
Spastic paraplegia 11,disease,GARD
Spastic paraplegia 14,disease,GARD
Spastic paraplegia 15,disease,GARD
Spastic paraplegia 16,disease,GARD
Spastic paraplegia 17,disease,GARD
Spastic paraplegia 18,disease,GARD
Spastic paraplegia 19,disease,GARD
Spastic paraplegia 2,disease,GARD
Spastic paraplegia 26,disease,GARD
Spastic paraplegia 39,disease,GARD
Spastic paraplegia 4,disease,GARD
Spastic paraplegia 51,disease,GARD
Spastic paraplegia 5B,disease,GARD
Spastic paraplegia 6,disease,GARD
Spastic paraplegia facial cutaneous lesions,disease,GARD
Spastic paraplegia neuropathy poikiloderma,disease,GARD
Spastic quadriplegia retinitis pigmentosa mental retardation,disease,GARD
Spermatogenesis arrest,disease,GARD
Spina bifida occulta,disease,GARD
Spinal intradural arachnoid cysts,disease,GARD
Spinal muscular atrophy Ryukyuan type,disease,GARD
Spinal muscular atrophy type 1 with congenital bone fractures,disease,GARD
Spinal muscular atrophy type 3,disease,GARD
Spinal muscular atrophy with respiratory distress 1,disease,GARD
Spinocerebellar ataxia 10,disease,GARD
Spinocerebellar ataxia 11,disease,GARD
Spinocerebellar ataxia 12,disease,GARD
Spinocerebellar ataxia 13,disease,GARD
Spinocerebellar ataxia 14,disease,GARD
Spinocerebellar ataxia 15,disease,GARD
Spinocerebellar ataxia 17,disease,GARD
Spinocerebellar ataxia 2,disease,GARD
Spinocerebellar ataxia 20,disease,GARD
Spinocerebellar ataxia 21,disease,GARD
Spinocerebellar ataxia 23,disease,GARD
Spinocerebellar ataxia 26,disease,GARD
Spinocerebellar ataxia 28,disease,GARD
Spinocerebellar ataxia 3,disease,GARD
Spinocerebellar ataxia 31,disease,GARD
Spinocerebellar ataxia 34,disease,GARD
Spinocerebellar ataxia 4,disease,GARD
Spinocerebellar ataxia 40,disease,GARD
Spinocerebellar ataxia autosomal recessive 3,disease,GARD
Spinocerebellar ataxia autosomal recessive 5,disease,GARD
Spinocerebellar ataxia autosomal recessive 7,disease,GARD
Spinocerebellar ataxia autosomal recessive 8,disease,GARD
Spinocerebellar ataxia autosomal recessive with axonal neuropathy,disease,GARD
Spinocerebellar ataxia X-linked type 3,disease,GARD
Spinocerebellar degeneration and corneal dystrophy,disease,GARD
Split hand foot malformation,disease,GARD
Split hand split foot malformation autosomal recessive,disease,GARD
Split hand split foot nystagmus,disease,GARD
Split hand urinary anomalies spina bifida,disease,GARD
Split hand/foot malformation X-linked,disease,GARD
Spondylocarpotarsal synostosis syndrome,disease,GARD
Spondylocostal dysostosis 1,disease,GARD
Spondylocostal dysostosis 2,disease,GARD
Spondylocostal dysostosis 3,disease,GARD
Spondylocostal dysostosis 4,disease,GARD
Spondyloepimetaphyseal dysplasia joint laxity,disease,GARD
Spondyloepimetaphyseal dysplasia Matrilin-3 related,disease,GARD
Spondyloepimetaphyseal dysplasia Shohat type,disease,GARD
Spondyloepimetaphyseal dysplasia with multiple dislocations,disease,GARD
Spondyloepimetaphyseal dysplasia X-linked,disease,GARD
Spondyloepimetaphyseal dysplasia x-linked with mental deterioration,disease,GARD
"Spondyloepimetaphyseal dysplasia, Aggrecan type",disease,GARD
Spondyloepiphyseal dysplasia,disease,GARD
Spondyloepiphyseal dysplasia congenita,disease,GARD
Spondyloepiphyseal dysplasia Maroteaux type,disease,GARD
Spondyloepiphyseal dysplasia-brachydactyly and distinctive speech,disease,GARD
Spondylometaphyseal dysplasia Algerian type,disease,GARD
Spondylometaphyseal dysplasia corner fracture type,disease,GARD
Spondylometaphyseal dysplasia Sedaghatian type,disease,GARD
Spondylometaphyseal dysplasia type A4,disease,GARD
Spondylometaphyseal dysplasia with cone-rod dystrophy,disease,GARD
Spondylometaphyseal dysplasia with dentinogenesis imperfecta,disease,GARD
Spondylometaphyseal dysplasia X-linked,disease,GARD
Spondylospinal thoracic dysostosis,disease,GARD
Spondylothoracic dysostosis,disease,GARD
Spranger Schinzel Myers syndrome,disease,GARD
Sprengel deformity,disease,GARD
Squamous cell carcinoma,disease,GARD
Squamous cell carcinoma of the head and neck,disease,GARD
STAR syndrome,disease,GARD
Stargardt disease,disease,GARD
Stargardt macular degeneration absent or hypoplastic corpus callosum mental retardation and dysmorphic features,disease,GARD
Steatocystoma multiplex,disease,GARD
Steatocystoma multiplex with natal teeth,disease,GARD
Stenotrophomonas maltophilia infection,disease,GARD
Stevens-Johnson syndrome,disease,GARD
Stickler syndrome type 1,disease,GARD
"Stickler syndrome, type 2",disease,GARD
Stiff person syndrome,disease,GARD
STING-associated vasculopathy with onset in infancy,disease,GARD
Stomatocytosis I,disease,GARD
Stratton-Garcia-Young syndrome,disease,GARD
Striatonigral degeneration infantile,disease,GARD
Stuve-Wiedemann syndrome,disease,GARD
Subacute cerebellar degeneration,disease,GARD
Subaortic stenosis short stature syndrome,disease,GARD
Subcortical band heterotopia,disease,GARD
Succinic acidemia,disease,GARD
Succinic semialdehyde dehydrogenase deficiency,disease,GARD
Sudden sensorineural hearing loss,disease,GARD
Sulfite oxidase deficiency,disease,GARD
Summitt syndrome,disease,GARD
Supraumbilical midabdominal raphe and facial cavernous hemangiomas,disease,GARD
Swyer-James syndrome,disease,GARD
Symmetrical thalamic calcifications,disease,GARD
Symphalangism with multiple anomalies of hands and feet,disease,GARD
"Symphalangism, distal, with microdontia, dental pulp stones, and narrowed zygomatic arch",disease,GARD
Syndactyly type 3,disease,GARD
Syndactyly type 9,disease,GARD
Syndactyly-polydactyly-earlobe syndrome,disease,GARD
Syndrome of inappropriate antidiuretic hormone,disease,GARD
"Syndromic microphthalmia, type 3",disease,GARD
Syngnathia multiple anomalies,disease,GARD
"Synostoses, tarsal, carpal, and digital",disease,GARD
Synovial Chondromatosis,disease,GARD
"Synovial chondromatosis, familial with dwarfism",disease,GARD
Syringoma,disease,GARD
Systemic capillary leak syndrome,disease,GARD
Systemic scleroderma,disease,GARD
Talipes equinovarus,disease,GARD
Talonavicular coalition,disease,GARD
TAR syndrome,disease,GARD
TARP syndrome,disease,GARD
Tarsal carpal coalition syndrome,disease,GARD
Tarsal tunnel syndrome,disease,GARD
Taurodontia absent teeth sparse hair,disease,GARD
"Taurodontism, microdontia, and dens invaginatus",disease,GARD
T-cell lymphoma 1A,disease,GARD
Teebi Kaurah syndrome,disease,GARD
Teebi Naguib Al Awadi syndrome,disease,GARD
Telfer Sugar Jaeger syndrome,disease,GARD
TEMPI syndrome,disease,GARD
"Temporal epilepsy, familial",disease,GARD
Temporomandibular ankylosis,disease,GARD
Tetra-amelia syndrome,disease,GARD
Tetraamelia with ectodermal dysplasia and lacrimal duct abnormalities,disease,GARD
Tetrahydrobiopterin deficiency,disease,GARD
Tetralogy of fallot and glaucoma,disease,GARD
Tetramelic monodactyly,disease,GARD
Tetraploidy,disease,GARD
Tetrasomy X,disease,GARD
Thai symphalangism syndrome,disease,GARD
Thakker-Donnai syndrome,disease,GARD
Thalamic degeneration symmetrical infantile,disease,GARD
"Thalamic degeneration, symmetric infantile",disease,GARD
Thanatophoric dysplasia,disease,GARD
Thiamine responsive megaloblastic anemia syndrome,disease,GARD
Thin basement membrane nephropathy,disease,GARD
Thompson Baraitser syndrome,disease,GARD
Thoraco abdominal enteric duplication,disease,GARD
Thrombocytopenia with elevated serum IgA and renal disease,disease,GARD
"Thrombotic thrombocytopenic purpura, congenital",disease,GARD
"Thumb deformity, alopecia, pigmentation anomaly",disease,GARD
Thumb stiff brachydactyly mental retardation,disease,GARD
Thymic-Renal-Anal-Lung dysplasia,disease,GARD
Thyroglossal tract cyst,disease,GARD
"Thyroid cancer, follicular",disease,GARD
Thyroid hormone plasma membrane transport defect,disease,GARD
"Thyrotropin deficiency, isolated",disease,GARD
Tibia absent polydactyly arachnoid cyst,disease,GARD
Tietz syndrome,disease,GARD
Tietze syndrome,disease,GARD
Tiglic acidemia,disease,GARD
Torg Winchester syndrome,disease,GARD
Torsion dystonia with onset in infancy,disease,GARD
"Torticollis, familial",disease,GARD
"Total Hypotrichosis, Mari type",disease,GARD
Tourette syndrome,disease,GARD
Townes-Brocks syndrome,disease,GARD
Toxocariasis,disease,GARD
Tracheal agenesis,disease,GARD
Tracheobronchomalacia,disease,GARD
Tracheobronchopathia osteoplastica,disease,GARD
Tracheoesophageal fistula,disease,GARD
Tranebjaerg Svejgaard syndrome,disease,GARD
Transaldolase deficiency,disease,GARD
Transcobalamin 1 deficiency,disease,GARD
Transient bullous dermolysis of the newborn,disease,GARD
Transient erythroblastopenia of childhood,disease,GARD
Transient neonatal diabetes mellitus,disease,GARD
Transposition of the great arteries,disease,GARD
Treacher Collins syndrome 3,disease,GARD
"Tremor hereditary essential, 2",disease,GARD
"Tremors, nystagmus and duodenal ulcers",disease,GARD
Trichodental syndrome,disease,GARD
Tricho-dento-osseous syndrome,disease,GARD
Tricho-dento-osseous syndrome 1,disease,GARD
"Trichomegaly with intellectual disability, dwarfism and pigmentary degeneration of retina",disease,GARD
Trichorhinophalangeal syndrome type 1,disease,GARD
Trichorhinophalangeal syndrome type 3,disease,GARD
Trichothiodystrophy nonphotosensitive,disease,GARD
Trichothiodystrophy photosensitive,disease,GARD
Trigeminal Trophic Syndrome,disease,GARD
Trigger thumb,disease,GARD
"Trigonobrachycephaly, bulbous bifid nose, micrognathia, and abnormalities of the hands and feet",disease,GARD
Triple A syndrome,disease,GARD
Triploidy,disease,GARD
Trismus-pseudocamptodactyly syndrome,disease,GARD
Trisomy 17 mosaicism,disease,GARD
Trisomy 2 mosaicism,disease,GARD
Troyer syndrome,disease,GARD
"Tuberous sclerosis, type 1",disease,GARD
"Tuberous sclerosis, type 2",disease,GARD
Tubular aggregate myopathy,disease,GARD
Tubulointerstitial nephritis and uveitis,disease,GARD
Tucker syndrome,disease,GARD
Tukel syndrome,disease,GARD
Tumor necrosis factor receptor-associated periodic syndrome,disease,GARD
Twin twin transfusion syndrome,disease,GARD
Tylosis with esophageal cancer,disease,GARD
Type 1 plasminogen deficiency,disease,GARD
Tyrosinemia type 1,disease,GARD
Tyrosinemia type 3,disease,GARD
Uhl anomaly,disease,GARD
Ulcerative proctitis,disease,GARD
Ullrich congenital muscular dystrophy,disease,GARD
"Ulna and fibula, hypoplasia of",disease,GARD
Ulna hypoplasia with mental retardation,disease,GARD
Ulna metaphyseal dysplasia syndrome,disease,GARD
Ulnar hypoplasia lobster claw deformity of feet,disease,GARD
Ulnar-mammary syndrome,disease,GARD
Uncombable hair syndrome,disease,GARD
Unna-Thost palmoplantar keratoderma,disease,GARD
Unverricht-Lundborg disease,disease,GARD
Upington disease,disease,GARD
Urachal cancer,disease,GARD
Urachal cyst,disease,GARD
Urea cycle disorders,disease,GARD
Urocanase deficiency,disease,GARD
Uropathy distal obstructive polydactyly,disease,GARD
"Usher syndrome, type 1B",disease,GARD
"Usher syndrome, type 1C",disease,GARD
"Usher syndrome, type 1E",disease,GARD
"Usher syndrome, type 2C",disease,GARD
VACTERL association,disease,GARD
Valinemia,disease,GARD
Van Bogaert-Hozay syndrome,disease,GARD
Van Buchem disease type 2,disease,GARD
Van Den Bosch syndrome,disease,GARD
Van Regemorter Pierquin Vamos syndrome,disease,GARD
Variant Creutzfeldt-Jakob disease,disease,GARD
Varicella virus antenatal infection,disease,GARD
Vein of Galen aneurysm,disease,GARD
Ventricular extrasystoles with syncopal episodes - perodactyly - Robin sequence,disease,GARD
Verloes Bourguignon syndrome,disease,GARD
Verloove Vanhorick Brubakk syndrome,disease,GARD
Vernal keratoconjunctivitis,disease,GARD
Vertebral fusion posterior lumbosacral blepharoptosis,disease,GARD
"Vestibulocochlear dysfunction, progressive",disease,GARD
Vici syndrome,disease,GARD
Viljoen Kallis Voges syndrome,disease,GARD
Virus associated hemophagocytic syndrome,disease,GARD
Visceral steatosis,disease,GARD
Vitreoretinochoroidopathy dominant,disease,GARD
VLCAD deficiency,disease,GARD
Vocal cord dysfunction familial,disease,GARD
Vohwinkel syndrome,disease,GARD
Von Hippel-Lindau disease,disease,GARD
Waardenburg syndrome type 2,disease,GARD
Waardenburg syndrome type 2A,disease,GARD
Waardenburg syndrome type 2B,disease,GARD
Waardenburg syndrome type 3,disease,GARD
WAGR syndrome,disease,GARD
Wandering spleen,disease,GARD
Warfarin sensitivity,disease,GARD
Warfarin syndrome,disease,GARD
Warm antibody hemolytic anemia,disease,GARD
Warthin tumor,disease,GARD
WaterhouseFriderichsen syndrome,disease,GARD
Weaver syndrome,disease,GARD
Weill-Marchesani syndrome,disease,GARD
Weissenbacher-Zweymuller syndrome,disease,GARD
"Welander distal myopathy, Swedish type",disease,GARD
Wellesley Carmen French syndrome,disease,GARD
Wells-Jankovic syndrome,disease,GARD
Werner's syndrome,disease,GARD
West syndrome,disease,GARD
Westphal disease,disease,GARD
Weyers acrofacial dysostosis,disease,GARD
Weyers ulnar ray/oligodactyly syndrome,disease,GARD
"Whistling face syndrome, recessive form",disease,GARD
White sponge nevus of cannon,disease,GARD
Wiedemann Oldigs Oppermann syndrome,disease,GARD
Wiedemann-Steiner syndrome,disease,GARD
Wildervanck syndrome,disease,GARD
Wilson-Turner syndrome,disease,GARD
Wittwer syndrome,disease,GARD
Wolffian tumor,disease,GARD
Wolfram syndrome,disease,GARD
Wolman disease,disease,GARD
Woodhouse Sakati syndrome,disease,GARD
Woolly hair hypotrichosis everted lower lip and outstanding ears,disease,GARD
Woolly hair syndrome,disease,GARD
WT limb blood syndrome,disease,GARD
Wyburn Mason's syndrome,disease,GARD
Xeroderma pigmentosum type 7,disease,GARD
XK aprosencephaly,disease,GARD
X-linked adrenal hypoplasia congenita,disease,GARD
X-linked agammaglobulinemia,disease,GARD
X-linked Charcot-Marie-Tooth disease type 1,disease,GARD
X-linked Charcot-Marie-Tooth disease type 2,disease,GARD
X-linked Charcot-Marie-Tooth disease type 3,disease,GARD
X-linked Charcot-Marie-Tooth disease type 4,disease,GARD
X-linked Charcot-Marie-Tooth disease type 5,disease,GARD
X-linked congenital stationary night blindness,disease,GARD
X-linked creatine deficiency,disease,GARD
X-linked dominant scapuloperoneal myopathy,disease,GARD
X-linked hypohidrotic ectodermal dysplasia,disease,GARD
X-linked hypophosphatemia,disease,GARD
"X-linked intellectual disability, Najm type",disease,GARD
X-linked lissencephaly with abnormal genitalia,disease,GARD
X-linked lymphoproliferative syndrome,disease,GARD
X-linked lymphoproliferative syndrome 1,disease,GARD
X-linked lymphoproliferative syndrome 2,disease,GARD
X-linked magnesium deficiency with Epstein-Barr virus infection and neoplasia,disease,GARD
X-linked sideroblastic anemia,disease,GARD
X-linked thrombocytopenia,disease,GARD
X-linked visceral heterotaxy 1,disease,GARD
Yellow nail syndrome,disease,GARD
Yemenite deaf-blind hypopigmentation syndrome,disease,GARD
Yorifuji Okuno syndrome,disease,GARD
Young syndrome,disease,GARD
Zellweger spectrum,disease,GARD
Zika virus infection,disease,GARD
Zlotogora syndrome,disease,GARD
Zori Stalker Williams syndrome,disease,GARD
Zunich neuroectodermal syndrome,disease,GARD
11-beta-hydroxylase deficiency,disease,GARD
15q11.2 microdeletion,disease,GARD
15q13.3 microdeletion syndrome,disease,GARD
15q13.3 microduplication syndrome,disease,GARD
16q24.3 microdeletion syndrome,disease,GARD
17-alpha-hydroxylase deficiency,disease,GARD
17-beta hydroxysteroid dehydrogenase 3 deficiency,disease,GARD
17q23.1q23.2 microdeletion syndrome,disease,GARD
18 Hydroxylase deficiency,disease,GARD
19p13.12 microdeletion syndrome,disease,GARD
1q21.1 microdeletion syndrome,disease,GARD
1q44 microdeletion syndrome,disease,GARD
"2,4-Dienoyl-CoA reductase deficiency",disease,GARD
20p12.3 microdeletion syndrome,disease,GARD
21-hydroxylase deficiency,disease,GARD
22q11.2 deletion syndrome,disease,GARD
22q11.2 duplication syndrome,disease,GARD
22q13.3 deletion syndrome,disease,GARD
2-methyl-3-hydroxybutyric aciduria,disease,GARD
2-methylbutyryl-CoA dehydrogenase deficiency,disease,GARD
2q37 deletion syndrome,disease,GARD
3 alpha methylcrotonyl-CoA carboxylase 2 deficiency,disease,GARD
3 methylglutaconic aciduria type V,disease,GARD
3-Hydroxyisobutyric aciduria,disease,GARD
"46,XX testicular disorder of sex development",disease,GARD
47 XXX syndrome,disease,GARD
"47, XYY syndrome",disease,GARD
"48,XXYY syndrome",disease,GARD
"49,XXXXX syndrome",disease,GARD
5q- syndrome,disease,GARD
5q14.3 microdeletion syndrome,disease,GARD
8p23.1 duplication syndrome,disease,GARD
8q12 microduplication syndrome,disease,GARD
Aarskog-Scott syndrome,disease,GHR
abdominal wall defect,disease,GHR
abetalipoproteinemia,disease,GHR
acatalasemia,disease,GHR
aceruloplasminemia,disease,GHR
achondrogenesis,disease,GHR
achondroplasia,disease,GHR
achromatopsia,disease,GHR
acral peeling skin syndrome,disease,GHR
acromicric dysplasia,disease,GHR
actin-accumulation myopathy,disease,GHR
activated PI3K-delta syndrome,disease,GHR
acute promyelocytic leukemia,disease,GHR
Adams-Oliver syndrome,disease,GHR
adenine phosphoribosyltransferase deficiency,disease,GHR
adenosine deaminase deficiency,disease,GHR
adenosine monophosphate deaminase deficiency,disease,GHR
adenylosuccinate lyase deficiency,disease,GHR
adermatoglyphia,disease,GHR
adiposis dolorosa,disease,GHR
adolescent idiopathic scoliosis,disease,GHR
adult polyglucosan body disease,disease,GHR
adult-onset leukoencephalopathy with axonal spheroids and pigmented glia,disease,GHR
African iron overload,disease,GHR
age-related macular degeneration,disease,GHR
Aicardi-Goutieres syndrome,disease,GHR
Alexander disease,disease,GHR
ALG1-congenital disorder of glycosylation,disease,GHR
ALG12-congenital disorder of glycosylation,disease,GHR
ALG6-congenital disorder of glycosylation,disease,GHR
alkaptonuria,disease,GHR
Allan-Herndon-Dudley syndrome,disease,GHR
allergic asthma,disease,GHR
Alpers-Huttenlocher syndrome,disease,GHR
alpha thalassemia,disease,GHR
alpha thalassemia X-linked intellectual disability syndrome,disease,GHR
alpha-1 antitrypsin deficiency,disease,GHR
alpha-mannosidosis,disease,GHR
alpha-methylacyl-CoA racemase deficiency,disease,GHR
alternating hemiplegia of childhood,disease,GHR
alveolar capillary dysplasia with misalignment of pulmonary veins,disease,GHR
amelogenesis imperfecta,disease,GHR
aminoacylase 1 deficiency,disease,GHR
amyotrophic lateral sclerosis,disease,GHR
androgen insensitivity syndrome,disease,GHR
androgenetic alopecia,disease,GHR
anencephaly,disease,GHR
anhidrotic ectodermal dysplasia with immune deficiency,disease,GHR
aniridia,disease,GHR
ankyloblepharon-ectodermal defects-cleft lip/palate syndrome,disease,GHR
ankylosing spondylitis,disease,GHR
antiphospholipid syndrome,disease,GHR
arginase deficiency,disease,GHR
arginine:glycine amidinotransferase deficiency,disease,GHR
argininosuccinic aciduria,disease,GHR
aromatase deficiency,disease,GHR
aromatase excess syndrome,disease,GHR
aromatic l-amino acid decarboxylase deficiency,disease,GHR
arrhythmogenic right ventricular cardiomyopathy,disease,GHR
arterial tortuosity syndrome,disease,GHR
aspartylglucosaminuria,disease,GHR
asphyxiating thoracic dystrophy,disease,GHR
ataxia neuropathy spectrum,disease,GHR
ataxia with oculomotor apraxia,disease,GHR
ataxia with vitamin E deficiency,disease,GHR
ataxia-telangiectasia,disease,GHR
atelosteogenesis type 1,disease,GHR
atelosteogenesis type 2,disease,GHR
atelosteogenesis type 3,disease,GHR
atopic dermatitis,disease,GHR
atypical hemolytic-uremic syndrome,disease,GHR
auriculo-condylar syndrome,disease,GHR
autoimmune Addison disease,disease,GHR
autoimmune lymphoproliferative syndrome,disease,GHR
"autoimmune polyglandular syndrome, type 1",disease,GHR
autosomal dominant congenital stationary night blindness,disease,GHR
autosomal dominant hyper-IgE syndrome,disease,GHR
autosomal dominant hypocalcemia,disease,GHR
autosomal dominant nocturnal frontal lobe epilepsy,disease,GHR
autosomal dominant partial epilepsy with auditory features,disease,GHR
autosomal dominant vitreoretinochoroidopathy,disease,GHR
autosomal recessive axonal neuropathy with neuromyotonia,disease,GHR
autosomal recessive cerebellar ataxia type 1,disease,GHR
autosomal recessive congenital methemoglobinemia,disease,GHR
autosomal recessive congenital stationary night blindness,disease,GHR
autosomal recessive hyper-IgE syndrome,disease,GHR
autosomal recessive hypotrichosis,disease,GHR
autosomal recessive primary microcephaly,disease,GHR
autosomal recessive spastic ataxia of Charlevoix-Saguenay,disease,GHR
Axenfeld-Rieger syndrome,disease,GHR
Bannayan-Riley-Ruvalcaba syndrome,disease,GHR
Bardet-Biedl syndrome,disease,GHR
Bart-Pumphrey syndrome,disease,GHR
Barth syndrome,disease,GHR
Behet disease,disease,GHR
benign chronic pemphigus,disease,GHR
benign essential blepharospasm,disease,GHR
benign familial neonatal seizures,disease,GHR
benign recurrent intrahepatic cholestasis,disease,GHR
beta thalassemia,disease,GHR
beta-ketothiolase deficiency,disease,GHR
beta-mannosidosis,disease,GHR
beta-ureidopropionase deficiency,disease,GHR
Bietti crystalline dystrophy,disease,GHR
biotin-thiamine-responsive basal ganglia disease,disease,GHR
biotinidase deficiency,disease,GHR
Birt-Hogg-Dub syndrome,disease,GHR
Bjrnstad syndrome,disease,GHR
bladder cancer,disease,GHR
Blau syndrome,disease,GHR
"blepharophimosis, ptosis, and epicanthus inversus syndrome",disease,GHR
Bloom syndrome,disease,GHR
boomerang dysplasia,disease,GHR
Bowen-Conradi syndrome,disease,GHR
bradyopsia,disease,GHR
branchio-oculo-facial syndrome,disease,GHR
branchiootorenal/branchiootic syndrome,disease,GHR
breast cancer,disease,GHR
Brugada syndrome,disease,GHR
Buschke-Ollendorff syndrome,disease,GHR
C3 glomerulopathy,disease,GHR
Caffey disease,disease,GHR
campomelic dysplasia,disease,GHR
Cant syndrome,disease,GHR
cap myopathy,disease,GHR
capillary malformation-arteriovenous malformation syndrome,disease,GHR
carbamoyl phosphate synthetase I deficiency,disease,GHR
cardiofaciocutaneous syndrome,disease,GHR
carnitine palmitoyltransferase I deficiency,disease,GHR
carnitine palmitoyltransferase II deficiency,disease,GHR
carnitine-acylcarnitine translocase deficiency,disease,GHR
cartilage-hair hypoplasia,disease,GHR
CASK-related intellectual disability,disease,GHR
catecholaminergic polymorphic ventricular tachycardia,disease,GHR
CATSPER1-related nonsyndromic male infertility,disease,GHR
caudal regression syndrome,disease,GHR
CAV3-related distal myopathy,disease,GHR
celiac disease,disease,GHR
central core disease,disease,GHR
centronuclear myopathy,disease,GHR
cerebral autosomal dominant arteriopathy with subcortical infarcts and leukoencephalopathy,disease,GHR
cerebral autosomal recessive arteriopathy with subcortical infarcts and leukoencephalopathy,disease,GHR
cerebral cavernous malformation,disease,GHR
cerebrotendinous xanthomatosis,disease,GHR
CHARGE syndrome,disease,GHR
cherubism,disease,GHR
childhood myocerebrohepatopathy spectrum,disease,GHR
CHMP2B-related frontotemporal dementia,disease,GHR
cholesteryl ester storage disease,disease,GHR
chordoma,disease,GHR
chorea-acanthocytosis,disease,GHR
choroideremia,disease,GHR
Christianson syndrome,disease,GHR
chronic atrial and intestinal dysrhythmia,disease,GHR
chronic granulomatous disease,disease,GHR
CHST3-related skeletal dysplasia,disease,GHR
chylomicron retention disease,disease,GHR
citrullinemia,disease,GHR
cleidocranial dysplasia,disease,GHR
Clouston syndrome,disease,GHR
Coats plus syndrome,disease,GHR
Coffin-Lowry syndrome,disease,GHR
COG5-congenital disorder of glycosylation,disease,GHR
COL4A1-related brain small-vessel disease,disease,GHR
cold-induced sweating syndrome,disease,GHR
Cole disease,disease,GHR
collagen VI-related myopathy,disease,GHR
coloboma,disease,GHR
color vision deficiency,disease,GHR
combined malonic and methylmalonic aciduria,disease,GHR
combined pituitary hormone deficiency,disease,GHR
common variable immune deficiency,disease,GHR
complement component 2 deficiency,disease,GHR
complement factor I deficiency,disease,GHR
complete LCAT deficiency,disease,GHR
cone-rod dystrophy,disease,GHR
congenital adrenal hyperplasia due to 11-beta-hydroxylase deficiency,disease,GHR
congenital afibrinogenemia,disease,GHR
congenital bilateral absence of the vas deferens,disease,GHR
"congenital cataracts, facial dysmorphism, and neuropathy",disease,GHR
congenital central hypoventilation syndrome,disease,GHR
congenital contractural arachnodactyly,disease,GHR
"congenital deafness with labyrinthine aplasia, microtia, and microdontia",disease,GHR
congenital diaphragmatic hernia,disease,GHR
congenital dyserythropoietic anemia,disease,GHR
congenital fiber-type disproportion,disease,GHR
congenital fibrosis of the extraocular muscles,disease,GHR
congenital generalized lipodystrophy,disease,GHR
congenital hemidysplasia with ichthyosiform erythroderma and limb defects,disease,GHR
congenital hepatic fibrosis,disease,GHR
congenital hyperinsulinism,disease,GHR
congenital hypothyroidism,disease,GHR
congenital insensitivity to pain,disease,GHR
congenital insensitivity to pain with anhidrosis,disease,GHR
congenital leptin deficiency,disease,GHR
congenital mirror movement disorder,disease,GHR
congenital myasthenic syndrome,disease,GHR
congenital neuronal ceroid lipofuscinosis,disease,GHR
congenital plasminogen deficiency,disease,GHR
congenital stromal corneal dystrophy,disease,GHR
congenital sucrase-isomaltase deficiency,disease,GHR
core binding factor acute myeloid leukemia,disease,GHR
corticosteroid-binding globulin deficiency,disease,GHR
Costeff syndrome,disease,GHR
cranioectodermal dysplasia,disease,GHR
craniofacial microsomia,disease,GHR
craniofacial-deafness-hand syndrome,disease,GHR
craniometaphyseal dysplasia,disease,GHR
cri-du-chat syndrome,disease,GHR
critical congenital heart disease,disease,GHR
Crouzon syndrome,disease,GHR
Crouzonodermoskeletal syndrome,disease,GHR
cryptogenic cirrhosis,disease,GHR
cutis laxa,disease,GHR
cyclic neutropenia,disease,GHR
cyclic vomiting syndrome,disease,GHR
cystic fibrosis,disease,GHR
cystinosis,disease,GHR
cystinuria,disease,GHR
cytochrome c oxidase deficiency,disease,GHR
cytochrome P450 oxidoreductase deficiency,disease,GHR
cytogenetically normal acute myeloid leukemia,disease,GHR
Czech dysplasia,disease,GHR
D-bifunctional protein deficiency,disease,GHR
Dandy-Walker malformation,disease,GHR
Darier disease,disease,GHR
deafness and myopia syndrome,disease,GHR
deafness-dystonia-optic neuronopathy syndrome,disease,GHR
dentatorubral-pallidoluysian atrophy,disease,GHR
dentinogenesis imperfecta,disease,GHR
deoxyguanosine kinase deficiency,disease,GHR
dermatofibrosarcoma protuberans,disease,GHR
desmoid tumor,disease,GHR
desmosterolosis,disease,GHR
Diamond-Blackfan anemia,disease,GHR
diastrophic dysplasia,disease,GHR
DICER1 syndrome,disease,GHR
dihydrolipoamide dehydrogenase deficiency,disease,GHR
dihydropyrimidinase deficiency,disease,GHR
dihydropyrimidine dehydrogenase deficiency,disease,GHR
dilated cardiomyopathy with ataxia syndrome,disease,GHR
distal arthrogryposis type 1,disease,GHR
"distal hereditary motor neuropathy, type II",disease,GHR
"distal hereditary motor neuropathy, type V",disease,GHR
distal myopathy 2,disease,GHR
DMD-associated dilated cardiomyopathy,disease,GHR
DOLK-congenital disorder of glycosylation,disease,GHR
Donohue syndrome,disease,GHR
DOORS syndrome,disease,GHR
dopa-responsive dystonia,disease,GHR
dopamine beta-hydroxylase deficiency,disease,GHR
dopamine transporter deficiency syndrome,disease,GHR
Duane-radial ray syndrome,disease,GHR
Duchenne and Becker muscular dystrophy,disease,GHR
dyserythropoietic anemia and thrombocytopenia,disease,GHR
dyskeratosis congenita,disease,GHR
dystonia 6,disease,GHR
dystrophic epidermolysis bullosa,disease,GHR
early-onset glaucoma,disease,GHR
early-onset primary dystonia,disease,GHR
Emery-Dreifuss muscular dystrophy,disease,GHR
enlarged parietal foramina,disease,GHR
eosinophil peroxidase deficiency,disease,GHR
epidermal nevus,disease,GHR
epidermolysis bullosa simplex,disease,GHR
epidermolysis bullosa with pyloric atresia,disease,GHR
epidermolytic hyperkeratosis,disease,GHR
episodic ataxia,disease,GHR
erythrokeratodermia variabilis et progressiva,disease,GHR
erythromelalgia,disease,GHR
esophageal atresia/tracheoesophageal fistula,disease,GHR
essential pentosuria,disease,GHR
essential thrombocythemia,disease,GHR
essential tremor,disease,GHR
ethylmalonic encephalopathy,disease,GHR
facioscapulohumeral muscular dystrophy,disease,GHR
factor V deficiency,disease,GHR
factor V Leiden thrombophilia,disease,GHR
factor X deficiency,disease,GHR
factor XIII deficiency,disease,GHR
familial acute myeloid leukemia with mutated CEBPA,disease,GHR
familial adenomatous polyposis,disease,GHR
familial atrial fibrillation,disease,GHR
familial cold autoinflammatory syndrome,disease,GHR
familial cylindromatosis,disease,GHR
familial dilated cardiomyopathy,disease,GHR
familial dysautonomia,disease,GHR
familial encephalopathy with neuroserpin inclusion bodies,disease,GHR
familial erythrocytosis,disease,GHR
familial exudative vitreoretinopathy,disease,GHR
familial glucocorticoid deficiency,disease,GHR
familial HDL deficiency,disease,GHR
familial hemiplegic migraine,disease,GHR
familial hemophagocytic lymphohistiocytosis,disease,GHR
familial hyperaldosteronism,disease,GHR
familial hypertrophic cardiomyopathy,disease,GHR
familial hypobetalipoproteinemia,disease,GHR
familial idiopathic basal ganglia calcification,disease,GHR
familial isolated hyperparathyroidism,disease,GHR
familial isolated pituitary adenoma,disease,GHR
familial lipoprotein lipase deficiency,disease,GHR
familial male-limited precocious puberty,disease,GHR
familial Mediterranean fever,disease,GHR
familial osteochondritis dissecans,disease,GHR
familial paroxysmal kinesigenic dyskinesia,disease,GHR
familial paroxysmal nonkinesigenic dyskinesia,disease,GHR
familial pityriasis rubra pilaris,disease,GHR
familial porencephaly,disease,GHR
familial restrictive cardiomyopathy,disease,GHR
familial thoracic aortic aneurysm and dissection,disease,GHR
Farber lipogranulomatosis,disease,GHR
fatty acid hydroxylase-associated neurodegeneration,disease,GHR
fibrochondrogenesis,disease,GHR
fibrodysplasia ossificans progressiva,disease,GHR
fibronectin glomerulopathy,disease,GHR
fish-eye disease,disease,GHR
focal dermal hypoplasia,disease,GHR
FOXG1 syndrome,disease,GHR
fragile X syndrome,disease,GHR
fragile X-associated primary ovarian insufficiency,disease,GHR
fragile X-associated tremor/ataxia syndrome,disease,GHR
fragile XE syndrome,disease,GHR
Fraser syndrome,disease,GHR
Frasier syndrome,disease,GHR
Freeman-Sheldon syndrome,disease,GHR
frontometaphyseal dysplasia,disease,GHR
frontonasal dysplasia,disease,GHR
frontotemporal dementia with parkinsonism-17,disease,GHR
Fuchs endothelial dystrophy,disease,GHR
fucosidosis,disease,GHR
Fukuyama congenital muscular dystrophy,disease,GHR
fumarase deficiency,disease,GHR
galactosemia,disease,GHR
galactosialidosis,disease,GHR
gastrointestinal stromal tumor,disease,GHR
geleophysic dysplasia,disease,GHR
generalized arterial calcification of infancy,disease,GHR
genitopatellar syndrome,disease,GHR
Ghosal hematodiaphyseal dysplasia,disease,GHR
giant axonal neuropathy,disease,GHR
giant congenital melanocytic nevus,disease,GHR
Gillespie syndrome,disease,GHR
Gitelman syndrome,disease,GHR
globozoospermia,disease,GHR
glucose phosphate isomerase deficiency,disease,GHR
glucose-6-phosphate dehydrogenase deficiency,disease,GHR
glucose-galactose malabsorption,disease,GHR
GLUT1 deficiency syndrome,disease,GHR
glutamate formiminotransferase deficiency,disease,GHR
glutaric acidemia type I,disease,GHR
glutaric acidemia type II,disease,GHR
glutathione synthetase deficiency,disease,GHR
glycine encephalopathy,disease,GHR
glycogen storage disease type 0,disease,GHR
glycogen storage disease type I,disease,GHR
glycogen storage disease type III,disease,GHR
glycogen storage disease type IV,disease,GHR
glycogen storage disease type IX,disease,GHR
glycogen storage disease type V,disease,GHR
glycogen storage disease type VI,disease,GHR
glycogen storage disease type VII,disease,GHR
"GM2-gangliosidosis, AB variant",disease,GHR
GM3 synthase deficiency,disease,GHR
gnathodiaphyseal dysplasia,disease,GHR
Gorlin syndrome,disease,GHR
granulomatosis with polyangiitis,disease,GHR
gray platelet syndrome,disease,GHR
Greenberg dysplasia,disease,GHR
GRN-related frontotemporal dementia,disease,GHR
guanidinoacetate methyltransferase deficiency,disease,GHR
gyrate atrophy of the choroid and retina,disease,GHR
Hajdu-Cheney syndrome,disease,GHR
hand-foot-genital syndrome,disease,GHR
harlequin ichthyosis,disease,GHR
Hashimoto thyroiditis,disease,GHR
head and neck squamous cell carcinoma,disease,GHR
hemophilia,disease,GHR
hepatic lipase deficiency,disease,GHR
hepatic veno-occlusive disease with immunodeficiency,disease,GHR
hereditary angioedema,disease,GHR
"hereditary angiopathy with nephropathy, aneurysms, and muscle cramps syndrome",disease,GHR
hereditary antithrombin deficiency,disease,GHR
hereditary cerebral amyloid angiopathy,disease,GHR
hereditary diffuse gastric cancer,disease,GHR
hereditary folate malabsorption,disease,GHR
hereditary fructose intolerance,disease,GHR
hereditary hemochromatosis,disease,GHR
hereditary hemorrhagic telangiectasia,disease,GHR
hereditary hyperekplexia,disease,GHR
hereditary hypophosphatemic rickets,disease,GHR
hereditary leiomyomatosis and renal cell cancer,disease,GHR
hereditary multiple osteochondromas,disease,GHR
hereditary myopathy with early respiratory failure,disease,GHR
hereditary neuralgic amyotrophy,disease,GHR
hereditary neuropathy with liability to pressure palsies,disease,GHR
hereditary pancreatitis,disease,GHR
hereditary paraganglioma-pheochromocytoma,disease,GHR
hereditary sensory and autonomic neuropathy type IE,disease,GHR
hereditary sensory and autonomic neuropathy type II,disease,GHR
hereditary sensory and autonomic neuropathy type V,disease,GHR
hereditary sensory neuropathy type IA,disease,GHR
hereditary spherocytosis,disease,GHR
hereditary xanthinuria,disease,GHR
heterotaxy syndrome,disease,GHR
hidradenitis suppurativa,disease,GHR
Hirschsprung disease,disease,GHR
histidinemia,disease,GHR
histiocytosis-lymphadenopathy plus syndrome,disease,GHR
holocarboxylase synthetase deficiency,disease,GHR
homocystinuria,disease,GHR
horizontal gaze palsy with progressive scoliosis,disease,GHR
Huntington disease-like syndrome,disease,GHR
Hutchinson-Gilford progeria syndrome,disease,GHR
hypercholesterolemia,disease,GHR
hyperferritinemia-cataract syndrome,disease,GHR
hyperkalemic periodic paralysis,disease,GHR
hyperlysinemia,disease,GHR
"hypermanganesemia with dystonia, polycythemia, and cirrhosis",disease,GHR
hypermethioninemia,disease,GHR
hyperparathyroidism-jaw tumor syndrome,disease,GHR
hyperphosphatemic familial tumoral calcinosis,disease,GHR
hyperprolinemia,disease,GHR
hypochondrogenesis,disease,GHR
hypochondroplasia,disease,GHR
hypochromic microcytic anemia with iron overload,disease,GHR
hypohidrotic ectodermal dysplasia,disease,GHR
hypokalemic periodic paralysis,disease,GHR
hypomagnesemia with secondary hypocalcemia,disease,GHR
hypomyelination and congenital cataract,disease,GHR
hypophosphatasia,disease,GHR
hystrix-like ichthyosis with deafness,disease,GHR
ichthyosis with confetti,disease,GHR
idiopathic inflammatory myopathy,disease,GHR
idiopathic pulmonary fibrosis,disease,GHR
Imerslund-Grsbeck syndrome,disease,GHR
"immune dysregulation, polyendocrinopathy, enteropathy, X-linked syndrome",disease,GHR
inclusion body myopathy 2,disease,GHR
inclusion body myopathy with early-onset Paget disease and frontotemporal dementia,disease,GHR
incontinentia pigmenti,disease,GHR
infantile neuroaxonal dystrophy,disease,GHR
infantile neuronal ceroid lipofuscinosis,disease,GHR
infantile systemic hyalinosis,disease,GHR
infantile-onset ascending hereditary spastic paralysis,disease,GHR
infantile-onset spinocerebellar ataxia,disease,GHR
inherited thyroxine-binding globulin deficiency,disease,GHR
intestinal pseudo-obstruction,disease,GHR
intrahepatic cholestasis of pregnancy,disease,GHR
intranuclear rod myopathy,disease,GHR
"intrauterine growth restriction, metaphyseal dysplasia, adrenal hypoplasia congenita, and genital anomalies",disease,GHR
IRAK-4 deficiency,disease,GHR
iron-refractory iron deficiency anemia,disease,GHR
isobutyryl-CoA dehydrogenase deficiency,disease,GHR
isodicentric chromosome 15 syndrome,disease,GHR
isolated Duane retraction syndrome,disease,GHR
isolated ectopia lentis,disease,GHR
isolated growth hormone deficiency,disease,GHR
isolated lissencephaly sequence,disease,GHR
isolated Pierre Robin sequence,disease,GHR
isovaleric acidemia,disease,GHR
Jackson-Weiss syndrome,disease,GHR
Jacobsen syndrome,disease,GHR
Jervell and Lange-Nielsen syndrome,disease,GHR
junctional epidermolysis bullosa,disease,GHR
juvenile Batten disease,disease,GHR
juvenile hyaline fibromatosis,disease,GHR
juvenile idiopathic arthritis,disease,GHR
juvenile myoclonic epilepsy,disease,GHR
juvenile Paget disease,disease,GHR
juvenile polyposis syndrome,disease,GHR
juvenile primary lateral sclerosis,disease,GHR
juvenile primary osteoporosis,disease,GHR
Kabuki syndrome,disease,GHR
Kearns-Sayre syndrome,disease,GHR
keratitis-ichthyosis-deafness syndrome,disease,GHR
keratoderma with woolly hair,disease,GHR
Klippel-Feil syndrome,disease,GHR
Kniest dysplasia,disease,GHR
Knobloch syndrome,disease,GHR
Koolen-de Vries syndrome,disease,GHR
Kufs disease,disease,GHR
Kuskokwim syndrome,disease,GHR
lacrimo-auriculo-dento-digital syndrome,disease,GHR
lactate dehydrogenase deficiency,disease,GHR
lactose intolerance,disease,GHR
Lafora progressive myoclonus epilepsy,disease,GHR
LAMA2-related muscular dystrophy,disease,GHR
lamellar ichthyosis,disease,GHR
Langer-Giedion syndrome,disease,GHR
laryngo-onycho-cutaneous syndrome,disease,GHR
late-infantile neuronal ceroid lipofuscinosis,disease,GHR
lattice corneal dystrophy type I,disease,GHR
lattice corneal dystrophy type II,disease,GHR
Leber congenital amaurosis,disease,GHR
Legg-Calv-Perthes disease,disease,GHR
Leigh syndrome,disease,GHR
leptin receptor deficiency,disease,GHR
leukocyte adhesion deficiency type 1,disease,GHR
leukoencephalopathy with brainstem and spinal cord involvement and lactate elevation,disease,GHR
leukoencephalopathy with vanishing white matter,disease,GHR
Leydig cell hypoplasia,disease,GHR
Li-Fraumeni syndrome,disease,GHR
limb-girdle muscular dystrophy,disease,GHR
lissencephaly with cerebellar hypoplasia,disease,GHR
long-chain 3-hydroxyacyl-CoA dehydrogenase deficiency,disease,GHR
Lowe syndrome,disease,GHR
lung cancer,disease,GHR
lymphangioleiomyomatosis,disease,GHR
lymphedema-distichiasis syndrome,disease,GHR
lysinuric protein intolerance,disease,GHR
Mabry syndrome,disease,GHR
Mainzer-Saldino syndrome,disease,GHR
mal de Meleda,disease,GHR
malignant hyperthermia,disease,GHR
malignant migrating partial seizures of infancy,disease,GHR
malonyl-CoA decarboxylase deficiency,disease,GHR
mandibuloacral dysplasia,disease,GHR
mandibulofacial dysostosis with microcephaly,disease,GHR
Manitoba oculotrichoanal syndrome,disease,GHR
mannose-binding lectin deficiency,disease,GHR
maple syrup urine disease,disease,GHR
Marinesco-Sjgren syndrome,disease,GHR
maternally inherited diabetes and deafness,disease,GHR
Mayer-Rokitansky-Kster-Hauser syndrome,disease,GHR
McKusick-Kaufman syndrome,disease,GHR
McLeod neuroacanthocytosis syndrome,disease,GHR
Meckel syndrome,disease,GHR
MECP2-related severe neonatal encephalopathy,disease,GHR
medium-chain acyl-CoA dehydrogenase deficiency,disease,GHR
medullary cystic kidney disease type 1,disease,GHR
megalencephalic leukoencephalopathy with subcortical cysts,disease,GHR
megalencephaly-capillary malformation syndrome,disease,GHR
MEGDEL syndrome,disease,GHR
Meier-Gorlin syndrome,disease,GHR
Meige disease,disease,GHR
Melnick-Needles syndrome,disease,GHR
metachromatic leukodystrophy,disease,GHR
metatropic dysplasia,disease,GHR
"methemoglobinemia, beta-globin type",disease,GHR
methylmalonic acidemia,disease,GHR
methylmalonic acidemia with homocystinuria,disease,GHR
mevalonate kinase deficiency,disease,GHR
microcephalic osteodysplastic primordial dwarfism type II,disease,GHR
microcephaly-capillary malformation syndrome,disease,GHR
microphthalmia,disease,GHR
microphthalmia with linear skin defects syndrome,disease,GHR
microvillus inclusion disease,disease,GHR
mitochondrial complex III deficiency,disease,GHR
"mitochondrial encephalomyopathy, lactic acidosis, and stroke-like episodes",disease,GHR
mitochondrial membrane protein-associated neurodegeneration,disease,GHR
mitochondrial neurogastrointestinal encephalopathy disease,disease,GHR
mitochondrial trifunctional protein deficiency,disease,GHR
Miyoshi myopathy,disease,GHR
molybdenum cofactor deficiency,disease,GHR
monilethrix,disease,GHR
moyamoya disease,disease,GHR
MPV17-related hepatocerebral mitochondrial DNA depletion syndrome,disease,GHR
mucolipidosis II alpha/beta,disease,GHR
mucolipidosis III alpha/beta,disease,GHR
mucolipidosis III gamma,disease,GHR
mucolipidosis type IV,disease,GHR
mucopolysaccharidosis type I,disease,GHR
mucopolysaccharidosis type II,disease,GHR
mucopolysaccharidosis type III,disease,GHR
mucopolysaccharidosis type IV,disease,GHR
mucopolysaccharidosis type VI,disease,GHR
mucopolysaccharidosis type VII,disease,GHR
Muenke syndrome,disease,GHR
"multicentric osteolysis, nodulosis, and arthropathy",disease,GHR
multiminicore disease,disease,GHR
multiple cutaneous and mucosal venous malformations,disease,GHR
multiple endocrine neoplasia,disease,GHR
multiple epiphyseal dysplasia,disease,GHR
multiple familial trichoepithelioma,disease,GHR
multiple lentigines syndrome,disease,GHR
multiple mitochondrial dysfunctions syndrome,disease,GHR
multiple pterygium syndrome,disease,GHR
multiple sclerosis,disease,GHR
multiple sulfatase deficiency,disease,GHR
multiple system atrophy,disease,GHR
myasthenia gravis,disease,GHR
mycosis fungoides,disease,GHR
MyD88 deficiency,disease,GHR
MYH9-related disorder,disease,GHR
myoclonic epilepsy myopathy sensory ataxia,disease,GHR
myoclonic epilepsy with ragged-red fibers,disease,GHR
myoclonus-dystonia,disease,GHR
myofibrillar myopathy,disease,GHR
myopathy with deficiency of iron-sulfur cluster assembly enzyme,disease,GHR
myosin storage myopathy,disease,GHR
myostatin-related muscle hypertrophy,disease,GHR
myotonia congenita,disease,GHR
myotonic dystrophy,disease,GHR
N-acetylglutamate synthase deficiency,disease,GHR
Naegeli-Franceschetti-Jadassohn syndrome/dermatopathia pigmentosa reticularis,disease,GHR
Nager syndrome,disease,GHR
nail-patella syndrome,disease,GHR
Nakajo-Nishimura syndrome,disease,GHR
narcolepsy,disease,GHR
nemaline myopathy,disease,GHR
neonatal onset multisystem inflammatory disease,disease,GHR
nephrogenic diabetes insipidus,disease,GHR
nephronophthisis,disease,GHR
Netherton syndrome,disease,GHR
neuroblastoma,disease,GHR
neuroferritinopathy,disease,GHR
neurofibromatosis type 1,disease,GHR
neurofibromatosis type 2,disease,GHR
neurohypophyseal diabetes insipidus,disease,GHR
neuromyelitis optica,disease,GHR
"neuropathy, ataxia, and retinitis pigmentosa",disease,GHR
neutral lipid storage disease with myopathy,disease,GHR
nonbullous congenital ichthyosiform erythroderma,disease,GHR
nonsyndromic aplasia cutis congenita,disease,GHR
nonsyndromic hearing loss,disease,GHR
nonsyndromic holoprosencephaly,disease,GHR
nonsyndromic paraganglioma,disease,GHR
North American Indian childhood cirrhosis,disease,GHR
Ochoa syndrome,disease,GHR
ocular albinism,disease,GHR
oculocutaneous albinism,disease,GHR
oculodentodigital dysplasia,disease,GHR
oculofaciocardiodental syndrome,disease,GHR
oculopharyngeal muscular dystrophy,disease,GHR
"Ohdo syndrome, Maat-Kievit-Brunner type",disease,GHR
"Ohdo syndrome, Say-Barber-Biesecker-Young-Simpson variant",disease,GHR
ophthalmo-acromelic syndrome,disease,GHR
optic atrophy type 1,disease,GHR
oral-facial-digital syndrome,disease,GHR
ornithine transcarbamylase deficiency,disease,GHR
ornithine translocase deficiency,disease,GHR
osteogenesis imperfecta,disease,GHR
osteoglophonic dysplasia,disease,GHR
osteopetrosis,disease,GHR
osteoporosis-pseudoglioma syndrome,disease,GHR
otopalatodigital syndrome type 1,disease,GHR
otopalatodigital syndrome type 2,disease,GHR
otospondylomegaepiphyseal dysplasia,disease,GHR
ovarian cancer,disease,GHR
pachyonychia congenita,disease,GHR
Pallister-Hall syndrome,disease,GHR
palmoplantar keratoderma with deafness,disease,GHR
pantothenate kinase-associated neurodegeneration,disease,GHR
paramyotonia congenita,disease,GHR
paroxysmal extreme pain disorder,disease,GHR
paroxysmal nocturnal hemoglobinuria,disease,GHR
PDGFRA-associated chronic eosinophilic leukemia,disease,GHR
PDGFRB-associated chronic eosinophilic leukemia,disease,GHR
Pearson marrow-pancreas syndrome,disease,GHR
periventricular heterotopia,disease,GHR
permanent neonatal diabetes mellitus,disease,GHR
peroxisomal acyl-CoA oxidase deficiency,disease,GHR
Perrault syndrome,disease,GHR
persistent Mllerian duct syndrome,disease,GHR
Pfeiffer syndrome,disease,GHR
phenylketonuria,disease,GHR
phosphoglycerate dehydrogenase deficiency,disease,GHR
phosphoglycerate kinase deficiency,disease,GHR
phosphoglycerate mutase deficiency,disease,GHR
phosphoribosylpyrophosphate synthetase superactivity,disease,GHR
piebaldism,disease,GHR
pilomatricoma,disease,GHR
Pitt-Hopkins syndrome,disease,GHR
"platyspondylic lethal skeletal dysplasia, Torrance type",disease,GHR
PMM2-congenital disorder of glycosylation,disease,GHR
Pol III-related leukodystrophy,disease,GHR
polycystic kidney disease,disease,GHR
polycystic lipomembranous osteodysplasia with sclerosing leukoencephalopathy,disease,GHR
polycythemia vera,disease,GHR
polymicrogyria,disease,GHR
Pompe disease,disease,GHR
pontocerebellar hypoplasia,disease,GHR
popliteal pterygium syndrome,disease,GHR
porphyria,disease,GHR
potassium-aggravated myotonia,disease,GHR
preeclampsia,disease,GHR
prekallikrein deficiency,disease,GHR
PRICKLE1-related progressive myoclonus epilepsy with ataxia,disease,GHR
primary carnitine deficiency,disease,GHR
primary ciliary dyskinesia,disease,GHR
primary hyperoxaluria,disease,GHR
primary macronodular adrenal hyperplasia,disease,GHR
primary myelofibrosis,disease,GHR
primary sclerosing cholangitis,disease,GHR
primary spontaneous pneumothorax,disease,GHR
prion disease,disease,GHR
progressive external ophthalmoplegia,disease,GHR
progressive familial heart block,disease,GHR
progressive familial intrahepatic cholestasis,disease,GHR
progressive osseous heteroplasia,disease,GHR
progressive pseudorheumatoid dysplasia,disease,GHR
progressive supranuclear palsy,disease,GHR
prolidase deficiency,disease,GHR
proopiomelanocortin deficiency,disease,GHR
propionic acidemia,disease,GHR
prostate cancer,disease,GHR
protein C deficiency,disease,GHR
protein S deficiency,disease,GHR
prothrombin deficiency,disease,GHR
prothrombin thrombophilia,disease,GHR
pseudoachondroplasia,disease,GHR
pseudocholinesterase deficiency,disease,GHR
pseudohypoaldosteronism type 1,disease,GHR
pseudohypoaldosteronism type 2,disease,GHR
pseudoxanthoma elasticum,disease,GHR
psoriatic arthritis,disease,GHR
pulmonary alveolar microlithiasis,disease,GHR
pulmonary arterial hypertension,disease,GHR
pulmonary veno-occlusive disease,disease,GHR
purine nucleoside phosphorylase deficiency,disease,GHR
pyridoxal 5'-phosphate-dependent epilepsy,disease,GHR
pyridoxine-dependent epilepsy,disease,GHR
pyruvate carboxylase deficiency,disease,GHR
pyruvate dehydrogenase deficiency,disease,GHR
pyruvate kinase deficiency,disease,GHR
RAPADILINO syndrome,disease,GHR
rapid-onset dystonia parkinsonism,disease,GHR
recombinant 8 syndrome,disease,GHR
recurrent hydatidiform mole,disease,GHR
Refsum disease,disease,GHR
REN-related kidney disease,disease,GHR
renal coloboma syndrome,disease,GHR
renal hypouricemia,disease,GHR
renal tubular acidosis with deafness,disease,GHR
renal tubular dysgenesis,disease,GHR
Renpenning syndrome,disease,GHR
restless legs syndrome,disease,GHR
retinal arterial macroaneurysm with supravalvular pulmonic stenosis,disease,GHR
retinitis pigmentosa,disease,GHR
retinoblastoma,disease,GHR
retroperitoneal fibrosis,disease,GHR
rheumatoid arthritis,disease,GHR
rhizomelic chondrodysplasia punctata,disease,GHR
ring chromosome 14 syndrome,disease,GHR
ring chromosome 20 syndrome,disease,GHR
rippling muscle disease,disease,GHR
Romano-Ward syndrome,disease,GHR
Rothmund-Thomson syndrome,disease,GHR
SADDAN,disease,GHR
Saethre-Chotzen syndrome,disease,GHR
Salih myopathy,disease,GHR
Sandhoff disease,disease,GHR
Schimke immuno-osseous dysplasia,disease,GHR
Schindler disease,disease,GHR
Schinzel-Giedion syndrome,disease,GHR
Schwartz-Jampel syndrome,disease,GHR
Senior-Lken syndrome,disease,GHR
sensorineural deafness and male infertility,disease,GHR
sepiapterin reductase deficiency,disease,GHR
septo-optic dysplasia,disease,GHR
severe congenital neutropenia,disease,GHR
Sheldon-Hall syndrome,disease,GHR
short QT syndrome,disease,GHR
"short stature, hyperextensibility, hernia, ocular depression, Rieger anomaly, and teething delay",disease,GHR
short-chain acyl-CoA dehydrogenase deficiency,disease,GHR
Shprintzen-Goldberg syndrome,disease,GHR
Shwachman-Diamond syndrome,disease,GHR
sialic acid storage disease,disease,GHR
sialidosis,disease,GHR
sialuria,disease,GHR
sick sinus syndrome,disease,GHR
sickle cell disease,disease,GHR
Silver syndrome,disease,GHR
Simpson-Golabi-Behmel syndrome,disease,GHR
sitosterolemia,disease,GHR
Sjgren-Larsson syndrome,disease,GHR
small fiber neuropathy,disease,GHR
Smith-Lemli-Opitz syndrome,disease,GHR
Smith-Magenis syndrome,disease,GHR
SOST-related sclerosing bone dysplasia,disease,GHR
SOX2 anophthalmia syndrome,disease,GHR
spastic paraplegia type 11,disease,GHR
spastic paraplegia type 15,disease,GHR
spastic paraplegia type 2,disease,GHR
spastic paraplegia type 31,disease,GHR
spastic paraplegia type 3A,disease,GHR
spastic paraplegia type 4,disease,GHR
spastic paraplegia type 7,disease,GHR
spastic paraplegia type 8,disease,GHR
spina bifida,disease,GHR
spinal and bulbar muscular atrophy,disease,GHR
spinal muscular atrophy,disease,GHR
spinal muscular atrophy with progressive myoclonic epilepsy,disease,GHR
spinal muscular atrophy with respiratory distress type 1,disease,GHR
spinocerebellar ataxia type 1,disease,GHR
spinocerebellar ataxia type 2,disease,GHR
spinocerebellar ataxia type 3,disease,GHR
spinocerebellar ataxia type 36,disease,GHR
spinocerebellar ataxia type 6,disease,GHR
spondylocarpotarsal synostosis syndrome,disease,GHR
spondylocostal dysostosis,disease,GHR
spondyloenchondrodysplasia with immune dysregulation,disease,GHR
"spondyloepimetaphyseal dysplasia, Strudwick type",disease,GHR
spondyloepiphyseal dysplasia congenita,disease,GHR
spondyloperipheral dysplasia,disease,GHR
spondylothoracic dysostosis,disease,GHR
sporadic hemiplegic migraine,disease,GHR
Stargardt macular degeneration,disease,GHR
steatocystoma multiplex,disease,GHR
Stevens-Johnson syndrome/toxic epidermal necrolysis,disease,GHR
Stickler syndrome,disease,GHR
Stormorken syndrome,disease,GHR
Stve-Wiedemann syndrome,disease,GHR
succinate-CoA ligase deficiency,disease,GHR
succinic semialdehyde dehydrogenase deficiency,disease,GHR
succinyl-CoA:3-ketoacid CoA transferase deficiency,disease,GHR
sudden infant death with dysgenesis of the testes syndrome,disease,GHR
supravalvular aortic stenosis,disease,GHR
surfactant dysfunction,disease,GHR
Swyer syndrome,disease,GHR
SYNGAP1-related intellectual disability,disease,GHR
systemic lupus erythematosus,disease,GHR
systemic scleroderma,disease,GHR
"T-cell immunodeficiency, congenital alopecia, and nail dystrophy",disease,GHR
Tangier disease,disease,GHR
tarsal-carpal coalition syndrome,disease,GHR
task-specific focal dystonia,disease,GHR
tetra-amelia syndrome,disease,GHR
tetrahydrobiopterin deficiency,disease,GHR
tetrasomy 18p,disease,GHR
thanatophoric dysplasia,disease,GHR
thiamine-responsive megaloblastic anemia syndrome,disease,GHR
thiopurine S-methyltransferase deficiency,disease,GHR
thrombocytopenia-absent radius syndrome,disease,GHR
thrombotic thrombocytopenic purpura,disease,GHR
tibial muscular dystrophy,disease,GHR
Timothy syndrome,disease,GHR
"TK2-related mitochondrial DNA depletion syndrome, myopathic form",disease,GHR
Townes-Brocks Syndrome,disease,GHR
transthyretin amyloidosis,disease,GHR
trichohepatoenteric syndrome,disease,GHR
trichothiodystrophy,disease,GHR
trimethylaminuria,disease,GHR
triosephosphate isomerase deficiency,disease,GHR
triple A syndrome,disease,GHR
triple X syndrome,disease,GHR
trisomy 13,disease,GHR
trisomy 18,disease,GHR
tuberous sclerosis complex,disease,GHR
tubular aggregate myopathy,disease,GHR
tumor necrosis factor receptor-associated periodic syndrome,disease,GHR
type 1 diabetes,disease,GHR
type A insulin resistance syndrome,disease,GHR
tyrosine hydroxylase deficiency,disease,GHR
tyrosinemia,disease,GHR
ulcerative colitis,disease,GHR
uromodulin-associated kidney disease,disease,GHR
Usher syndrome,disease,GHR
UV-sensitive syndrome,disease,GHR
van der Woude syndrome,disease,GHR
very long-chain acyl-CoA dehydrogenase deficiency,disease,GHR
vitamin D-dependent rickets,disease,GHR
vitelliform macular dystrophy,disease,GHR
vitiligo,disease,GHR
VLDLR-associated cerebellar hypoplasia,disease,GHR
von Hippel-Lindau syndrome,disease,GHR
von Willebrand disease,disease,GHR
Wagner syndrome,disease,GHR
Waldenstrm macroglobulinemia,disease,GHR
Walker-Warburg syndrome,disease,GHR
warfarin resistance,disease,GHR
warfarin sensitivity,disease,GHR
Warsaw breakage syndrome,disease,GHR
Weissenbacher-Zweymller syndrome,disease,GHR
Werner syndrome,disease,GHR
white sponge nevus,disease,GHR
Winchester syndrome,disease,GHR
Wiskott-Aldrich syndrome,disease,GHR
Wolf-Hirschhorn syndrome,disease,GHR
X-linked adrenoleukodystrophy,disease,GHR
X-linked chondrodysplasia punctata 1,disease,GHR
X-linked chondrodysplasia punctata 2,disease,GHR
X-linked dystonia-parkinsonism,disease,GHR
X-linked hyper IgM syndrome,disease,GHR
"X-linked immunodeficiency with magnesium defect, Epstein-Barr virus infection, and neoplasia",disease,GHR
X-linked infantile nystagmus,disease,GHR
X-linked infantile spasm syndrome,disease,GHR
"X-linked intellectual disability, Siderius type",disease,GHR
X-linked juvenile retinoschisis,disease,GHR
X-linked lymphoproliferative disease,disease,GHR
X-linked myotubular myopathy,disease,GHR
X-linked severe combined immunodeficiency,disease,GHR
X-linked sideroblastic anemia and ataxia,disease,GHR
X-linked spondyloepiphyseal dysplasia tarda,disease,GHR
xeroderma pigmentosum,disease,GHR
Y chromosome infertility,disease,GHR
ZAP70-related severe combined immunodeficiency,disease,GHR
Zellweger spectrum disorder,disease,GHR
15q13.3 microdeletion,disease,GHR
15q24 microdeletion,disease,GHR
16p11.2 deletion syndrome,disease,GHR
"17 alpha-hydroxylase/17,20-lyase deficiency",disease,GHR
18q deletion syndrome,disease,GHR
1p36 deletion syndrome,disease,GHR
1q21.1 microdeletion,disease,GHR
2-hydroxyglutaric aciduria,disease,GHR
22q11.2 duplication,disease,GHR
3-beta-hydroxysteroid dehydrogenase deficiency,disease,GHR
3-hydroxy-3-methylglutaryl-CoA lyase deficiency,disease,GHR
3-hydroxyacyl-CoA dehydrogenase deficiency,disease,GHR
3-M syndrome,disease,GHR
3-methylcrotonyl-CoA carboxylase deficiency,disease,GHR
3-methylglutaconyl-CoA hydratase deficiency,disease,GHR
3MC syndrome,disease,GHR
"47,XYY syndrome",disease,GHR
5-alpha reductase deficiency,disease,GHR
5q minus syndrome,disease,GHR
6q24-related transient neonatal diabetes mellitus,disease,GHR
7q11.23 duplication syndrome,disease,GHR
8p11 myeloproliferative syndrome,disease,GHR
9q22.3 microdeletion,disease,GHR
A1C,disease,MPlusHealthTopics
Abdominal Pain,disease,MPlusHealthTopics
Abortion,disease,MPlusHealthTopics
Acoustic Neuroma,disease,MPlusHealthTopics
Acupuncture,disease,MPlusHealthTopics
Acute Bronchitis,disease,MPlusHealthTopics
Acute Lymphocytic Leukemia,disease,MPlusHealthTopics
Acute Myeloid Leukemia,disease,MPlusHealthTopics
Addison Disease,disease,MPlusHealthTopics
Adhesions,disease,MPlusHealthTopics
Adoption,disease,MPlusHealthTopics
Adrenal Gland Cancer,disease,MPlusHealthTopics
Adrenal Gland Disorders,disease,MPlusHealthTopics
Advance Directives,disease,MPlusHealthTopics
African American Health,disease,MPlusHealthTopics
After Surgery,disease,MPlusHealthTopics
Air Pollution,disease,MPlusHealthTopics
Alcohol,disease,MPlusHealthTopics
Alcoholism and Alcohol Abuse,disease,MPlusHealthTopics
Allergy,disease,MPlusHealthTopics
Alpha-1 Antitrypsin Deficiency,disease,MPlusHealthTopics
Alzheimer's Caregivers,disease,MPlusHealthTopics
Alzheimer's Disease,disease,MPlusHealthTopics
Amyloidosis,disease,MPlusHealthTopics
Amyotrophic Lateral Sclerosis,disease,MPlusHealthTopics
Anabolic Steroids,disease,MPlusHealthTopics
Anal Disorders,disease,MPlusHealthTopics
Anatomy,disease,MPlusHealthTopics
Anesthesia,disease,MPlusHealthTopics
Aneurysms,disease,MPlusHealthTopics
Angioplasty,disease,MPlusHealthTopics
Animal Bites,disease,MPlusHealthTopics
Animal Diseases and Your Health,disease,MPlusHealthTopics
Ankle Injuries and Disorders,disease,MPlusHealthTopics
Ankylosing Spondylitis,disease,MPlusHealthTopics
Antibiotic Resistance,disease,MPlusHealthTopics
Antibiotics,disease,MPlusHealthTopics
Antidepressants,disease,MPlusHealthTopics
Antioxidants,disease,MPlusHealthTopics
Anxiety,disease,MPlusHealthTopics
Aortic Aneurysm,disease,MPlusHealthTopics
Aphasia,disease,MPlusHealthTopics
Aplastic Anemia,disease,MPlusHealthTopics
Arm Injuries and Disorders,disease,MPlusHealthTopics
Arrhythmia,disease,MPlusHealthTopics
Arsenic,disease,MPlusHealthTopics
Arteriovenous Malformations,disease,MPlusHealthTopics
Artificial Limbs,disease,MPlusHealthTopics
Asbestos,disease,MPlusHealthTopics
Asian American Health,disease,MPlusHealthTopics
Assisted Living,disease,MPlusHealthTopics
Assisted Reproductive Technology,disease,MPlusHealthTopics
Assistive Devices,disease,MPlusHealthTopics
Asthma in Children,disease,MPlusHealthTopics
Ataxia Telangiectasia,disease,MPlusHealthTopics
Atherosclerosis,disease,MPlusHealthTopics
Athlete's Foot,disease,MPlusHealthTopics
Atrial Fibrillation,disease,MPlusHealthTopics
Attention Deficit Hyperactivity Disorder,disease,MPlusHealthTopics
Autism Spectrum Disorder,disease,MPlusHealthTopics
Autoimmune Diseases,disease,MPlusHealthTopics
Autonomic Nervous System Disorders,disease,MPlusHealthTopics
B Vitamins,disease,MPlusHealthTopics
Baby Health Checkup,disease,MPlusHealthTopics
Back Injuries,disease,MPlusHealthTopics
Back Pain,disease,MPlusHealthTopics
Bacterial Infections,disease,MPlusHealthTopics
Bad Breath,disease,MPlusHealthTopics
Balance Problems,disease,MPlusHealthTopics
Barotrauma,disease,MPlusHealthTopics
Bedbugs,disease,MPlusHealthTopics
Behcet's Syndrome,disease,MPlusHealthTopics
Bell's Palsy,disease,MPlusHealthTopics
Benign Tumors,disease,MPlusHealthTopics
Bereavement,disease,MPlusHealthTopics
Bile Duct Cancer,disease,MPlusHealthTopics
Bile Duct Diseases,disease,MPlusHealthTopics
Biodefense and Bioterrorism,disease,MPlusHealthTopics
Bipolar Disorder,disease,MPlusHealthTopics
Bird Flu,disease,MPlusHealthTopics
Birth Control,disease,MPlusHealthTopics
Birth Defects,disease,MPlusHealthTopics
Birth Weight,disease,MPlusHealthTopics
Birthmarks,disease,MPlusHealthTopics
Bladder Cancer,disease,MPlusHealthTopics
Bladder Diseases,disease,MPlusHealthTopics
Bleeding Disorders,disease,MPlusHealthTopics
Blood,disease,MPlusHealthTopics
Blood Clots,disease,MPlusHealthTopics
Blood Count Tests,disease,MPlusHealthTopics
Blood Disorders,disease,MPlusHealthTopics
Blood Pressure Medicines,disease,MPlusHealthTopics
Blood Sugar,disease,MPlusHealthTopics
Blood Thinners,disease,MPlusHealthTopics
Blood Transfusion and Donation,disease,MPlusHealthTopics
Body Weight,disease,MPlusHealthTopics
Bone Cancer,disease,MPlusHealthTopics
Bone Density,disease,MPlusHealthTopics
Bone Diseases,disease,MPlusHealthTopics
Bone Grafts,disease,MPlusHealthTopics
Bone Infections,disease,MPlusHealthTopics
Bone Marrow Diseases,disease,MPlusHealthTopics
Bone Marrow Transplantation,disease,MPlusHealthTopics
Botox,disease,MPlusHealthTopics
Bowel Incontinence,disease,MPlusHealthTopics
Bowel Movement,disease,MPlusHealthTopics
Brachial Plexus Injuries,disease,MPlusHealthTopics
Brain Aneurysm,disease,MPlusHealthTopics
Brain Diseases,disease,MPlusHealthTopics
Brain Malformations,disease,MPlusHealthTopics
Brain Tumors,disease,MPlusHealthTopics
Breast Diseases,disease,MPlusHealthTopics
Breast Reconstruction,disease,MPlusHealthTopics
Breastfeeding,disease,MPlusHealthTopics
Breathing Problems,disease,MPlusHealthTopics
Bronchial Disorders,disease,MPlusHealthTopics
Bruises,disease,MPlusHealthTopics
Bullying,disease,MPlusHealthTopics
Caffeine,disease,MPlusHealthTopics
Calcium,disease,MPlusHealthTopics
Campylobacter Infections,disease,MPlusHealthTopics
Cancer Alternative Therapies,disease,MPlusHealthTopics
Cancer Chemotherapy,disease,MPlusHealthTopics
Cancer in Children,disease,MPlusHealthTopics
Cancer--Living with Cancer,disease,MPlusHealthTopics
Canker Sores,disease,MPlusHealthTopics
Carbon Monoxide Poisoning,disease,MPlusHealthTopics
Carcinoid Tumors,disease,MPlusHealthTopics
Cardiac Arrest,disease,MPlusHealthTopics
Cardiac Rehabilitation,disease,MPlusHealthTopics
Caregivers,disease,MPlusHealthTopics
Carotid Artery Disease,disease,MPlusHealthTopics
Carpal Tunnel Syndrome,disease,MPlusHealthTopics
Cartilage Disorders,disease,MPlusHealthTopics
Cat Scratch Disease,disease,MPlusHealthTopics
Cataract,disease,MPlusHealthTopics
Celiac Disease,disease,MPlusHealthTopics
Cerebellar Disorders,disease,MPlusHealthTopics
Cerebral Palsy,disease,MPlusHealthTopics
Cervical Cancer,disease,MPlusHealthTopics
Cervical Cancer Screening,disease,MPlusHealthTopics
Cervix Disorders,disease,MPlusHealthTopics
Cesarean Section,disease,MPlusHealthTopics
Chagas Disease,disease,MPlusHealthTopics
Charcot-Marie-Tooth Disease,disease,MPlusHealthTopics
Chemical Emergencies,disease,MPlusHealthTopics
Chest Injuries and Disorders,disease,MPlusHealthTopics
Chest Pain,disease,MPlusHealthTopics
Chiari Malformation,disease,MPlusHealthTopics
Chikungunya,disease,MPlusHealthTopics
Child Abuse,disease,MPlusHealthTopics
Child Behavior Disorders,disease,MPlusHealthTopics
Child Care,disease,MPlusHealthTopics
Child Dental Health,disease,MPlusHealthTopics
Child Development,disease,MPlusHealthTopics
Child Mental Health,disease,MPlusHealthTopics
Child Nutrition,disease,MPlusHealthTopics
Child Safety,disease,MPlusHealthTopics
Child Sexual Abuse,disease,MPlusHealthTopics
Childbirth,disease,MPlusHealthTopics
Childbirth Problems,disease,MPlusHealthTopics
Childhood Brain Tumors,disease,MPlusHealthTopics
Childhood Immunization,disease,MPlusHealthTopics
Childhood Leukemia,disease,MPlusHealthTopics
Children's Health,disease,MPlusHealthTopics
Children's Page,disease,MPlusHealthTopics
Chiropractic,disease,MPlusHealthTopics
Chlamydia Infections,disease,MPlusHealthTopics
Choking,disease,MPlusHealthTopics
Cholesterol,disease,MPlusHealthTopics
Choosing a Doctor or Health Care Service,disease,MPlusHealthTopics
Chronic Bronchitis,disease,MPlusHealthTopics
Chronic Fatigue Syndrome,disease,MPlusHealthTopics
Chronic Kidney Disease,disease,MPlusHealthTopics
Chronic Myeloid Leukemia,disease,MPlusHealthTopics
Chronic Pain,disease,MPlusHealthTopics
Cleft Lip and Palate,disease,MPlusHealthTopics
Climate Change,disease,MPlusHealthTopics
Clinical Trials,disease,MPlusHealthTopics
Cloning,disease,MPlusHealthTopics
Clostridium Difficile Infections,disease,MPlusHealthTopics
Club Drugs,disease,MPlusHealthTopics
Cocaine,disease,MPlusHealthTopics
Cochlear Implants,disease,MPlusHealthTopics
Cold and Cough Medicines,disease,MPlusHealthTopics
Cold Sores,disease,MPlusHealthTopics
Collapsed Lung,disease,MPlusHealthTopics
College Health,disease,MPlusHealthTopics
Colonic Diseases,disease,MPlusHealthTopics
Colonic Polyps,disease,MPlusHealthTopics
Color Blindness,disease,MPlusHealthTopics
Coma,disease,MPlusHealthTopics
Common Cold,disease,MPlusHealthTopics
Common Infant and Newborn Problems,disease,MPlusHealthTopics
Complementary and Integrative Medicine,disease,MPlusHealthTopics
Complex Regional Pain Syndrome,disease,MPlusHealthTopics
Compulsive Gambling,disease,MPlusHealthTopics
Congenital Heart Defects,disease,MPlusHealthTopics
Connective Tissue Disorders,disease,MPlusHealthTopics
COPD,disease,MPlusHealthTopics
Coping with Chronic Illness,disease,MPlusHealthTopics
Coping with Disasters,disease,MPlusHealthTopics
Corneal Disorders,disease,MPlusHealthTopics
Corns and Calluses,disease,MPlusHealthTopics
Coronary Artery Bypass Surgery,disease,MPlusHealthTopics
Coronary Artery Disease,disease,MPlusHealthTopics
Coronavirus Infections,disease,MPlusHealthTopics
Cosmetic Dentistry,disease,MPlusHealthTopics
Cosmetics,disease,MPlusHealthTopics
Craniofacial Abnormalities,disease,MPlusHealthTopics
Creatinine,disease,MPlusHealthTopics
Creutzfeldt-Jakob Disease,disease,MPlusHealthTopics
Critical Care,disease,MPlusHealthTopics
Crohn's Disease,disease,MPlusHealthTopics
Cryptosporidiosis,disease,MPlusHealthTopics
CT Scans,disease,MPlusHealthTopics
Cushing's Syndrome,disease,MPlusHealthTopics
Cystic Fibrosis,disease,MPlusHealthTopics
Cytomegalovirus Infections,disease,MPlusHealthTopics
DASH Diet,disease,MPlusHealthTopics
Deep Vein Thrombosis,disease,MPlusHealthTopics
Degenerative Nerve Diseases,disease,MPlusHealthTopics
Dengue,disease,MPlusHealthTopics
Dental Health,disease,MPlusHealthTopics
Dentures,disease,MPlusHealthTopics
Depression,disease,MPlusHealthTopics
Developmental Disabilities,disease,MPlusHealthTopics
Diabetes and Pregnancy,disease,MPlusHealthTopics
Diabetes Complications,disease,MPlusHealthTopics
Diabetes in Children and Teens,disease,MPlusHealthTopics
Diabetes Insipidus,disease,MPlusHealthTopics
Diabetes Medicines,disease,MPlusHealthTopics
Diabetes Type 1,disease,MPlusHealthTopics
Diabetes Type 2,disease,MPlusHealthTopics
Diabetic Diet,disease,MPlusHealthTopics
Diabetic Eye Problems,disease,MPlusHealthTopics
Diabetic Foot,disease,MPlusHealthTopics
Diabetic Heart Disease,disease,MPlusHealthTopics
Diabetic Kidney Problems,disease,MPlusHealthTopics
Diabetic Nerve Problems,disease,MPlusHealthTopics
Diagnostic Imaging,disease,MPlusHealthTopics
Dialysis,disease,MPlusHealthTopics
Diarrhea,disease,MPlusHealthTopics
Dietary Fats,disease,MPlusHealthTopics
Dietary Fiber,disease,MPlusHealthTopics
Dietary Proteins,disease,MPlusHealthTopics
Dietary Supplements,disease,MPlusHealthTopics
Diets,disease,MPlusHealthTopics
Digestive Diseases,disease,MPlusHealthTopics
Disabilities,disease,MPlusHealthTopics
Disaster Preparation and Recovery,disease,MPlusHealthTopics
Dislocations,disease,MPlusHealthTopics
Diverticulosis and Diverticulitis,disease,MPlusHealthTopics
Divorce,disease,MPlusHealthTopics
Dizziness and Vertigo,disease,MPlusHealthTopics
Domestic Violence,disease,MPlusHealthTopics
Down Syndrome,disease,MPlusHealthTopics
Drinking Water,disease,MPlusHealthTopics
Drowning,disease,MPlusHealthTopics
Drug Abuse,disease,MPlusHealthTopics
Drug Reactions,disease,MPlusHealthTopics
Drug Safety,disease,MPlusHealthTopics
Drugs and Young People,disease,MPlusHealthTopics
Dry Mouth,disease,MPlusHealthTopics
Dual Diagnosis,disease,MPlusHealthTopics
Dystonia,disease,MPlusHealthTopics
E-Cigarettes,disease,MPlusHealthTopics
E. Coli Infections,disease,MPlusHealthTopics
Ear Disorders,disease,MPlusHealthTopics
Ear Infections,disease,MPlusHealthTopics
Earthquakes,disease,MPlusHealthTopics
Eating Disorders,disease,MPlusHealthTopics
Ebola,disease,MPlusHealthTopics
Ectopic Pregnancy,disease,MPlusHealthTopics
Eczema,disease,MPlusHealthTopics
Edema,disease,MPlusHealthTopics
Ehlers-Danlos Syndrome,disease,MPlusHealthTopics
Elbow Injuries and Disorders,disease,MPlusHealthTopics
Elder Abuse,disease,MPlusHealthTopics
Electromagnetic Fields,disease,MPlusHealthTopics
Emergency Medical Services,disease,MPlusHealthTopics
Emphysema,disease,MPlusHealthTopics
End of Life Issues,disease,MPlusHealthTopics
Endocrine Diseases,disease,MPlusHealthTopics
Enlarged Prostate (BPH),disease,MPlusHealthTopics
Environmental Health,disease,MPlusHealthTopics
Eosinophilic Disorders,disease,MPlusHealthTopics
Epilepsy,disease,MPlusHealthTopics
Erectile Dysfunction,disease,MPlusHealthTopics
Ergonomics,disease,MPlusHealthTopics
Esophageal Cancer,disease,MPlusHealthTopics
Esophagus Disorders,disease,MPlusHealthTopics
Evaluating Health Information,disease,MPlusHealthTopics
Exercise and Physical Fitness,disease,MPlusHealthTopics
Exercise for Children,disease,MPlusHealthTopics
Exercise for Seniors,disease,MPlusHealthTopics
Eye Cancer,disease,MPlusHealthTopics
Eye Diseases,disease,MPlusHealthTopics
Eye Infections,disease,MPlusHealthTopics
Eye Injuries,disease,MPlusHealthTopics
Eye Movement Disorders,disease,MPlusHealthTopics
Eye Wear,disease,MPlusHealthTopics
Eyelid Disorders,disease,MPlusHealthTopics
Facial Injuries and Disorders,disease,MPlusHealthTopics
Falls,disease,MPlusHealthTopics
Family History,disease,MPlusHealthTopics
Family Issues,disease,MPlusHealthTopics
Farm Health and Safety,disease,MPlusHealthTopics
Female Infertility,disease,MPlusHealthTopics
Fetal Alcohol Spectrum Disorders,disease,MPlusHealthTopics
Fetal Health and Development,disease,MPlusHealthTopics
Fifth Disease,disease,MPlusHealthTopics
Financial Assistance,disease,MPlusHealthTopics
Finger Injuries and Disorders,disease,MPlusHealthTopics
Fire Safety,disease,MPlusHealthTopics
Fires,disease,MPlusHealthTopics
First Aid,disease,MPlusHealthTopics
Fistulas,disease,MPlusHealthTopics
Floods,disease,MPlusHealthTopics
Flu Shot,disease,MPlusHealthTopics
Fluid and Electrolyte Balance,disease,MPlusHealthTopics
Folic Acid,disease,MPlusHealthTopics
Food Allergy,disease,MPlusHealthTopics
Food Labeling,disease,MPlusHealthTopics
Food Safety,disease,MPlusHealthTopics
Foodborne Illness,disease,MPlusHealthTopics
Foot Health,disease,MPlusHealthTopics
Foot Injuries and Disorders,disease,MPlusHealthTopics
Foreign Bodies,disease,MPlusHealthTopics
Fractures,disease,MPlusHealthTopics
Fragile X Syndrome,disease,MPlusHealthTopics
Friedreich's Ataxia,disease,MPlusHealthTopics
Fungal Infections,disease,MPlusHealthTopics
G6PD Deficiency,disease,MPlusHealthTopics
Gallbladder Diseases,disease,MPlusHealthTopics
Gas,disease,MPlusHealthTopics
Gastroenteritis,disease,MPlusHealthTopics
Gastrointestinal Bleeding,disease,MPlusHealthTopics
Gaucher Disease,disease,MPlusHealthTopics
"Gay, Lesbian, Bisexual and Transgender Health",disease,MPlusHealthTopics
Genes and Gene Therapy,disease,MPlusHealthTopics
Genetic Brain Disorders,disease,MPlusHealthTopics
Genetic Counseling,disease,MPlusHealthTopics
Genetic Disorders,disease,MPlusHealthTopics
Genetic Testing,disease,MPlusHealthTopics
Genital Herpes,disease,MPlusHealthTopics
Genital Warts,disease,MPlusHealthTopics
GERD,disease,MPlusHealthTopics
Germs and Hygiene,disease,MPlusHealthTopics
Giant Cell Arteritis,disease,MPlusHealthTopics
Giardia Infections,disease,MPlusHealthTopics
Gluten Sensitivity,disease,MPlusHealthTopics
Granulomatosis with Polyangiitis,disease,MPlusHealthTopics
Growth Disorders,disease,MPlusHealthTopics
Guillain-Barre Syndrome,disease,MPlusHealthTopics
Gum Disease,disease,MPlusHealthTopics
Gun Safety,disease,MPlusHealthTopics
H1N1 Flu (Swine Flu),disease,MPlusHealthTopics
Haemophilus Infections,disease,MPlusHealthTopics
Hair Loss,disease,MPlusHealthTopics
Hair Problems,disease,MPlusHealthTopics
Hand Injuries and Disorders,disease,MPlusHealthTopics
Hantavirus Infections,disease,MPlusHealthTopics
Hay Fever,disease,MPlusHealthTopics
Hazardous Waste,disease,MPlusHealthTopics
Head and Neck Cancer,disease,MPlusHealthTopics
Head Injuries,disease,MPlusHealthTopics
Head Lice,disease,MPlusHealthTopics
Health Checkup,disease,MPlusHealthTopics
Health Disparities,disease,MPlusHealthTopics
Health Facilities,disease,MPlusHealthTopics
Health Fraud,disease,MPlusHealthTopics
Health Insurance,disease,MPlusHealthTopics
Health Literacy,disease,MPlusHealthTopics
Health Occupations,disease,MPlusHealthTopics
Health Problems in Pregnancy,disease,MPlusHealthTopics
Health Screening,disease,MPlusHealthTopics
Health Statistics,disease,MPlusHealthTopics
Healthy Aging,disease,MPlusHealthTopics
Healthy Living,disease,MPlusHealthTopics
Hearing Aids,disease,MPlusHealthTopics
Hearing Disorders and Deafness,disease,MPlusHealthTopics
Hearing Problems in Children,disease,MPlusHealthTopics
Heart Attack,disease,MPlusHealthTopics
Heart Disease in Women,disease,MPlusHealthTopics
Heart Diseases,disease,MPlusHealthTopics
Heart Diseases--Prevention,disease,MPlusHealthTopics
Heart Failure,disease,MPlusHealthTopics
Heart Surgery,disease,MPlusHealthTopics
Heart Transplantation,disease,MPlusHealthTopics
Heart Valve Diseases,disease,MPlusHealthTopics
Heat Illness,disease,MPlusHealthTopics
Heel Injuries and Disorders,disease,MPlusHealthTopics
Helicobacter Pylori Infections,disease,MPlusHealthTopics
Hemorrhagic Fevers,disease,MPlusHealthTopics
Hemorrhagic Stroke,disease,MPlusHealthTopics
Herbal Medicine,disease,MPlusHealthTopics
Herniated Disk,disease,MPlusHealthTopics
Heroin,disease,MPlusHealthTopics
Herpes Simplex,disease,MPlusHealthTopics
Hiatal Hernia,disease,MPlusHealthTopics
Hidradenitis Suppurativa,disease,MPlusHealthTopics
High Blood Pressure,disease,MPlusHealthTopics
High Blood Pressure in Pregnancy,disease,MPlusHealthTopics
Hip Injuries and Disorders,disease,MPlusHealthTopics
Hip Replacement,disease,MPlusHealthTopics
Hispanic American Health,disease,MPlusHealthTopics
HIV/AIDS and Infections,disease,MPlusHealthTopics
HIV/AIDS and Pregnancy,disease,MPlusHealthTopics
HIV/AIDS in Women,disease,MPlusHealthTopics
HIV/AIDS Medicines,disease,MPlusHealthTopics
Hodgkin Disease,disease,MPlusHealthTopics
Home Care Services,disease,MPlusHealthTopics
Homeless Health Concerns,disease,MPlusHealthTopics
Hormone Replacement Therapy,disease,MPlusHealthTopics
Hormones,disease,MPlusHealthTopics
Hospice Care,disease,MPlusHealthTopics
Household Products,disease,MPlusHealthTopics
HPV,disease,MPlusHealthTopics
Huntington's Disease,disease,MPlusHealthTopics
Hurricanes,disease,MPlusHealthTopics
Hyperglycemia,disease,MPlusHealthTopics
Hypoglycemia,disease,MPlusHealthTopics
Immune System and Disorders,disease,MPlusHealthTopics
Immunization,disease,MPlusHealthTopics
Impaired Driving,disease,MPlusHealthTopics
Indoor Air Pollution,disease,MPlusHealthTopics
Infant and Newborn Care,disease,MPlusHealthTopics
Infant and Newborn Development,disease,MPlusHealthTopics
Infant and Newborn Nutrition,disease,MPlusHealthTopics
Infection Control,disease,MPlusHealthTopics
Infections and Pregnancy,disease,MPlusHealthTopics
Infectious Arthritis,disease,MPlusHealthTopics
Infectious Diseases,disease,MPlusHealthTopics
Infectious Mononucleosis,disease,MPlusHealthTopics
Inhalants,disease,MPlusHealthTopics
Inhalation Injuries,disease,MPlusHealthTopics
Insect Bites and Stings,disease,MPlusHealthTopics
Insomnia,disease,MPlusHealthTopics
International Health,disease,MPlusHealthTopics
Internet Safety,disease,MPlusHealthTopics
Interstitial Cystitis,disease,MPlusHealthTopics
Interstitial Lung Diseases,disease,MPlusHealthTopics
Intestinal Cancer,disease,MPlusHealthTopics
Intestinal Obstruction,disease,MPlusHealthTopics
Iron,disease,MPlusHealthTopics
Irritable Bowel Syndrome,disease,MPlusHealthTopics
Ischemic Stroke,disease,MPlusHealthTopics
Islet Cell Transplantation,disease,MPlusHealthTopics
Jaw Injuries and Disorders,disease,MPlusHealthTopics
Joint Disorders,disease,MPlusHealthTopics
Juvenile Arthritis,disease,MPlusHealthTopics
Kaposi's Sarcoma,disease,MPlusHealthTopics
Kawasaki Disease,disease,MPlusHealthTopics
Kidney Cancer,disease,MPlusHealthTopics
Kidney Cysts,disease,MPlusHealthTopics
Kidney Diseases,disease,MPlusHealthTopics
Kidney Failure,disease,MPlusHealthTopics
Kidney Stones,disease,MPlusHealthTopics
Kidney Transplantation,disease,MPlusHealthTopics
Klinefelter's Syndrome,disease,MPlusHealthTopics
Knee Injuries and Disorders,disease,MPlusHealthTopics
Knee Replacement,disease,MPlusHealthTopics
Laboratory Tests,disease,MPlusHealthTopics
Lactose Intolerance,disease,MPlusHealthTopics
Laser Eye Surgery,disease,MPlusHealthTopics
Latex Allergy,disease,MPlusHealthTopics
Lead Poisoning,disease,MPlusHealthTopics
Learning Disorders,disease,MPlusHealthTopics
Leg Injuries and Disorders,disease,MPlusHealthTopics
Legionnaires' Disease,disease,MPlusHealthTopics
Leukodystrophies,disease,MPlusHealthTopics
Lewy Body Disease,disease,MPlusHealthTopics
Lice,disease,MPlusHealthTopics
Limb Loss,disease,MPlusHealthTopics
Listeria Infections,disease,MPlusHealthTopics
Liver Cancer,disease,MPlusHealthTopics
Liver Diseases,disease,MPlusHealthTopics
Liver Function Tests,disease,MPlusHealthTopics
Liver Transplantation,disease,MPlusHealthTopics
Living with HIV/AIDS,disease,MPlusHealthTopics
Low Blood Pressure,disease,MPlusHealthTopics
Lung Diseases,disease,MPlusHealthTopics
Lung Transplantation,disease,MPlusHealthTopics
Lyme Disease,disease,MPlusHealthTopics
Lymphatic Diseases,disease,MPlusHealthTopics
Lymphoma,disease,MPlusHealthTopics
Macular Degeneration,disease,MPlusHealthTopics
Malabsorption Syndromes,disease,MPlusHealthTopics
Male Infertility,disease,MPlusHealthTopics
Managed Care,disease,MPlusHealthTopics
Marfan Syndrome,disease,MPlusHealthTopics
Marijuana,disease,MPlusHealthTopics
Medicaid,disease,MPlusHealthTopics
Medical Device Safety,disease,MPlusHealthTopics
Medical Ethics,disease,MPlusHealthTopics
Medicare,disease,MPlusHealthTopics
Medicare Prescription Drug Coverage,disease,MPlusHealthTopics
Medication Errors,disease,MPlusHealthTopics
Medicines,disease,MPlusHealthTopics
Medicines and Children,disease,MPlusHealthTopics
Memory,disease,MPlusHealthTopics
Men's Health,disease,MPlusHealthTopics
Meniere's Disease,disease,MPlusHealthTopics
Meningococcal Infections,disease,MPlusHealthTopics
Menstruation,disease,MPlusHealthTopics
Mental Disorders,disease,MPlusHealthTopics
Mental Health,disease,MPlusHealthTopics
Mesothelioma,disease,MPlusHealthTopics
Metabolic Disorders,disease,MPlusHealthTopics
Metabolic Panel,disease,MPlusHealthTopics
Metabolic Syndrome,disease,MPlusHealthTopics
Methamphetamine,disease,MPlusHealthTopics
Mild Cognitive Impairment,disease,MPlusHealthTopics
Minerals,disease,MPlusHealthTopics
Mitral Valve Prolapse,disease,MPlusHealthTopics
Mobility Aids,disease,MPlusHealthTopics
Molds,disease,MPlusHealthTopics
Moles,disease,MPlusHealthTopics
Monkeypox Virus Infections,disease,MPlusHealthTopics
Mood Disorders,disease,MPlusHealthTopics
Motion Sickness,disease,MPlusHealthTopics
Motor Vehicle Safety,disease,MPlusHealthTopics
Mouth Disorders,disease,MPlusHealthTopics
Movement Disorders,disease,MPlusHealthTopics
MRI Scans,disease,MPlusHealthTopics
Multiple Myeloma,disease,MPlusHealthTopics
Multiple Sclerosis,disease,MPlusHealthTopics
Muscle Cramps,disease,MPlusHealthTopics
Muscle Disorders,disease,MPlusHealthTopics
Muscular Dystrophy,disease,MPlusHealthTopics
Myasthenia Gravis,disease,MPlusHealthTopics
Mycobacterial Infections,disease,MPlusHealthTopics
Nail Diseases,disease,MPlusHealthTopics
Nasal Cancer,disease,MPlusHealthTopics
Native American Health,disease,MPlusHealthTopics
Native Hawaiian and Pacific Islander Health,disease,MPlusHealthTopics
Nausea and Vomiting,disease,MPlusHealthTopics
Neck Injuries and Disorders,disease,MPlusHealthTopics
Neural Tube Defects,disease,MPlusHealthTopics
Neurologic Diseases,disease,MPlusHealthTopics
Neuromuscular Disorders,disease,MPlusHealthTopics
Newborn Screening,disease,MPlusHealthTopics
Noise,disease,MPlusHealthTopics
Norovirus Infections,disease,MPlusHealthTopics
Nose Injuries and Disorders,disease,MPlusHealthTopics
Nuclear Scans,disease,MPlusHealthTopics
Nursing Homes,disease,MPlusHealthTopics
Nutrition,disease,MPlusHealthTopics
Nutrition for Seniors,disease,MPlusHealthTopics
Nutritional Support,disease,MPlusHealthTopics
Obesity in Children,disease,MPlusHealthTopics
Obsessive-Compulsive Disorder,disease,MPlusHealthTopics
Occupational Health,disease,MPlusHealthTopics
Occupational Health for Healthcare Providers,disease,MPlusHealthTopics
Oil Spills,disease,MPlusHealthTopics
Oral Cancer,disease,MPlusHealthTopics
Organ Donation,disease,MPlusHealthTopics
Organ Transplantation,disease,MPlusHealthTopics
Orthodontia,disease,MPlusHealthTopics
Osteogenesis Imperfecta,disease,MPlusHealthTopics
Osteoporosis,disease,MPlusHealthTopics
Ostomy,disease,MPlusHealthTopics
Ovarian Cancer,disease,MPlusHealthTopics
Ovarian Cysts,disease,MPlusHealthTopics
Ovarian Disorders,disease,MPlusHealthTopics
Over-the-Counter Medicines,disease,MPlusHealthTopics
Overactive Bladder,disease,MPlusHealthTopics
Oxygen Therapy,disease,MPlusHealthTopics
Ozone,disease,MPlusHealthTopics
Pacemakers and Implantable Defibrillators,disease,MPlusHealthTopics
Paget's Disease of Bone,disease,MPlusHealthTopics
Pain,disease,MPlusHealthTopics
Pain Relievers,disease,MPlusHealthTopics
Palliative Care,disease,MPlusHealthTopics
Pancreas Transplantation,disease,MPlusHealthTopics
Pancreatic Diseases,disease,MPlusHealthTopics
Pancreatitis,disease,MPlusHealthTopics
Panic Disorder,disease,MPlusHealthTopics
Paralysis,disease,MPlusHealthTopics
Parasitic Diseases,disease,MPlusHealthTopics
Parathyroid Disorders,disease,MPlusHealthTopics
Parenting,disease,MPlusHealthTopics
Parkinson's Disease,disease,MPlusHealthTopics
Patient Rights,disease,MPlusHealthTopics
Patient Safety,disease,MPlusHealthTopics
Pelvic Inflammatory Disease,disease,MPlusHealthTopics
Pelvic Pain,disease,MPlusHealthTopics
Pelvic Support Problems,disease,MPlusHealthTopics
Pemphigus,disease,MPlusHealthTopics
Penis Disorders,disease,MPlusHealthTopics
Peptic Ulcer,disease,MPlusHealthTopics
Pericardial Disorders,disease,MPlusHealthTopics
Peripheral Arterial Disease,disease,MPlusHealthTopics
Peripheral Nerve Disorders,disease,MPlusHealthTopics
Peritoneal Disorders,disease,MPlusHealthTopics
Personal Health Records,disease,MPlusHealthTopics
Personality Disorders,disease,MPlusHealthTopics
Pet Health,disease,MPlusHealthTopics
Phobias,disease,MPlusHealthTopics
Piercing and Tattoos,disease,MPlusHealthTopics
Pinkeye,disease,MPlusHealthTopics
Pituitary Disorders,disease,MPlusHealthTopics
Plastic and Cosmetic Surgery,disease,MPlusHealthTopics
Platelet Disorders,disease,MPlusHealthTopics
Pleural Disorders,disease,MPlusHealthTopics
Pneumococcal Infections,disease,MPlusHealthTopics
Pneumocystis Infections,disease,MPlusHealthTopics
Pneumonia,disease,MPlusHealthTopics
"Poison Ivy, Oak and Sumac",disease,MPlusHealthTopics
Polio and Post-Polio Syndrome,disease,MPlusHealthTopics
Polycystic Ovary Syndrome,disease,MPlusHealthTopics
Polymyalgia Rheumatica,disease,MPlusHealthTopics
Post-Traumatic Stress Disorder,disease,MPlusHealthTopics
Postpartum Care,disease,MPlusHealthTopics
Postpartum Depression,disease,MPlusHealthTopics
Potassium,disease,MPlusHealthTopics
Prader-Willi Syndrome,disease,MPlusHealthTopics
Preconception Care,disease,MPlusHealthTopics
Pregnancy,disease,MPlusHealthTopics
Pregnancy and Medicines,disease,MPlusHealthTopics
Pregnancy and Nutrition,disease,MPlusHealthTopics
Pregnancy and Substance Abuse,disease,MPlusHealthTopics
Premature Babies,disease,MPlusHealthTopics
Premature Ovarian Failure,disease,MPlusHealthTopics
Premenstrual Syndrome,disease,MPlusHealthTopics
Prenatal Care,disease,MPlusHealthTopics
Prenatal Testing,disease,MPlusHealthTopics
Prescription Drug Abuse,disease,MPlusHealthTopics
Pressure Sores,disease,MPlusHealthTopics
Preterm Labor,disease,MPlusHealthTopics
Progressive Supranuclear Palsy,disease,MPlusHealthTopics
Prostate Cancer Screening,disease,MPlusHealthTopics
Prostate Diseases,disease,MPlusHealthTopics
Psoriatic Arthritis,disease,MPlusHealthTopics
Psychotic Disorders,disease,MPlusHealthTopics
Puberty,disease,MPlusHealthTopics
Pulmonary Embolism,disease,MPlusHealthTopics
Pulmonary Fibrosis,disease,MPlusHealthTopics
Pulmonary Hypertension,disease,MPlusHealthTopics
Pulmonary Rehabilitation,disease,MPlusHealthTopics
Quitting Smoking,disease,MPlusHealthTopics
Radiation Emergencies,disease,MPlusHealthTopics
Radiation Exposure,disease,MPlusHealthTopics
Radiation Therapy,disease,MPlusHealthTopics
Radon,disease,MPlusHealthTopics
Rare Diseases,disease,MPlusHealthTopics
Raynaud's Disease,disease,MPlusHealthTopics
Rectal Disorders,disease,MPlusHealthTopics
Refractive Errors,disease,MPlusHealthTopics
Rehabilitation,disease,MPlusHealthTopics
Reproductive Hazards,disease,MPlusHealthTopics
Respiratory Failure,disease,MPlusHealthTopics
Respiratory Syncytial Virus Infections,disease,MPlusHealthTopics
Restless Legs,disease,MPlusHealthTopics
Retinal Detachment,disease,MPlusHealthTopics
Retinal Disorders,disease,MPlusHealthTopics
Rett Syndrome,disease,MPlusHealthTopics
Reye Syndrome,disease,MPlusHealthTopics
Rh Incompatibility,disease,MPlusHealthTopics
Rheumatoid Arthritis,disease,MPlusHealthTopics
Rotator Cuff Injuries,disease,MPlusHealthTopics
Rotavirus Infections,disease,MPlusHealthTopics
Rural Health Concerns,disease,MPlusHealthTopics
Safety,disease,MPlusHealthTopics
Salivary Gland Disorders,disease,MPlusHealthTopics
Salmonella Infections,disease,MPlusHealthTopics
Scars,disease,MPlusHealthTopics
School Health,disease,MPlusHealthTopics
Seasonal Affective Disorder,disease,MPlusHealthTopics
Secondhand Smoke,disease,MPlusHealthTopics
Self-harm,disease,MPlusHealthTopics
Seniors' Health,disease,MPlusHealthTopics
Sexual Assault,disease,MPlusHealthTopics
Sexual Health,disease,MPlusHealthTopics
Sexual Problems in Men,disease,MPlusHealthTopics
Sexual Problems in Women,disease,MPlusHealthTopics
Sexually Transmitted Diseases,disease,MPlusHealthTopics
Shoulder Injuries and Disorders,disease,MPlusHealthTopics
Sickle Cell Anemia,disease,MPlusHealthTopics
Sjogren's Syndrome,disease,MPlusHealthTopics
Skin Aging,disease,MPlusHealthTopics
Skin Conditions,disease,MPlusHealthTopics
Skin Infections,disease,MPlusHealthTopics
Skin Pigmentation Disorders,disease,MPlusHealthTopics
Sleep Apnea,disease,MPlusHealthTopics
Sleep Disorders,disease,MPlusHealthTopics
Small Intestine Disorders,disease,MPlusHealthTopics
Smokeless Tobacco,disease,MPlusHealthTopics
Smoking,disease,MPlusHealthTopics
Smoking and Youth,disease,MPlusHealthTopics
Snoring,disease,MPlusHealthTopics
Sodium,disease,MPlusHealthTopics
Soft Tissue Sarcoma,disease,MPlusHealthTopics
Sore Throat,disease,MPlusHealthTopics
Speech and Communication Disorders,disease,MPlusHealthTopics
Speech and Language Problems in Children,disease,MPlusHealthTopics
Spider Bites,disease,MPlusHealthTopics
Spina Bifida,disease,MPlusHealthTopics
Spinal Cord Diseases,disease,MPlusHealthTopics
Spinal Cord Injuries,disease,MPlusHealthTopics
Spinal Muscular Atrophy,disease,MPlusHealthTopics
Spinal Stenosis,disease,MPlusHealthTopics
Spine Injuries and Disorders,disease,MPlusHealthTopics
Spleen Diseases,disease,MPlusHealthTopics
Sports Fitness,disease,MPlusHealthTopics
Sports Injuries,disease,MPlusHealthTopics
Sports Safety,disease,MPlusHealthTopics
Sprains and Strains,disease,MPlusHealthTopics
Staphylococcal Infections,disease,MPlusHealthTopics
Statins,disease,MPlusHealthTopics
Stem Cells,disease,MPlusHealthTopics
Steroids,disease,MPlusHealthTopics
Stillbirth,disease,MPlusHealthTopics
Stomach Cancer,disease,MPlusHealthTopics
Stomach Disorders,disease,MPlusHealthTopics
Streptococcal Infections,disease,MPlusHealthTopics
Stress,disease,MPlusHealthTopics
Stroke Rehabilitation,disease,MPlusHealthTopics
Sudden Infant Death Syndrome,disease,MPlusHealthTopics
Suicide,disease,MPlusHealthTopics
Sun Exposure,disease,MPlusHealthTopics
Surgery,disease,MPlusHealthTopics
Swallowing Disorders,disease,MPlusHealthTopics
Sweat,disease,MPlusHealthTopics
Syphilis,disease,MPlusHealthTopics
Tailbone Disorders,disease,MPlusHealthTopics
Talking With Your Doctor,disease,MPlusHealthTopics
Taste and Smell Disorders,disease,MPlusHealthTopics
Tay-Sachs Disease,disease,MPlusHealthTopics
Tears,disease,MPlusHealthTopics
Teen Development,disease,MPlusHealthTopics
Teen Health,disease,MPlusHealthTopics
Teen Mental Health,disease,MPlusHealthTopics
Teen Sexual Health,disease,MPlusHealthTopics
Teen Violence,disease,MPlusHealthTopics
Teenage Pregnancy,disease,MPlusHealthTopics
Teens' Page,disease,MPlusHealthTopics
Temporomandibular Joint Dysfunction,disease,MPlusHealthTopics
Testicular Disorders,disease,MPlusHealthTopics
"Tetanus, Diphtheria, and Pertussis Vaccines",disease,MPlusHealthTopics
Thoracic Outlet Syndrome,disease,MPlusHealthTopics
Throat Cancer,disease,MPlusHealthTopics
Throat Disorders,disease,MPlusHealthTopics
Thymus Cancer,disease,MPlusHealthTopics
Thyroid Cancer,disease,MPlusHealthTopics
Thyroid Diseases,disease,MPlusHealthTopics
Tick Bites,disease,MPlusHealthTopics
Tinea Infections,disease,MPlusHealthTopics
Toddler Development,disease,MPlusHealthTopics
Toddler Health,disease,MPlusHealthTopics
Toddler Nutrition,disease,MPlusHealthTopics
Toe Injuries and Disorders,disease,MPlusHealthTopics
Toilet Training,disease,MPlusHealthTopics
Tongue Disorders,disease,MPlusHealthTopics
Tonsils and Adenoids,disease,MPlusHealthTopics
Tooth Decay,disease,MPlusHealthTopics
Tooth Disorders,disease,MPlusHealthTopics
Tornadoes,disease,MPlusHealthTopics
Tourette Syndrome,disease,MPlusHealthTopics
Tracheal Disorders,disease,MPlusHealthTopics
Transient Ischemic Attack,disease,MPlusHealthTopics
Traumatic Brain Injury,disease,MPlusHealthTopics
Traveler's Health,disease,MPlusHealthTopics
Trigeminal Neuralgia,disease,MPlusHealthTopics
Triglycerides,disease,MPlusHealthTopics
Tsunamis,disease,MPlusHealthTopics
Tubal Ligation,disease,MPlusHealthTopics
Tuberculosis,disease,MPlusHealthTopics
Tuberous Sclerosis,disease,MPlusHealthTopics
Tumors and Pregnancy,disease,MPlusHealthTopics
Turner Syndrome,disease,MPlusHealthTopics
"Twins, Triplets, Multiple Births",disease,MPlusHealthTopics
Ulcerative Colitis,disease,MPlusHealthTopics
Uncommon Infant and Newborn Problems,disease,MPlusHealthTopics
Underage Drinking,disease,MPlusHealthTopics
Understanding Medical Research,disease,MPlusHealthTopics
Ureteral Disorders,disease,MPlusHealthTopics
Urethral Disorders,disease,MPlusHealthTopics
Urinary Incontinence,disease,MPlusHealthTopics
Urinary Tract Infections,disease,MPlusHealthTopics
Urine and Urination,disease,MPlusHealthTopics
Usher Syndrome,disease,MPlusHealthTopics
Uterine Cancer,disease,MPlusHealthTopics
Uterine Diseases,disease,MPlusHealthTopics
Uterine Fibroids,disease,MPlusHealthTopics
Vaginal Bleeding,disease,MPlusHealthTopics
Vaginal Cancer,disease,MPlusHealthTopics
Vaginal Diseases,disease,MPlusHealthTopics
Valley Fever,disease,MPlusHealthTopics
Varicose Veins,disease,MPlusHealthTopics
Vascular Diseases,disease,MPlusHealthTopics
Vasculitis,disease,MPlusHealthTopics
Vegetarian Diet,disease,MPlusHealthTopics
Veterans and Military Family Health,disease,MPlusHealthTopics
Veterans and Military Health,disease,MPlusHealthTopics
Viral Infections,disease,MPlusHealthTopics
Vision Impairment and Blindness,disease,MPlusHealthTopics
Vital Signs,disease,MPlusHealthTopics
Voice Disorders,disease,MPlusHealthTopics
Volcanoes,disease,MPlusHealthTopics
Von Hippel-Lindau Disease,disease,MPlusHealthTopics
Vulvar Disorders,disease,MPlusHealthTopics
Walking Problems,disease,MPlusHealthTopics
Water Pollution,disease,MPlusHealthTopics
Water Safety (Recreational),disease,MPlusHealthTopics
Weight Control,disease,MPlusHealthTopics
Weight Loss Surgery,disease,MPlusHealthTopics
West Nile Virus,disease,MPlusHealthTopics
Whooping Cough,disease,MPlusHealthTopics
Wilms Tumor,disease,MPlusHealthTopics
Wilson Disease,disease,MPlusHealthTopics
Winter Weather Emergencies,disease,MPlusHealthTopics
Women's Health,disease,MPlusHealthTopics
Women's Health Checkup,disease,MPlusHealthTopics
Wounds and Injuries,disease,MPlusHealthTopics
Wrist Injuries and Disorders,disease,MPlusHealthTopics
X-Rays,disease,MPlusHealthTopics
Yeast Infections,disease,MPlusHealthTopics
Zika Virus,disease,MPlusHealthTopics
Adrenal Insufficiency and Addison's Disease,disease,NIDDK
Graves' Disease,disease,NIDDK
Hashimoto's Disease,disease,NIDDK
Human Growth Hormone and Creutzfeldt-Jakob Disease Resource List,disease,NIDDK
Multiple Endocrine Neoplasia Type 1,disease,NIDDK
National Hormone and Pituitary Program (NHPP): Information for People Treated with Pituitary Human Growth Hormone (Comprehensive Report),disease,NIDDK
Pregnancy and Thyroid Disease,disease,NIDDK
Primary Hyperparathyroidism,disease,NIDDK
Anemia of Inflammation and Chronic Disease,disease,NIDDK
4 Steps to Manage Your Diabetes for Life,disease,NIDDK
Am I at Risk for Type 2 Diabetes? Taking Steps to Lower Your Risk of Getting Diabetes,disease,NIDDK
Causes of Diabetes,disease,NIDDK
"Diabetes, Heart Disease, and Stroke",disease,NIDDK
Diabetic Kidney Disease,disease,NIDDK
Diabetic Neuropathies: The Nerve Damage of Diabetes,disease,NIDDK
Diagnosis of Diabetes and Prediabetes,disease,NIDDK
Financial Help for Diabetes Care,disease,NIDDK
I Can Lower My Risk for Type 2 Diabetes: A Guide for American Indians,disease,NIDDK
Insulin Resistance and Prediabetes,disease,NIDDK
Monitor Your Diabetes,disease,NIDDK
Monogenic Forms of Diabetes: Neonatal Diabetes Mellitus and Maturity-onset Diabetes of the Young,disease,NIDDK
Prevent diabetes problems: Keep your diabetes under control,disease,NIDDK
Prevent diabetes problems: Keep your eyes healthy,disease,NIDDK
Prevent diabetes problems: Keep your feet healthy,disease,NIDDK
Prevent diabetes problems: Keep your heart and blood vessels healthy,disease,NIDDK
Prevent diabetes problems: Keep your kidneys healthy,disease,NIDDK
Prevent diabetes problems: Keep your mouth healthy,disease,NIDDK
Prevent diabetes problems: Keep your nervous system healthy,disease,NIDDK
Sexual and Urologic Problems of Diabetes,disease,NIDDK
Take Care of Your Diabetes during Special Times or Events,disease,NIDDK
Take Care of Your Diabetes Each Day,disease,NIDDK
What I need to know about Eating and Diabetes,disease,NIDDK
What I need to know about Gestational Diabetes,disease,NIDDK
What I need to know about Physical Activity and Diabetes,disease,NIDDK
What I need to know about Preparing for Pregnancy if I Have Diabetes,disease,NIDDK
Your Diabetes Care Records,disease,NIDDK
Your Guide to Diabetes: Type 1 and Type 2,disease,NIDDK
Abdominal Adhesions,disease,NIDDK
Chronic Diarrhea in Children,disease,NIDDK
Cyclic Vomiting Syndrome,disease,NIDDK
Dermatitis Herpetiformis: Skin Manifestation of Celiac Disease (For Health Care Professionals),disease,NIDDK
Diverticular Disease,disease,NIDDK
Dumping Syndrome,disease,NIDDK
Fecal Incontinence,disease,NIDDK
Foodborne Illnesses,disease,NIDDK
Gas in the Digestive Tract,disease,NIDDK
Inguinal Hernia,disease,NIDDK
Intestinal Pseudo-obstruction,disease,NIDDK
Irritable Bowel Syndrome in Children,disease,NIDDK
Mntriers Disease,disease,NIDDK
Microscopic Colitis: Collagenous Colitis and Lymphocytic Colitis,disease,NIDDK
Short Bowel Syndrome,disease,NIDDK
Smoking and the Digestive System,disease,NIDDK
Viral Gastroenteritis,disease,NIDDK
What I need to know about Crohn's Disease,disease,NIDDK
What I need to know about Diarrhea,disease,NIDDK
What I need to know about Diverticular Disease,disease,NIDDK
What I need to know about Gas,disease,NIDDK
What I need to know about Hirschsprung Disease,disease,NIDDK
What I need to know about Lactose Intolerance,disease,NIDDK
Whipple Disease,disease,NIDDK
Zollinger-Ellison Syndrome,disease,NIDDK
Acquired Cystic Kidney Disease,disease,NIDDK
Amyloidosis and Kidney Disease,disease,NIDDK
Analgesic Nephropathy (Painkillers and the Kidneys),disease,NIDDK
Anemia in Chronic Kidney Disease,disease,NIDDK
Childhood Nephrotic Syndrome,disease,NIDDK
Mineral and Bone Disorder in Chronic Kidney Disease,disease,NIDDK
Ectopic Kidney,disease,NIDDK
Facing the Challenges of Chronic Kidney Disease in Children,disease,NIDDK
Glomerular Diseases,disease,NIDDK
Goodpasture Syndrome,disease,NIDDK
Growth Failure in Children with Chronic Kidney Disease,disease,NIDDK
Hemolytic Uremic Syndrome in Children,disease,NIDDK
Henoch-Schnlein Purpura,disease,NIDDK
High Blood Pressure and Kidney Disease,disease,NIDDK
IgA Nephropathy,disease,NIDDK
Kidney Disease of Diabetes,disease,NIDDK
Kidney Dysplasia,disease,NIDDK
Kidney Failure: Choosing a Treatment That's Right for You,disease,NIDDK
Kidney Failure: Eat Right to Feel Right on Hemodialysis,disease,NIDDK
Kidney Failure: What to Expect,disease,NIDDK
Lupus Nephritis,disease,NIDDK
Medullary Sponge Kidney,disease,NIDDK
Nephrotic Syndrome in Adults,disease,NIDDK
Nutrition for Advanced Chronic Kidney Disease in Adults,disease,NIDDK
Nutrition for Early Chronic Kidney Disease in Adults,disease,NIDDK
Overview of Kidney Disease in Children,disease,NIDDK
Polycystic Kidney Disease,disease,NIDDK
Proteinuria,disease,NIDDK
Pyelonephritis: Kidney Infection,disease,NIDDK
Renal Artery Stenosis,disease,NIDDK
Renal Tubular Acidosis,disease,NIDDK
Simple Kidney Cysts,disease,NIDDK
Solitary Kidney,disease,NIDDK
Treatment Methods for Kidney Failure: Peritoneal Dialysis,disease,NIDDK
Treatment Methods for Kidney Failure in Children,disease,NIDDK
Treatment Methods for Kidney Failure: Hemodialysis,disease,NIDDK
Treatment Methods for Kidney Failure: Kidney Transplantation,disease,NIDDK
What I need to know about Kidney Failure and How Its Treated,disease,NIDDK
What I need to know about Living with Kidney Failure,disease,NIDDK
Alagille Syndrome,disease,NIDDK
Autoimmune Hepatitis,disease,NIDDK
Biliary Atresia,disease,NIDDK
Hepatitis B: What Asian and Pacific Islander Americans Need to Know,disease,NIDDK
Nonalcoholic Steatohepatitis,disease,NIDDK
Primary Biliary Cirrhosis,disease,NIDDK
Primary Sclerosing Cholangitis,disease,NIDDK
Viral Hepatitis: A through E and Beyond,disease,NIDDK
What I need to know about Cirrhosis,disease,NIDDK
What I need to know about Hepatitis A,disease,NIDDK
What I need to know about Hepatitis B,disease,NIDDK
What I need to know about Hepatitis C,disease,NIDDK
Cystocele,disease,NIDDK
Hematuria (Blood in the Urine),disease,NIDDK
Kidney Stones in Adults,disease,NIDDK
Kidney Stones in Children,disease,NIDDK
Nerve Disease and Bladder Control,disease,NIDDK
Perineal Injury in Males,disease,NIDDK
Peyronie's Disease,disease,NIDDK
Prostate Enlargement: Benign Prostatic Hyperplasia,disease,NIDDK
Urinary Incontinence in Children,disease,NIDDK
Urinary Incontinence in Men,disease,NIDDK
Urinary Retention,disease,NIDDK
Urinary Tract Infection In Adults,disease,NIDDK
Urinary Tract Infections in Children,disease,NIDDK
Urine Blockage in Newborns,disease,NIDDK
Vesicoureteral Reflux,disease,NIDDK
What I need to know about Bladder Control for Women,disease,NIDDK
What I need to know about Erectile Dysfunction,disease,NIDDK
What I need to know about Interstitial Cystitis/Painful Bladder Syndrome,disease,NIDDK
What I need to know about Kidney Stones,disease,NIDDK
What I need to know about My Child's Urinary Tract Infection,disease,NIDDK
Absence of the Septum Pellucidum,disease,NINDS
Acid Lipase Disease,disease,NINDS
Pompe Disease,disease,NINDS
Landau-Kleffner Syndrome,disease,NINDS
Acute Disseminated Encephalomyelitis,disease,NINDS
Attention Deficit-Hyperactivity Disorder,disease,NINDS
Agenesis of the Corpus Callosum,disease,NINDS
Agnosia,disease,NINDS
Aicardi Syndrome,disease,NINDS
Aicardi-Goutieres Syndrome Disorder,disease,NINDS
Neurological Complications of AIDS,disease,NINDS
Alexander Disease,disease,NINDS
Alpers' Disease,disease,NINDS
Alternating Hemiplegia,disease,NINDS
Cerebral Aneurysms,disease,NINDS
Angelman Syndrome,disease,NINDS
Von Hippel-Lindau Disease (VHL),disease,NINDS
Cerebral Hypoxia,disease,NINDS
Antiphospholipid Syndrome,disease,NINDS
Arachnoid Cysts,disease,NINDS
Arachnoiditis,disease,NINDS
Arteriovenous Malformation,disease,NINDS
Asperger Syndrome,disease,NINDS
Ataxia,disease,NINDS
Atrial Fibrillation and Stroke,disease,NINDS
Autism,disease,NINDS
Dysautonomia,disease,NINDS
Barth Syndrome,disease,NINDS
Batten Disease,disease,NINDS
Myotonia Congenita,disease,NINDS
Behcet's Disease,disease,NINDS
Benign Essential Blepharospasm,disease,NINDS
Monomelic Amyotrophy,disease,NINDS
Pseudotumor Cerebri,disease,NINDS
Meralgia Paresthetica,disease,NINDS
Binswanger's Disease,disease,NINDS
Incontinentia Pigmenti,disease,NINDS
Erb-Duchenne and Dejerine-Klumpke Palsies,disease,NINDS
Orthostatic Hypotension,disease,NINDS
Brain and Spinal Tumors,disease,NINDS
Brown-Sequard Syndrome,disease,NINDS
Kennedy's Disease,disease,NINDS
Canavan Disease,disease,NINDS
Cavernous Malformation,disease,NINDS
Central Cord Syndrome,disease,NINDS
Central Pain Syndrome,disease,NINDS
Central Pontine Myelinolysis,disease,NINDS
Cephalic Disorders,disease,NINDS
Farber's Disease,disease,NINDS
Cerebellar Degeneration,disease,NINDS
Cerebellar Hypoplasia,disease,NINDS
Cerebral Arteriosclerosis,disease,NINDS
Cerebral Atrophy,disease,NINDS
Wernicke-Korsakoff Syndrome,disease,NINDS
Sotos Syndrome,disease,NINDS
Cerebro-Oculo-Facio-Skeletal Syndrome (COFS),disease,NINDS
Chorea,disease,NINDS
Chronic Inflammatory Demyelinating Polyneuropathy (CIDP),disease,NINDS
Postural Tachycardia Syndrome,disease,NINDS
Coffin Lowry Syndrome,disease,NINDS
Moebius Syndrome,disease,NINDS
Congenital Myasthenia,disease,NINDS
Congenital Myopathy,disease,NINDS
Corticobasal Degeneration,disease,NINDS
Vasculitis Syndromes of the Central and Peripheral Nervous Systems,disease,NINDS
Repetitive Motion Disorders,disease,NINDS
Neurological Consequences of Cytomegalovirus Infection,disease,NINDS
Opsoclonus Myoclonus,disease,NINDS
Dandy-Walker Syndrome,disease,NINDS
Subacute Sclerosing Panencephalitis,disease,NINDS
Septo-Optic Dysplasia,disease,NINDS
Deep Brain Stimulation for Parkinson's Disease,disease,NINDS
Multi-Infarct Dementia,disease,NINDS
Frontotemporal Dementia,disease,NINDS
Dementia With Lewy Bodies,disease,NINDS
Dyssynergia Cerebellaris Myoclonica,disease,NINDS
Developmental Dyspraxia,disease,NINDS
Neuromyelitis Optica,disease,NINDS
Diabetic Neuropathy,disease,NINDS
Schilder's Disease,disease,NINDS
Dravet Syndrome,disease,NINDS
Dysgraphia,disease,NINDS
Dyslexia,disease,NINDS
Dystonias,disease,NINDS
Ohtahara Syndrome,disease,NINDS
Empty Sella Syndrome,disease,NINDS
Meningitis and Encephalitis,disease,NINDS
Encephalitis Lethargica,disease,NINDS
Encephaloceles,disease,NINDS
Encephalopathy,disease,NINDS
Sturge-Weber Syndrome,disease,NINDS
Todd's Paralysis,disease,NINDS
Essential Tremor,disease,NINDS
Fabry Disease,disease,NINDS
Fahr's Syndrome,disease,NINDS
Syncope,disease,NINDS
Familial Periodic Paralyses,disease,NINDS
Hereditary Spastic Paraplegia,disease,NINDS
Febrile Seizures,disease,NINDS
Fibromuscular Dysplasia,disease,NINDS
Miller Fisher Syndrome,disease,NINDS
Foot Drop,disease,NINDS
Generalized Gangliosidoses,disease,NINDS
Gerstmann's Syndrome,disease,NINDS
Gerstmann-Straussler-Scheinker Disease,disease,NINDS
Giant Axonal Neuropathy,disease,NINDS
Krabbe Disease,disease,NINDS
Glossopharyngeal Neuralgia,disease,NINDS
Guillain-Barr Syndrome,disease,NINDS
Neurodegeneration with Brain Iron Accumulation,disease,NINDS
Hemicrania Continua,disease,NINDS
Hemifacial Spasm,disease,NINDS
Hereditary Neuropathies,disease,NINDS
Refsum Disease,disease,NINDS
Herpes Zoster Oticus,disease,NINDS
Holoprosencephaly,disease,NINDS
Tropical Spastic Paraparesis,disease,NINDS
Normal Pressure Hydrocephalus,disease,NINDS
Hydromyelia,disease,NINDS
Hypersomnia,disease,NINDS
Hypertonia,disease,NINDS
Inclusion Body Myositis,disease,NINDS
Neuroaxonal dystrophy,disease,NINDS
Infantile Refsum Disease,disease,NINDS
Infantile Spasms,disease,NINDS
Inflammatory Myopathies,disease,NINDS
Iniencephaly,disease,NINDS
Whipple's Disease,disease,NINDS
Isaacs' Syndrome,disease,NINDS
Joubert Syndrome,disease,NINDS
Kearns-Sayre Syndrome,disease,NINDS
Kleine-Levin Syndrome,disease,NINDS
Klippel Feil Syndrome,disease,NINDS
Klippel-Trenaunay Syndrome (KTS),disease,NINDS
Klver-Bucy Syndrome,disease,NINDS
Lambert-Eaton Myasthenic Syndrome,disease,NINDS
Wallenberg's Syndrome,disease,NINDS
Learning Disabilities,disease,NINDS
Leigh's Disease,disease,NINDS
Lennox-Gastaut Syndrome,disease,NINDS
Lesch-Nyhan Syndrome,disease,NINDS
Lipoid Proteinosis,disease,NINDS
Lissencephaly,disease,NINDS
Locked-In Syndrome,disease,NINDS
Neurological Sequelae Of Lupus,disease,NINDS
Machado-Joseph Disease,disease,NINDS
Megalencephaly,disease,NINDS
Melkersson-Rosenthal Syndrome,disease,NINDS
Menkes Disease,disease,NINDS
Metachromatic Leukodystrophy,disease,NINDS
Mitochondrial Myopathy,disease,NINDS
Motor Neuron Diseases,disease,NINDS
Moyamoya Disease,disease,NINDS
Mucolipidoses,disease,NINDS
Mucopolysaccharidoses,disease,NINDS
Multifocal Motor Neuropathy,disease,NINDS
Multiple System Atrophy,disease,NINDS
Multiple System Atrophy with Orthostatic Hypotension,disease,NINDS
Myoclonus,disease,NINDS
Myopathy,disease,NINDS
Thyrotoxic Myopathy,disease,NINDS
Myotonia,disease,NINDS
Neuroleptic Malignant Syndrome,disease,NINDS
Neuronal Migration Disorders,disease,NINDS
Neurotoxicity,disease,NINDS
Niemann-Pick Disease,disease,NINDS
Occipital Neuralgia,disease,NINDS
Olivopontocerebellar Atrophy,disease,NINDS
Paraneoplastic Syndromes,disease,NINDS
Paresthesia,disease,NINDS
Paroxysmal Choreoathetosis,disease,NINDS
Paroxysmal Hemicrania,disease,NINDS
Parry-Romberg,disease,NINDS
Pelizaeus-Merzbacher Disease,disease,NINDS
Tarlov Cysts,disease,NINDS
Peripheral Neuropathy,disease,NINDS
Periventricular Leukomalacia,disease,NINDS
Pervasive Developmental Disorders,disease,NINDS
Pinched Nerve,disease,NINDS
Piriformis Syndrome,disease,NINDS
Post-Polio Syndrome,disease,NINDS
Primary Lateral Sclerosis,disease,NINDS
Transmissible Spongiform Encephalopathies,disease,NINDS
Tabes Dorsalis,disease,NINDS
Progressive Multifocal Leukoencephalopathy,disease,NINDS
Prosopagnosia,disease,NINDS
Rasmussen's Encephalitis,disease,NINDS
Restless Legs Syndrome,disease,NINDS
Reye's Syndrome,disease,NINDS
Sydenham Chorea,disease,NINDS
Sandhoff Disease,disease,NINDS
Shaken Baby Syndrome,disease,NINDS
Sjgren's Syndrome,disease,NINDS
Spinal Cord Infarction,disease,NINDS
Spinal Cord Injury,disease,NINDS
Stiff-Person Syndrome,disease,NINDS
Striatonigral Degeneration,disease,NINDS
SUNCT Headache,disease,NINDS
Tardive Dyskinesia,disease,NINDS
Tethered Spinal Cord Syndrome,disease,NINDS
Transverse Myelitis,disease,NINDS
Troyer Syndrome,disease,NINDS
Whiplash,disease,NINDS
Williams Syndrome,disease,NINDS
Zellweger Syndrome,disease,NINDS
Age-related Macular Degeneration,disease,NIHSeniorHealth
Alcohol Use and Older Adults,disease,NIHSeniorHealth
Alzheimer's Caregiving,disease,NIHSeniorHealth
Anxiety Disorders,disease,NIHSeniorHealth
Creating a Family Health History,disease,NIHSeniorHealth
Diabetic Retinopathy,disease,NIHSeniorHealth
Dry Eye,disease,NIHSeniorHealth
Gum (Periodontal) Disease,disease,NIHSeniorHealth
Hearing Loss,disease,NIHSeniorHealth
High Blood Cholesterol,disease,NIHSeniorHealth
Kidney Disease,disease,NIHSeniorHealth
Low Vision,disease,NIHSeniorHealth
Medicare and Continuing Care,disease,NIHSeniorHealth
Peripheral Arterial Disease (P.A.D.),disease,NIHSeniorHealth
Prescription and Illicit Drug Abuse,disease,NIHSeniorHealth
Problems with Smell,disease,NIHSeniorHealth
Problems with Taste,disease,NIHSeniorHealth
Quitting Smoking for Older Adults,disease,NIHSeniorHealth
Surviving Cancer,disease,NIHSeniorHealth
Antiphospholipid Antibody Syndrome,disease,NHLBI
ARDS,disease,NHLBI
Asbestos-Related Lung Diseases,disease,NHLBI
Broken Heart Syndrome,disease,NHLBI
Bronchitis,disease,NHLBI
Bronchopulmonary Dysplasia,disease,NHLBI
Cardiogenic Shock,disease,NHLBI
Childhood Interstitial Lung Disease,disease,NHLBI
Coronary Heart Disease,disease,NHLBI
Coronary Heart Disease Risk Factors,disease,NHLBI
Coronary Microvascular Disease,disease,NHLBI
Disseminated Intravascular Coagulation,disease,NHLBI
Fanconi Anemia,disease,NHLBI
Heart Block,disease,NHLBI
Heart Murmur,disease,NHLBI
Heart Palpitations,disease,NHLBI
Heart Valve Disease,disease,NHLBI
Hemolytic Anemia,disease,NHLBI
Holes in the Heart,disease,NHLBI
Hypersensitivity Pneumonitis,disease,NHLBI
Hypotension,disease,NHLBI
Idiopathic Pulmonary Fibrosis,disease,NHLBI
Immune Thrombocytopenia,disease,NHLBI
Iron-Deficiency Anemia,disease,NHLBI
Obesity Hypoventilation Syndrome,disease,NHLBI
Overweight and Obesity,disease,NHLBI
Patent Ductus Arteriosus,disease,NHLBI
Peripheral Artery Disease,disease,NHLBI
Pernicious Anemia,disease,NHLBI
Pleurisy and Other Pleural Disorders,disease,NHLBI
Primary Ciliary Dyskinesia,disease,NHLBI
Respiratory Distress Syndrome,disease,NHLBI
Sickle Cell Disease,disease,NHLBI
Sleep Deprivation and Deficiency,disease,NHLBI
Smoking and Your Heart,disease,NHLBI
Sudden Cardiac Arrest,disease,NHLBI
Thalassemias,disease,NHLBI
Thrombocythemia and Thrombocytosis,disease,NHLBI
Thrombotic Thrombocytopenic Purpura,disease,NHLBI
Von Willebrand Disease,disease,NHLBI
Acanthamoeba - Granulomatous Amebic Encephalitis (GAE); Keratitis,disease,CDC
Acinetobacter in Healthcare Settings,disease,CDC
Alkhurma Hemorrhagic Fever (AHF),disease,CDC
Anaplasmosis,disease,CDC
Parasites - Angiostrongyliasis (also known as Angiostrongylus Infection),disease,CDC
Parasites - Ascariasis,disease,CDC
Parasites - Babesiosis,disease,CDC
Parasites - Lice - Body Lice,disease,CDC
Crimean-Congo Hemorrhagic Fever (CCHF),disease,CDC
Chronic Fatigue Syndrome (CFS),disease,CDC
Parasites - American Trypanosomiasis (also known as Chagas Disease),disease,CDC
Chapare Hemorrhagic Fever (CHHF),disease,CDC
Varicella (Chickenpox) Vaccination,disease,CDC
Parasites - Cyclosporiasis (Cyclospora Infection),disease,CDC
Parasites - Cysticercosis,disease,CDC
Eastern Equine Encephalitis,disease,CDC
Parasites - Echinococcosis,disease,CDC
Parasites - Fascioliasis (Fasciola Infection),disease,CDC
Parasites - Lice - Head Lice,disease,CDC
Hendra Virus Disease (HeV),disease,CDC
Parasites - Hookworm,disease,CDC
2009 H1N1 Flu,disease,CDC
Kyasanur Forest Disease (KFD),disease,CDC
La Crosse Encephalitis,disease,CDC
Lymphocytic Choriomeningitis (LCM),disease,CDC
Parasites - Leishmaniasis,disease,CDC
Parasites - Loiasis,disease,CDC
Lujo Hemorrhagic Fever (LUHF),disease,CDC
Parasites - Lymphatic Filariasis,disease,CDC
Marburg hemorrhagic fever (Marburg HF),disease,CDC
Marine Toxins,disease,CDC
Omsk Hemorrhagic Fever (OHF),disease,CDC
Parasites - Paragonimiasis (also known as Paragonimus Infection),disease,CDC
Parasites - Enterobiasis (also known as Pinworm Infection),disease,CDC
"Parasites - Lice - Pubic ""Crab"" Lice",disease,CDC
Q Fever,disease,CDC
Parasites - Baylisascaris infection,disease,CDC
Rocky Mountain Spotted Fever (RMSF),disease,CDC
Parasites - Scabies,disease,CDC
Parasites - Schistosomiasis,disease,CDC
Parasites - African Trypanosomiasis (also known as Sleeping Sickness),disease,CDC
Parasites - Taeniasis,disease,CDC
Tuberculosis (TB),disease,CDC
Parasites - Toxocariasis (also known as Roundworm Infection),disease,CDC
Parasites - Toxoplasmosis (Toxoplasma infection),disease,CDC
Parasites - Trichinellosis (also known as Trichinosis),disease,CDC
Typhoid Fever,disease,CDC
Parasites - Trichuriasis (also known as Whipworm Infection),disease,CDC
Yellow Fever Vaccination,disease,CDC
Yersinia,disease,CDC
Parasites - Zoonotic Hookworm,disease,CDC
